Sep=,
SCHEMA_NAME,TABLE_NAME,COLUMN_NAME,DATA_TYPE,SENSITIVE_CATEGORY,SENSITIVE_TYPE,FULLY_QUALIFIED_COLUMN_NAME,NUM_ROWS,COLUMN_COMMENT
"DMS_ADMIN","MASK_DATA","CITY","VARCHAR2","BIOGRAPHIC INFO - ADDRESS","CITY","DMS_ADMIN.MASK_DATA.CITY",10000,""
"DMS_ADMIN","MASK_DATA","GIVENNAME","VARCHAR2","IDENTIFICATION INFO - PUBLIC IDS","FIRST NAME","DMS_ADMIN.MASK_DATA.GIVENNAME",10000,""
"DMS_ADMIN","MASK_DATA","STREETADDRESS","VARCHAR2","BIOGRAPHIC INFO - ADDRESS","STREET","DMS_ADMIN.MASK_DATA.STREETADDRESS",10000,""
"DMS_ADMIN","MASK_DATA","SURNAME","VARCHAR2","IDENTIFICATION INFO - PUBLIC IDS","LAST NAME","DMS_ADMIN.MASK_DATA.SURNAME",10000,""
"DMS_ADMIN","MASK_DATA","TELEPHONENUMBER","VARCHAR2","IDENTIFICATION INFO - PUBLIC IDS","PHONE NUMBER","DMS_ADMIN.MASK_DATA.TELEPHONENUMBER",10000,""
"DMS_ADMIN","MASK_DATA","USERNAME","VARCHAR2","IT INFO - USER DATA","USER ID","DMS_ADMIN.MASK_DATA.USERNAME",10000,""
"DMS_ADMIN","MASK_DATA","ZIPCODE","VARCHAR2","BIOGRAPHIC INFO - ADDRESS","POSTAL CODE","DMS_ADMIN.MASK_DATA.ZIPCODE",10000,""
"EMPLOYEESEARCH_DEV","DEMO_HR_EMPLOYEES","ADDRESS_1","VARCHAR2","BIOGRAPHIC INFO - ADDRESS","FULL ADDRESS","EMPLOYEESEARCH_DEV.DEMO_HR_EMPLOYEES.ADDRESS_1",1000,""
"EMPLOYEESEARCH_DEV","DEMO_HR_EMPLOYEES","ADDRESS_2","VARCHAR2","BIOGRAPHIC INFO - ADDRESS","FULL ADDRESS","EMPLOYEESEARCH_DEV.DEMO_HR_EMPLOYEES.ADDRESS_2",1000,""
"EMPLOYEESEARCH_DEV","DEMO_HR_EMPLOYEES","CC_PIN","NUMBER","FINANCIAL INFO - CARD DATA","CARD SECURITY PIN","EMPLOYEESEARCH_DEV.DEMO_HR_EMPLOYEES.CC_PIN",1000,""
"EMPLOYEESEARCH_DEV","DEMO_HR_EMPLOYEES","CITY","VARCHAR2","BIOGRAPHIC INFO - ADDRESS","CITY","EMPLOYEESEARCH_DEV.DEMO_HR_EMPLOYEES.CITY",1000,""
"EMPLOYEESEARCH_DEV","DEMO_HR_EMPLOYEES","COUNTRY","VARCHAR2","BIOGRAPHIC INFO - ADDRESS","COUNTRY","EMPLOYEESEARCH_DEV.DEMO_HR_EMPLOYEES.COUNTRY",1000,""
"EMPLOYEESEARCH_DEV","DEMO_HR_EMPLOYEES","DOB","DATE","BIOGRAPHIC INFO - EXTENDED PII","DATE OF BIRTH","EMPLOYEESEARCH_DEV.DEMO_HR_EMPLOYEES.DOB",1000,""
"EMPLOYEESEARCH_DEV","DEMO_HR_EMPLOYEES","EMAIL","VARCHAR2","IDENTIFICATION INFO - PUBLIC IDS","EMAIL ADDRESS","EMPLOYEESEARCH_DEV.DEMO_HR_EMPLOYEES.EMAIL",1000,""
"EMPLOYEESEARCH_DEV","DEMO_HR_EMPLOYEES","FIRSTNAME","VARCHAR2","IDENTIFICATION INFO - PUBLIC IDS","FIRST NAME","EMPLOYEESEARCH_DEV.DEMO_HR_EMPLOYEES.FIRSTNAME",1000,""
"EMPLOYEESEARCH_DEV","DEMO_HR_EMPLOYEES","LASTNAME","VARCHAR2","IDENTIFICATION INFO - PUBLIC IDS","LAST NAME","EMPLOYEESEARCH_DEV.DEMO_HR_EMPLOYEES.LASTNAME",1000,""
"EMPLOYEESEARCH_DEV","DEMO_HR_EMPLOYEES","NINO","VARCHAR2","IDENTIFICATION INFO - NATIONAL IDS","UK NATIONAL INSURANCE NUMBER (NINO)","EMPLOYEESEARCH_DEV.DEMO_HR_EMPLOYEES.NINO",1000,""
"EMPLOYEESEARCH_DEV","DEMO_HR_EMPLOYEES","POSTAL_CODE","VARCHAR2","BIOGRAPHIC INFO - ADDRESS","POSTAL CODE","EMPLOYEESEARCH_DEV.DEMO_HR_EMPLOYEES.POSTAL_CODE",1000,""
"EMPLOYEESEARCH_DEV","DEMO_HR_EMPLOYEES","SALARY","NUMBER","JOB INFO - COMPENSATION DATA","INCOME","EMPLOYEESEARCH_DEV.DEMO_HR_EMPLOYEES.SALARY",1000,""
"EMPLOYEESEARCH_DEV","DEMO_HR_EMPLOYEES","SIN","VARCHAR2","IDENTIFICATION INFO - NATIONAL IDS","CANADA SOCIAL INSURANCE NUMBER (SIN)","EMPLOYEESEARCH_DEV.DEMO_HR_EMPLOYEES.SIN",1000,""
"EMPLOYEESEARCH_DEV","DEMO_HR_EMPLOYEES","SSN","VARCHAR2","IDENTIFICATION INFO - NATIONAL IDS","US SOCIAL SECURITY NUMBER (SSN)","EMPLOYEESEARCH_DEV.DEMO_HR_EMPLOYEES.SSN",1000,""
"EMPLOYEESEARCH_DEV","DEMO_HR_EMPLOYEES","STATE","VARCHAR2","BIOGRAPHIC INFO - ADDRESS","STATE","EMPLOYEESEARCH_DEV.DEMO_HR_EMPLOYEES.STATE",1000,""
"EMPLOYEESEARCH_DEV","DEMO_HR_EMPLOYEES","USERID","NUMBER","IT INFO - USER DATA","USER ID","EMPLOYEESEARCH_DEV.DEMO_HR_EMPLOYEES.USERID",1000,""
"EMPLOYEESEARCH_DEV","DEMO_HR_ROLES","USERID","VARCHAR2","IT INFO - USER DATA","USER ID","EMPLOYEESEARCH_DEV.DEMO_HR_ROLES.USERID",26,""
"EMPLOYEESEARCH_DEV","DEMO_HR_SUPPLEMENTAL_DATA","BONUS_AMOUNT","NUMBER","JOB INFO - COMPENSATION DATA","VARIABLE INCOME","EMPLOYEESEARCH_DEV.DEMO_HR_SUPPLEMENTAL_DATA.BONUS_AMOUNT",415,""
"EMPLOYEESEARCH_DEV","DEMO_HR_SUPPLEMENTAL_DATA","PAYMENT_ACCT_NO","VARCHAR2","FINANCIAL INFO - CARD DATA","CARD NUMBER","EMPLOYEESEARCH_DEV.DEMO_HR_SUPPLEMENTAL_DATA.PAYMENT_ACCT_NO",415,""
"EMPLOYEESEARCH_DEV","DEMO_HR_SUPPLEMENTAL_DATA","ROUTING_NUMBER","VARCHAR2","FINANCIAL INFO - BANK DATA","BANK ROUTING NUMBER","EMPLOYEESEARCH_DEV.DEMO_HR_SUPPLEMENTAL_DATA.ROUTING_NUMBER",415,""
"EMPLOYEESEARCH_DEV","DEMO_HR_SUPPLEMENTAL_DATA","USERID","NUMBER","IT INFO - USER DATA","USER ID","EMPLOYEESEARCH_DEV.DEMO_HR_SUPPLEMENTAL_DATA.USERID",415,""
"EMPLOYEESEARCH_DEV","DEMO_HR_USERS","EMAIL","VARCHAR2","IDENTIFICATION INFO - PUBLIC IDS","EMAIL ADDRESS","EMPLOYEESEARCH_DEV.DEMO_HR_USERS.EMAIL",12,""
"EMPLOYEESEARCH_DEV","DEMO_HR_USERS","FIRSTNAME","VARCHAR2","IDENTIFICATION INFO - PUBLIC IDS","FIRST NAME","EMPLOYEESEARCH_DEV.DEMO_HR_USERS.FIRSTNAME",12,""
"EMPLOYEESEARCH_DEV","DEMO_HR_USERS","LASTNAME","VARCHAR2","IDENTIFICATION INFO - PUBLIC IDS","LAST NAME","EMPLOYEESEARCH_DEV.DEMO_HR_USERS.LASTNAME",12,""
"EMPLOYEESEARCH_DEV","DEMO_HR_USERS","PASSWORD","VARCHAR2","IT INFO - USER DATA","PASSWORD","EMPLOYEESEARCH_DEV.DEMO_HR_USERS.PASSWORD",12,""
"EMPLOYEESEARCH_DEV","DEMO_HR_USERS","USERID","VARCHAR2","IT INFO - USER DATA","USER ID","EMPLOYEESEARCH_DEV.DEMO_HR_USERS.USERID",12,""
"EMPLOYEESEARCH_DEV","DEMO_HR_USER_LABELS","USERID","VARCHAR2","IT INFO - USER DATA","USER ID","EMPLOYEESEARCH_DEV.DEMO_HR_USER_LABELS.USERID",12,""
"EMPLOYEESEARCH_PROD","DEMO_HR_EMPLOYEES","ADDRESS_1","VARCHAR2","BIOGRAPHIC INFO - ADDRESS","FULL ADDRESS","EMPLOYEESEARCH_PROD.DEMO_HR_EMPLOYEES.ADDRESS_1",1000,""
"EMPLOYEESEARCH_PROD","DEMO_HR_EMPLOYEES","ADDRESS_2","VARCHAR2","BIOGRAPHIC INFO - ADDRESS","FULL ADDRESS","EMPLOYEESEARCH_PROD.DEMO_HR_EMPLOYEES.ADDRESS_2",1000,""
"EMPLOYEESEARCH_PROD","DEMO_HR_EMPLOYEES","CC_PIN","NUMBER","FINANCIAL INFO - CARD DATA","CARD SECURITY PIN","EMPLOYEESEARCH_PROD.DEMO_HR_EMPLOYEES.CC_PIN",1000,""
"EMPLOYEESEARCH_PROD","DEMO_HR_EMPLOYEES","CITY","VARCHAR2","BIOGRAPHIC INFO - ADDRESS","CITY","EMPLOYEESEARCH_PROD.DEMO_HR_EMPLOYEES.CITY",1000,""
"EMPLOYEESEARCH_PROD","DEMO_HR_EMPLOYEES","COUNTRY","VARCHAR2","BIOGRAPHIC INFO - ADDRESS","COUNTRY","EMPLOYEESEARCH_PROD.DEMO_HR_EMPLOYEES.COUNTRY",1000,""
"EMPLOYEESEARCH_PROD","DEMO_HR_EMPLOYEES","DOB","DATE","BIOGRAPHIC INFO - EXTENDED PII","DATE OF BIRTH","EMPLOYEESEARCH_PROD.DEMO_HR_EMPLOYEES.DOB",1000,""
"EMPLOYEESEARCH_PROD","DEMO_HR_EMPLOYEES","EMAIL","VARCHAR2","IDENTIFICATION INFO - PUBLIC IDS","EMAIL ADDRESS","EMPLOYEESEARCH_PROD.DEMO_HR_EMPLOYEES.EMAIL",1000,""
"EMPLOYEESEARCH_PROD","DEMO_HR_EMPLOYEES","FIRSTNAME","VARCHAR2","IDENTIFICATION INFO - PUBLIC IDS","FIRST NAME","EMPLOYEESEARCH_PROD.DEMO_HR_EMPLOYEES.FIRSTNAME",1000,""
"EMPLOYEESEARCH_PROD","DEMO_HR_EMPLOYEES","LASTNAME","VARCHAR2","IDENTIFICATION INFO - PUBLIC IDS","LAST NAME","EMPLOYEESEARCH_PROD.DEMO_HR_EMPLOYEES.LASTNAME",1000,""
"EMPLOYEESEARCH_PROD","DEMO_HR_EMPLOYEES","NINO","VARCHAR2","IDENTIFICATION INFO - NATIONAL IDS","UK NATIONAL INSURANCE NUMBER (NINO)","EMPLOYEESEARCH_PROD.DEMO_HR_EMPLOYEES.NINO",1000,""
"EMPLOYEESEARCH_PROD","DEMO_HR_EMPLOYEES","POSTAL_CODE","VARCHAR2","BIOGRAPHIC INFO - ADDRESS","POSTAL CODE","EMPLOYEESEARCH_PROD.DEMO_HR_EMPLOYEES.POSTAL_CODE",1000,""
"EMPLOYEESEARCH_PROD","DEMO_HR_EMPLOYEES","SALARY","NUMBER","JOB INFO - COMPENSATION DATA","INCOME","EMPLOYEESEARCH_PROD.DEMO_HR_EMPLOYEES.SALARY",1000,""
"EMPLOYEESEARCH_PROD","DEMO_HR_EMPLOYEES","SIN","VARCHAR2","IDENTIFICATION INFO - NATIONAL IDS","CANADA SOCIAL INSURANCE NUMBER (SIN)","EMPLOYEESEARCH_PROD.DEMO_HR_EMPLOYEES.SIN",1000,""
"EMPLOYEESEARCH_PROD","DEMO_HR_EMPLOYEES","SSN","VARCHAR2","IDENTIFICATION INFO - NATIONAL IDS","US SOCIAL SECURITY NUMBER (SSN)","EMPLOYEESEARCH_PROD.DEMO_HR_EMPLOYEES.SSN",1000,""
"EMPLOYEESEARCH_PROD","DEMO_HR_EMPLOYEES","STATE","VARCHAR2","BIOGRAPHIC INFO - ADDRESS","STATE","EMPLOYEESEARCH_PROD.DEMO_HR_EMPLOYEES.STATE",1000,""
"EMPLOYEESEARCH_PROD","DEMO_HR_EMPLOYEES","USERID","NUMBER","IT INFO - USER DATA","USER ID","EMPLOYEESEARCH_PROD.DEMO_HR_EMPLOYEES.USERID",1000,""
"EMPLOYEESEARCH_PROD","DEMO_HR_ROLES","USERID","VARCHAR2","IT INFO - USER DATA","USER ID","EMPLOYEESEARCH_PROD.DEMO_HR_ROLES.USERID",26,""
"EMPLOYEESEARCH_PROD","DEMO_HR_SUPPLEMENTAL_DATA","BONUS_AMOUNT","NUMBER","JOB INFO - COMPENSATION DATA","VARIABLE INCOME","EMPLOYEESEARCH_PROD.DEMO_HR_SUPPLEMENTAL_DATA.BONUS_AMOUNT",415,""
"EMPLOYEESEARCH_PROD","DEMO_HR_SUPPLEMENTAL_DATA","PAYMENT_ACCT_NO","VARCHAR2","FINANCIAL INFO - CARD DATA","CARD NUMBER","EMPLOYEESEARCH_PROD.DEMO_HR_SUPPLEMENTAL_DATA.PAYMENT_ACCT_NO",415,""
"EMPLOYEESEARCH_PROD","DEMO_HR_SUPPLEMENTAL_DATA","ROUTING_NUMBER","VARCHAR2","FINANCIAL INFO - BANK DATA","BANK ROUTING NUMBER","EMPLOYEESEARCH_PROD.DEMO_HR_SUPPLEMENTAL_DATA.ROUTING_NUMBER",415,""
"EMPLOYEESEARCH_PROD","DEMO_HR_SUPPLEMENTAL_DATA","USERID","NUMBER","IT INFO - USER DATA","USER ID","EMPLOYEESEARCH_PROD.DEMO_HR_SUPPLEMENTAL_DATA.USERID",415,""
"EMPLOYEESEARCH_PROD","DEMO_HR_USERS","EMAIL","VARCHAR2","IDENTIFICATION INFO - PUBLIC IDS","EMAIL ADDRESS","EMPLOYEESEARCH_PROD.DEMO_HR_USERS.EMAIL",12,""
"EMPLOYEESEARCH_PROD","DEMO_HR_USERS","FIRSTNAME","VARCHAR2","IDENTIFICATION INFO - PUBLIC IDS","FIRST NAME","EMPLOYEESEARCH_PROD.DEMO_HR_USERS.FIRSTNAME",12,""
"EMPLOYEESEARCH_PROD","DEMO_HR_USERS","LASTNAME","VARCHAR2","IDENTIFICATION INFO - PUBLIC IDS","LAST NAME","EMPLOYEESEARCH_PROD.DEMO_HR_USERS.LASTNAME",12,""
"EMPLOYEESEARCH_PROD","DEMO_HR_USERS","PASSWORD","VARCHAR2","IT INFO - USER DATA","PASSWORD","EMPLOYEESEARCH_PROD.DEMO_HR_USERS.PASSWORD",12,""
"EMPLOYEESEARCH_PROD","DEMO_HR_USERS","USERID","VARCHAR2","IT INFO - USER DATA","USER ID","EMPLOYEESEARCH_PROD.DEMO_HR_USERS.USERID",12,""
"EMPLOYEESEARCH_PROD","DEMO_HR_USER_LABELS","USERID","VARCHAR2","IT INFO - USER DATA","USER ID","EMPLOYEESEARCH_PROD.DEMO_HR_USER_LABELS.USERID",12,""
"HCM1","COUNTRIES","COUNTRY_NAME","VARCHAR2","BIOGRAPHIC INFO - ADDRESS","COUNTRY","HCM1.COUNTRIES.COUNTRY_NAME",25,""
"HCM1","DEPARTMENTS","DEPARTMENT_NAME","VARCHAR2","JOB INFO - ORG DATA","DEPARTMENT NAME","HCM1.DEPARTMENTS.DEPARTMENT_NAME",27,""
"HCM1","EMPLOYEES","EMAIL","VARCHAR2","IDENTIFICATION INFO - PUBLIC IDS","EMAIL ADDRESS","HCM1.EMPLOYEES.EMAIL",107,"This is the email address."
"HCM1","EMPLOYEES","EMPLOYEE_ID","NUMBER","JOB INFO - EMPLOYEE DATA","EMPLOYEE ID NUMBER","HCM1.EMPLOYEES.EMPLOYEE_ID",107,"This is the unqiue employee identifier."
"HCM1","EMPLOYEES","FIRST_NAME","VARCHAR2","IDENTIFICATION INFO - PUBLIC IDS","FIRST NAME","HCM1.EMPLOYEES.FIRST_NAME",107,""
"HCM1","EMPLOYEES","HIRE_DATE","DATE","JOB INFO - ORG DATA","HIRE DATE","HCM1.EMPLOYEES.HIRE_DATE",107,""
"HCM1","EMPLOYEES","JOB_ID","VARCHAR2","JOB INFO - EMPLOYEE DATA","JOB CODE","HCM1.EMPLOYEES.JOB_ID",107,""
"HCM1","EMPLOYEES","LAST_NAME","VARCHAR2","IDENTIFICATION INFO - PUBLIC IDS","LAST NAME","HCM1.EMPLOYEES.LAST_NAME",107,""
"HCM1","EMPLOYEES","PHONE_NUMBER","VARCHAR2","IDENTIFICATION INFO - PUBLIC IDS","PHONE NUMBER","HCM1.EMPLOYEES.PHONE_NUMBER",107,""
"HCM1","EMPLOYEES","SALARY","NUMBER","JOB INFO - COMPENSATION DATA","INCOME","HCM1.EMPLOYEES.SALARY",107,"This is the employees salary - treat as sensitive."
"HCM1","EMP_EXTENDED","EMPLOYEE_ID","NUMBER","JOB INFO - EMPLOYEE DATA","EMPLOYEE ID NUMBER","HCM1.EMP_EXTENDED.EMPLOYEE_ID",107,""
"HCM1","EMP_EXTENDED","PAYMENTACCOUNTNO","VARCHAR2","FINANCIAL INFO - CARD DATA","CARD NUMBER","HCM1.EMP_EXTENDED.PAYMENTACCOUNTNO",107,""
"HCM1","EMP_EXTENDED","TAXPAYERID","VARCHAR2","IDENTIFICATION INFO - PERSONAL IDS","TAX ID NUMBER (TIN)","HCM1.EMP_EXTENDED.TAXPAYERID",107,""
"HCM1","JOBS","JOB_ID","VARCHAR2","JOB INFO - EMPLOYEE DATA","JOB CODE","HCM1.JOBS.JOB_ID",19,""
"HCM1","JOBS","JOB_TITLE","VARCHAR2","JOB INFO - EMPLOYEE DATA","JOB TITLE","HCM1.JOBS.JOB_TITLE",19,""
"HCM1","JOBS","MAX_SALARY","NUMBER","JOB INFO - COMPENSATION DATA","INCOME","HCM1.JOBS.MAX_SALARY",19,""
"HCM1","JOBS","MIN_SALARY","NUMBER","JOB INFO - COMPENSATION DATA","INCOME","HCM1.JOBS.MIN_SALARY",19,""
"HCM1","JOB_HISTORY","DATE_OF_HIRE","DATE","JOB INFO - ORG DATA","HIRE DATE","HCM1.JOB_HISTORY.DATE_OF_HIRE",10,"This is the hire date."
"HCM1","JOB_HISTORY","DATE_OF_TERMINATION","DATE","JOB INFO - ORG DATA","TERMINATION DATE","HCM1.JOB_HISTORY.DATE_OF_TERMINATION",10,"This is the termination date."
"HCM1","JOB_HISTORY","EMPLOYEE_ID","NUMBER","JOB INFO - EMPLOYEE DATA","EMPLOYEE ID NUMBER","HCM1.JOB_HISTORY.EMPLOYEE_ID",10,""
"HCM1","JOB_HISTORY","JOB_ID","VARCHAR2","JOB INFO - EMPLOYEE DATA","JOB CODE","HCM1.JOB_HISTORY.JOB_ID",10,""
"HCM1","LOCATIONS","CITY","VARCHAR2","BIOGRAPHIC INFO - ADDRESS","CITY","HCM1.LOCATIONS.CITY",23,""
"HCM1","LOCATIONS","POSTAL_CODE","VARCHAR2","BIOGRAPHIC INFO - ADDRESS","POSTAL CODE","HCM1.LOCATIONS.POSTAL_CODE",23,""
"HCM1","LOCATIONS","STATE_PROVINCE","VARCHAR2","BIOGRAPHIC INFO - ADDRESS","PROVINCE","HCM1.LOCATIONS.STATE_PROVINCE",23,""
"HCM1","LOCATIONS","STREET_ADDRESS","VARCHAR2","BIOGRAPHIC INFO - ADDRESS","STREET","HCM1.LOCATIONS.STREET_ADDRESS",23,""
"HCM1","SUPPLEMENTAL_DATA","BONUS_AMOUNT","NUMBER","JOB INFO - COMPENSATION DATA","VARIABLE INCOME","HCM1.SUPPLEMENTAL_DATA.BONUS_AMOUNT",149,""
"HCM1","SUPPLEMENTAL_DATA","LAST_INS_CLAIM","VARCHAR2","HEALTH INFO - PROVIDER DATA","HEALTHCARE PROVIDER","HCM1.SUPPLEMENTAL_DATA.LAST_INS_CLAIM",149,"Insurance claim must have the healthcare provider details."
"HCM1","SUPPLEMENTAL_DATA","PAYMENT_ACCT_NO","VARCHAR2","FINANCIAL INFO - CARD DATA","CARD NUMBER","HCM1.SUPPLEMENTAL_DATA.PAYMENT_ACCT_NO",149,""
"HCM1","SUPPLEMENTAL_DATA","TAXPAYER_ID","VARCHAR2","IDENTIFICATION INFO - PERSONAL IDS","TAX ID NUMBER (TIN)","HCM1.SUPPLEMENTAL_DATA.TAXPAYER_ID",149,""
"HCM1","SUPPLEMENTAL_DATA","USERNAME","VARCHAR2","IT INFO - USER DATA","USER ID","HCM1.SUPPLEMENTAL_DATA.USERNAME",149,""
"HR","COUNTRIES","COUNTRY_NAME","VARCHAR2","BIOGRAPHIC INFO - ADDRESS","COUNTRY","HR.COUNTRIES.COUNTRY_NAME",25,"Country name"
"HR","DEPARTMENTS","DEPARTMENT_NAME","VARCHAR2","JOB INFO - ORG DATA","DEPARTMENT NAME","HR.DEPARTMENTS.DEPARTMENT_NAME",27,"A not null column that shows name of a department. Administration,
Marketing, Purchasing, Human Resources, Shipping, IT, Executive, Public
Relations, Sales, Finance, and Accounting. "
"HR","DEPARTMENTS","MANAGER_ID","NUMBER","JOB INFO - EMPLOYEE DATA","EMPLOYEE ID NUMBER","HR.DEPARTMENTS.MANAGER_ID",27,"Manager_id of a department. Foreign key to employee_id column of employees table. The manager_id column of the employee table references this column."
"HR","EMPLOYEES","EMAIL","VARCHAR2","IDENTIFICATION INFO - PUBLIC IDS","EMAIL ADDRESS","HR.EMPLOYEES.EMAIL",107,"Email id of the employee"
"HR","EMPLOYEES","EMPLOYEE_ID","NUMBER","JOB INFO - EMPLOYEE DATA","EMPLOYEE ID NUMBER","HR.EMPLOYEES.EMPLOYEE_ID",107,"Primary key of employees table."
"HR","EMPLOYEES","FIRST_NAME","VARCHAR2","IDENTIFICATION INFO - PUBLIC IDS","FIRST NAME","HR.EMPLOYEES.FIRST_NAME",107,"First name of the employee. A not null column."
"HR","EMPLOYEES","HIRE_DATE","DATE","JOB INFO - ORG DATA","HIRE DATE","HR.EMPLOYEES.HIRE_DATE",107,"Date when the employee started on this job. A not null column."
"HR","EMPLOYEES","JOB_ID","VARCHAR2","JOB INFO - EMPLOYEE DATA","JOB CODE","HR.EMPLOYEES.JOB_ID",107,"Current job of the employee; foreign key to job_id column of the
jobs table. A not null column."
"HR","EMPLOYEES","LAST_NAME","VARCHAR2","IDENTIFICATION INFO - PUBLIC IDS","LAST NAME","HR.EMPLOYEES.LAST_NAME",107,"Last name of the employee. A not null column."
"HR","EMPLOYEES","MANAGER_ID","NUMBER","JOB INFO - EMPLOYEE DATA","EMPLOYEE ID NUMBER","HR.EMPLOYEES.MANAGER_ID",107,"Manager id of the employee; has same domain as manager_id in
departments table. Foreign key to employee_id column of employees table.
(useful for reflexive joins and CONNECT BY query)"
"HR","EMPLOYEES","PHONE_NUMBER","VARCHAR2","IDENTIFICATION INFO - PUBLIC IDS","PHONE NUMBER","HR.EMPLOYEES.PHONE_NUMBER",107,"Phone number of the employee; includes country code and area code"
"HR","EMPLOYEES","SALARY","NUMBER","JOB INFO - COMPENSATION DATA","INCOME","HR.EMPLOYEES.SALARY",107,"Monthly salary of the employee. Must be greater
than zero (enforced by constraint emp_salary_min)"
"HR","JOBS","JOB_ID","VARCHAR2","JOB INFO - EMPLOYEE DATA","JOB CODE","HR.JOBS.JOB_ID",19,"Primary key of jobs table."
"HR","JOBS","JOB_TITLE","VARCHAR2","JOB INFO - EMPLOYEE DATA","JOB TITLE","HR.JOBS.JOB_TITLE",19,"A not null column that shows job title, e.g. AD_VP, FI_ACCOUNTANT"
"HR","JOBS","MAX_SALARY","NUMBER","JOB INFO - COMPENSATION DATA","INCOME","HR.JOBS.MAX_SALARY",19,"Maximum salary for a job title"
"HR","JOBS","MIN_SALARY","NUMBER","JOB INFO - COMPENSATION DATA","INCOME","HR.JOBS.MIN_SALARY",19,"Minimum salary for a job title."
"HR","JOB_HISTORY","EMPLOYEE_ID","NUMBER","JOB INFO - EMPLOYEE DATA","EMPLOYEE ID NUMBER","HR.JOB_HISTORY.EMPLOYEE_ID",10,"A not null column in the complex primary key employee_id+start_date.
Foreign key to employee_id column of the employee table"
"HR","JOB_HISTORY","JOB_ID","VARCHAR2","JOB INFO - EMPLOYEE DATA","JOB CODE","HR.JOB_HISTORY.JOB_ID",10,"Job role in which the employee worked in the past; foreign key to
job_id column in the jobs table. A not null column."
"HR","JOB_HISTORY","START_DATE","DATE","JOB INFO - EMPLOYEE DATA","EMPLOYEE ID NUMBER","HR.JOB_HISTORY.START_DATE",10,"A not null column in the complex primary key employee_id+start_date.
Must be less than the end_date of the job_history table. (enforced by
constraint jhist_date_interval)"
"HR","LOCATIONS","CITY","VARCHAR2","BIOGRAPHIC INFO - ADDRESS","CITY","HR.LOCATIONS.CITY",23,"A not null column that shows city where an office, warehouse, or
production site of a company is located. "
"HR","LOCATIONS","POSTAL_CODE","VARCHAR2","BIOGRAPHIC INFO - ADDRESS","POSTAL CODE","HR.LOCATIONS.POSTAL_CODE",23,"Postal code of the location of an office, warehouse, or production site
of a company. "
"HR","LOCATIONS","STATE_PROVINCE","VARCHAR2","BIOGRAPHIC INFO - ADDRESS","PROVINCE","HR.LOCATIONS.STATE_PROVINCE",23,"State or Province where an office, warehouse, or production site of a
company is located."
"HR","LOCATIONS","STREET_ADDRESS","VARCHAR2","BIOGRAPHIC INFO - ADDRESS","STREET","HR.LOCATIONS.STREET_ADDRESS",23,"Street address of an office, warehouse, or production site of a company.
Contains building number and street name"
"HR","SUPPLEMENTAL_DATA","BONUS_AMOUNT","NUMBER","JOB INFO - COMPENSATION DATA","VARIABLE INCOME","HR.SUPPLEMENTAL_DATA.BONUS_AMOUNT",149,""
"HR","SUPPLEMENTAL_DATA","PAYMENT_ACCT_NO","VARCHAR2","FINANCIAL INFO - CARD DATA","CARD NUMBER","HR.SUPPLEMENTAL_DATA.PAYMENT_ACCT_NO",149,""
"HR","SUPPLEMENTAL_DATA","TAXPAYER_ID","VARCHAR2","IDENTIFICATION INFO - PERSONAL IDS","TAX ID NUMBER (TIN)","HR.SUPPLEMENTAL_DATA.TAXPAYER_ID",149,""
"HR","SUPPLEMENTAL_DATA","USERNAME","VARCHAR2","IT INFO - USER DATA","USER ID","HR.SUPPLEMENTAL_DATA.USERNAME",149,""
"LOOKUPS","LOOKUP_ADDRESSES","ADDRESS1","VARCHAR2","BIOGRAPHIC INFO - ADDRESS","FULL ADDRESS","LOOKUPS.LOOKUP_ADDRESSES.ADDRESS1",6215000,""
"LOOKUPS","LOOKUP_ADDRESSES","ADDRESSID","NUMBER","BIOGRAPHIC INFO - ADDRESS","FULL ADDRESS","LOOKUPS.LOOKUP_ADDRESSES.ADDRESSID",6215000,""
"LOOKUPS","LOOKUP_ADDRESSES","CITY","VARCHAR2","BIOGRAPHIC INFO - ADDRESS","CITY","LOOKUPS.LOOKUP_ADDRESSES.CITY",6215000,""
"LOOKUPS","LOOKUP_ADDRESSES","COUNTY","VARCHAR2","BIOGRAPHIC INFO - ADDRESS","COUNTY","LOOKUPS.LOOKUP_ADDRESSES.COUNTY",6215000,""
"LOOKUPS","LOOKUP_ADDRESSES","POSTALCODE","VARCHAR2","BIOGRAPHIC INFO - ADDRESS","POSTAL CODE","LOOKUPS.LOOKUP_ADDRESSES.POSTALCODE",6215000,""
"LOOKUPS","LOOKUP_ADDRESSES","STATE","VARCHAR2","BIOGRAPHIC INFO - ADDRESS","STATE","LOOKUPS.LOOKUP_ADDRESSES.STATE",6215000,""
"LOOKUPS","LOOKUP_ADDRESSES","STREETNAME","VARCHAR2","BIOGRAPHIC INFO - ADDRESS","STREET","LOOKUPS.LOOKUP_ADDRESSES.STREETNAME",6215000,""
"LOOKUPS","LOOKUP_NAMES","FIRST_NAME","VARCHAR2","IDENTIFICATION INFO - PUBLIC IDS","FIRST NAME","LOOKUPS.LOOKUP_NAMES.FIRST_NAME",2308774,""
"LOOKUPS","LOOKUP_NAMES","LAST_NAME","VARCHAR2","IDENTIFICATION INFO - PUBLIC IDS","LAST NAME","LOOKUPS.LOOKUP_NAMES.LAST_NAME",2308774,""
"LOOKUPS","LOOKUP_PLACES","CITY","VARCHAR2","BIOGRAPHIC INFO - ADDRESS","CITY","LOOKUPS.LOOKUP_PLACES.CITY",80113,""
"LOOKUPS","LOOKUP_PLACES","COUNTY","VARCHAR2","BIOGRAPHIC INFO - ADDRESS","COUNTY","LOOKUPS.LOOKUP_PLACES.COUNTY",80113,""
"LOOKUPS","LOOKUP_PLACES","PHONE_NUMBER","VARCHAR2","IDENTIFICATION INFO - PUBLIC IDS","PHONE NUMBER","LOOKUPS.LOOKUP_PLACES.PHONE_NUMBER",80113,""
"LOOKUPS","LOOKUP_PLACES","STATE","CHAR","BIOGRAPHIC INFO - ADDRESS","STATE","LOOKUPS.LOOKUP_PLACES.STATE",80113,""
"LOOKUPS","LOOKUP_PLACES","ZIPCODE","CHAR","BIOGRAPHIC INFO - ADDRESS","POSTAL CODE","LOOKUPS.LOOKUP_PLACES.ZIPCODE",80113,""
