{
    "name": "bankpv",
    "vertex_id_strategy": "keys_as_ids",
    "vertex_id_type": "long",
    "vertex_providers": [
        {
            "name": "ACCOUNT",
            "format": "rdbms",
            "database_table_name": "PACCOUNTS",
            "key_column": "ID",
            "key_type": "long",
            "props": [
                {
                    "name": "ACCOUNTNUMBER",
                    "type": "string"
                },
                {
                    "name": "BALANCE",
                    "type": "long"
                }
            ]
        },
        {
            "name": "CUSTOMER",
            "format": "rdbms",
            "database_table_name": "PCUSTOMERS",
            "key_column": "ID",
            "key_type": "long",
            "props": [
                {
                    "name": "FIRSTNAME",
                    "type": "string"
                },
                {
                    "name": "LASTNAME",
                    "type": "string"
                }
            ]
        },
        {
            "name": "CREDITCARD",
            "format": "rdbms",
            "database_table_name": "PCREDITCARDS",
            "key_column": "ID",
            "key_type": "long",
            "props": [
                {
                    "name": "ACCOUNTNUMBER",
                    "type": "string"
                },
                {
                    "name": "LIMIT",
                    "type": "long"
                },
                {
                    "name": "BALANCE",
                    "type": "long"
                },
                {
                    "name": "EXPIRATIONDATE",
                    "type": "timestamp"
                }
            ]
        },
        {
            "name": "UNSECUREDLOAN",
            "format": "rdbms",
            "database_table_name": "PUNSECUREDLOANS",
            "key_column": "ID",
            "key_type": "long",
            "props": [
                {
                    "name": "ACCOUNTNUMBER",
                    "type": "string"
                },
                {
                    "name": "LOANAMOUNT",
                    "type": "long"
                },
                {
                    "name": "BALANCE",
                    "type": "long"
                }
            ]
        },
        {
            "name": "PHONENUMBER",
            "format": "rdbms",
            "database_table_name": "PPHONENUMBERS",
            "key_column": "ID",
            "key_type": "long",
            "props": [
                {
                    "name": "PHONENUMBER",
                    "type": "string"
                }
            ]
        },
        {
            "name": "SSN",
            "format": "rdbms",
            "database_table_name": "PSSNS",
            "key_column": "ID",
            "key_type": "long",
            "props": [
                {
                    "name": "SSN",
                    "type": "string"
                }
            ]
        },
        {
            "name": "ADDRESS",
            "format": "rdbms",
            "database_table_name": "PADDRESSES",
            "key_column": "ID",
            "key_type": "long",
            "props": [
                {
                    "name": "STREET",
                    "type": "string"
                },
                {
                    "name": "CITY",
                    "type": "string"
                },
                {
                    "name": "STATE",
                    "type": "string"
                },
                {
                    "name": "ZIPCODE",
                    "type": "long"
                }
            ]
        }
    ],
    "edge_providers": [
         {
            "name": "HAS_BANKACCOUNT",
            "format": "rdbms",
            "database_table_name": "E_HAS_ACCOUNT",
            "source_column": "FROMCUSTOMER",
            "destination_column": "TOACCOUNT",
            "source_vertex_provider": "CUSTOMER",
            "destination_vertex_provider": "ACCOUNT",
            "props": [
               {
                    "name": "CREATIONDATE",
                    "type": "timestamp"
                }
            ]
        },
        {
            "name": "HAS_CREDITCARDS",
            "format": "rdbms",
            "database_table_name": "E_HAS_CREDITCARD",
            "source_column": "FROMCUSTOMER",
            "destination_column": "TOCREDITCARD",
            "source_vertex_provider": "CUSTOMER",
            "destination_vertex_provider": "CREDITCARD",
            "props": []
        },
        {
            "name": "HAS_UNSECUREDLOANS",
            "format": "rdbms",
            "database_table_name": "E_HAS_UNSECUREDLOAN",
            "source_column": "FROMCUSTOMER",
            "destination_column": "TOUNSECUREDLOAN",
            "source_vertex_provider": "CUSTOMER",
            "destination_vertex_provider": "UNSECUREDLOAN",
            "props": []
        },
        {
            "name": "HAS_PHONENUMBER",
            "format": "rdbms",
            "database_table_name": "E_HAS_PHONENUMBER",
            "source_column": "FROMCUSTOMER",
            "destination_column": "TOPHONE",
            "source_vertex_provider": "CUSTOMER",
            "destination_vertex_provider": "PHONENUMBER",
            "props": []
        },
        {
            "name": "HAS_SSN",
            "format": "rdbms",
            "database_table_name": "E_HAS_SSN",
            "source_column": "FROMCUSTOMER",
            "destination_column": "TOSSN",
            "source_vertex_provider": "CUSTOMER",
            "destination_vertex_provider": "SSN",
            "props": []
        },
        {
            "name": "HAS_ADDRESS",
            "format": "rdbms",
            "database_table_name": "E_HAS_ADDRESS",
            "source_column": "FROMCUSTOMER",
            "destination_column": "TOADDRESS",
            "source_vertex_provider": "CUSTOMER",
            "destination_vertex_provider": "ADDRESS",
            "props": []
        }
    ]
}
