﻿{"paragraphs":[{"text":"%md\n\n# Oracle Machine Learning for Python - Datastore and Script Repository\n\nOracle Machine Learning for Python (OML4Py) makes the open source Python scripting language and environment ready for the enterprise and big data. Designed for problems involving both large and small volumes of data, Oracle Machine Learning for Python integrates Python with Oracle Database, allowing users to execute Python commands and scripts for statistical, machine learning, and graphical analyses on database tables and views using Python syntax. Many familiar Python functions are overloaded and translate Python functions into SQL for in-database execution, as well as new automated machine learning capabilities.\n\nIn this notebook, we highlight the datastore and script repository features of OML4Py.\n\nWith a datastore, you can store Python objects in a named datastore entry. This named datastore can then use in subsequent Python sessions and even be made available to other users or programs by granting/revoking read permissions.\n\nPython objects, including OML4Py proxy objects, exist for the duration of the current Python session unless you explicitly save them. You can save one or more Python objects, including OML proxy objects, to a named datastore and then load those objects in a later Python session. This is also useful when using embedded Python execution. Datastores exist in the user’s Oracle Database schema. A datastore, and the objects it contains, persist in the database until explicitly deleted.\n\nUsing a datastore, you can:\n\n* Save OML4Py and other Python objects in one Python session and load them in another Python session\n* Pass non-scalar arguments to Python functions for use in embedded Python execution from both the Python, and more importantly, the SQL API where only scalar values can be passed to functions\n* List available datastores and explore the contents of a datastore\n\nWith the script repository, users can:\n\n* Create and store user-defined Python functions as scripts in Oracle Database\n* Grant or revoke the read/eecute privilege to a script\n* List available scripts\n* Load a script function into the Python environment\n* Drop a script from the script repository\n\nOML4Py has both a Python and SQL interface for creating and managing scripts in the script repository. You can make scripts either private or global. A private script is available only to the owner. A global script is available to any user. For private scripts, the owner of the script may grant the read privilege to other users or revoke that privilege.\n\nCopyright (c) 2020 Oracle and/or its affiliates. All rights reserved.","user":"admin","dateUpdated":"2020-02-13T20:26:13+0000","config":{"tableHide":false,"editorSetting":{"language":"markdown","editOnDblClick":true,"completionSupport":false},"colWidth":12,"editorMode":"ace/mode/markdown","fontSize":9,"editorHide":true,"results":{},"enabled":true},"settings":{"params":{},"forms":{}},"results":{"code":"SUCCESS","msg":[{"type":"HTML","data":"<div class=\"markdown-body\">\n<h1>Oracle Machine Learning for Python - Datastore and Script Repository</h1>\n<p>Oracle Machine Learning for Python (OML4Py) makes the open source Python scripting language and environment ready for the enterprise and big data. Designed for problems involving both large and small volumes of data, Oracle Machine Learning for Python integrates Python with Oracle Database, allowing users to execute Python commands and scripts for statistical, machine learning, and graphical analyses on database tables and views using Python syntax. Many familiar Python functions are overloaded and translate Python functions into SQL for in-database execution, as well as new automated machine learning capabilities.</p>\n<p>In this notebook, we highlight the datastore and script repository features of OML4Py.</p>\n<p>With a datastore, you can store Python objects in a named datastore entry. This named datastore can then use in subsequent Python sessions and even be made available to other users or programs by granting/revoking read permissions.</p>\n<p>Python objects, including OML4Py proxy objects, exist for the duration of the current Python session unless you explicitly save them. You can save one or more Python objects, including OML proxy objects, to a named datastore and then load those objects in a later Python session. This is also useful when using embedded Python execution. Datastores exist in the user’s Oracle Database schema. A datastore, and the objects it contains, persist in the database until explicitly deleted.</p>\n<p>Using a datastore, you can:</p>\n<ul>\n  <li>Save OML4Py and other Python objects in one Python session and load them in another Python session</li>\n  <li>Pass non-scalar arguments to Python functions for use in embedded Python execution from both the Python, and more importantly, the SQL API where only scalar values can be passed to functions</li>\n  <li>List available datastores and explore the contents of a datastore</li>\n</ul>\n<p>With the script repository, users can:</p>\n<ul>\n  <li>Create and store user-defined Python functions as scripts in Oracle Database</li>\n  <li>Grant or revoke the read/eecute privilege to a script</li>\n  <li>List available scripts</li>\n  <li>Load a script function into the Python environment</li>\n  <li>Drop a script from the script repository</li>\n</ul>\n<p>OML4Py has both a Python and SQL interface for creating and managing scripts in the script repository. You can make scripts either private or global. A private script is available only to the owner. A global script is available to any user. For private scripts, the owner of the script may grant the read privilege to other users or revoke that privilege.</p>\n<p>Copyright (c) 2020 Oracle and/or its affiliates. All rights reserved.</p>\n</div>"}]},"apps":[],"jobName":"paragraph_1581624557881_-1673534733","id":"20200205-070316_2103041339","dateCreated":"2020-02-13T20:09:17+0000","dateStarted":"2020-02-13T20:26:13+0000","dateFinished":"2020-02-13T20:26:14+0000","status":"FINISHED","progressUpdateIntervalMs":500,"focus":true,"$$hashKey":"object:26045"},{"text":"%md\n\n# Connect to Oracle Database\n\nTo use OML4Py, first import the package ***oml***. OML4Py supports a variety of connection specification options, including Oracle Wallet. Once connected to an Oracle Database that has OML4Py installed, invoking ***oml.isconnected*** returns true.\n","user":"admin","dateUpdated":"2020-02-13T20:26:14+0000","config":{"editorSetting":{"language":"python","editOnDblClick":false,"completionSupport":true},"colWidth":12,"editorMode":"ace/mode/python","fontSize":9,"editorHide":true,"results":{},"enabled":true},"settings":{"params":{},"forms":{}},"results":{"code":"SUCCESS","msg":[{"type":"HTML","data":"<div class=\"markdown-body\">\n<h1>Connect to Oracle Database</h1>\n<p>To use OML4Py, first import the package <strong><em>oml</em></strong>. OML4Py supports a variety of connection specification options, including Oracle Wallet. Once connected to an Oracle Database that has OML4Py installed, invoking <strong><em>oml.isconnected</em></strong> returns true.</p>\n</div>"}]},"apps":[],"jobName":"paragraph_1581624557881_1655769539","id":"20200205-070507_293219150","dateCreated":"2020-02-13T20:09:17+0000","dateStarted":"2020-02-13T20:26:14+0000","dateFinished":"2020-02-13T20:26:14+0000","status":"FINISHED","progressUpdateIntervalMs":500,"$$hashKey":"object:26046"},{"text":"%python\n\nimport oml\noml.connect(\"pyquser\",\"pyquser\",\n            dsn='(DESCRIPTION=(ADDRESS=(PROTOCOL=TCP)(HOST=localhost)(PORT=1521))(CONNECT_DATA=(service_name=ORCLPDB)))')\noml.isconnected()","user":"admin","dateUpdated":"2020-02-13T20:26:14+0000","config":{"editorSetting":{"language":"python","editOnDblClick":false,"completionSupport":true},"colWidth":12,"editorMode":"ace/mode/python","fontSize":9,"results":{},"enabled":true},"settings":{"params":{},"forms":{}},"results":{"code":"SUCCESS","msg":[{"type":"TEXT","data":"True\n"}]},"apps":[],"jobName":"paragraph_1581624557882_-517115724","id":"20200205-070848_1871693298","dateCreated":"2020-02-13T20:09:17+0000","dateStarted":"2020-02-13T20:26:14+0000","dateFinished":"2020-02-13T20:26:14+0000","status":"FINISHED","progressUpdateIntervalMs":500,"$$hashKey":"object:26047"},{"text":"%md\n\n# Create Pandas DataFrames and load them into Oracle Database\n\nWe load three data sets, combining target and predictors into a single DataFrame, before invoking create and displaying the columns for each. These will be used in exploring *datastore* functionality.\n","user":"admin","dateUpdated":"2020-02-13T20:26:14+0000","config":{"tableHide":false,"editorSetting":{"language":"markdown","editOnDblClick":true,"completionSupport":false},"colWidth":12,"editorMode":"ace/mode/markdown","fontSize":9,"editorHide":true,"results":{},"enabled":true},"settings":{"params":{},"forms":{}},"results":{"code":"SUCCESS","msg":[{"type":"HTML","data":"<div class=\"markdown-body\">\n<h1>Create Pandas DataFrames and load them into Oracle Database</h1>\n<p>We load three data sets, combining target and predictors into a single DataFrame, before invoking create and displaying the columns for each. These will be used in exploring <em>datastore</em> functionality.</p>\n</div>"}]},"apps":[],"jobName":"paragraph_1581624557882_-827945936","id":"20200205-070921_1165921714","dateCreated":"2020-02-13T20:09:17+0000","dateStarted":"2020-02-13T20:26:14+0000","dateFinished":"2020-02-13T20:26:14+0000","status":"FINISHED","progressUpdateIntervalMs":500,"$$hashKey":"object:26048"},{"text":"%python\nfrom sklearn import datasets\nfrom sklearn import linear_model\nimport pandas as pd\n\niris = datasets.load_iris()\nx = pd.DataFrame(iris.data, columns = ['SEPAL_LENGTH','SEPAL_WIDTH',\n                                       'PETAL_LENGTH','PETAL_WIDTH'])\ny = pd.DataFrame(list(map(lambda x: {0: 'setosa', 1: 'versicolor',\n                 2:'virginica'}[x], iris.target)), columns = ['Species'])\ntry:\n    oml.drop(table='IRIS')\nexcept:\n    pass\nIRIS = oml.create(pd.concat([x, y], axis=1), table = 'IRIS')\niris = pd.concat([x, y], axis=1)\nprint(IRIS.columns)","user":"admin","dateUpdated":"2020-02-13T20:26:14+0000","config":{"editorSetting":{"language":"python","editOnDblClick":false,"completionSupport":true},"colWidth":12,"editorMode":"ace/mode/python","fontSize":9,"results":{},"enabled":true},"settings":{"params":{},"forms":{}},"results":{"code":"SUCCESS","msg":[{"type":"TEXT","data":"['SEPAL_LENGTH', 'SEPAL_WIDTH', 'PETAL_LENGTH', 'PETAL_WIDTH', 'Species']\n"}]},"apps":[],"jobName":"paragraph_1581624557882_1981497732","id":"20200205-070959_764629123","dateCreated":"2020-02-13T20:09:17+0000","dateStarted":"2020-02-13T20:26:14+0000","dateFinished":"2020-02-13T20:26:14+0000","status":"FINISHED","progressUpdateIntervalMs":500,"$$hashKey":"object:26049"},{"text":"%python\n\ndiabetes = datasets.load_diabetes()\nx = pd.DataFrame(diabetes.data, columns=diabetes.feature_names)\ny = pd.DataFrame(diabetes.target, columns=['disease_progression'])\n\nDIABETES_TMP = oml.push(pd.concat([x, y], axis=1))\nprint(DIABETES_TMP.columns)","user":"admin","dateUpdated":"2020-02-13T20:26:15+0000","config":{"editorSetting":{"language":"python","editOnDblClick":false,"completionSupport":true},"colWidth":12,"editorMode":"ace/mode/python","fontSize":9,"results":{},"enabled":true},"settings":{"params":{},"forms":{}},"results":{"code":"SUCCESS","msg":[{"type":"TEXT","data":"['age', 'sex', 'bmi', 'bp', 's1', 's2', 's3', 's4', 's5', 's6', 'disease_progression']\n"}]},"apps":[],"jobName":"paragraph_1581624557882_2035162859","id":"20200205-071015_1827769468","dateCreated":"2020-02-13T20:09:17+0000","dateStarted":"2020-02-13T20:26:15+0000","dateFinished":"2020-02-13T20:26:15+0000","status":"FINISHED","progressUpdateIntervalMs":500,"$$hashKey":"object:26050"},{"text":"%python\n\nboston = datasets.load_boston()\nx = pd.DataFrame(boston.data, columns = boston.feature_names.tolist())\ny = pd.DataFrame(boston.target, columns = ['Value'])\n\nBOSTON_TMP = oml.push(pd.concat([x, y], axis=1))\nprint(BOSTON_TMP.columns)","user":"admin","dateUpdated":"2020-02-13T20:26:15+0000","config":{"editorSetting":{"language":"python","editOnDblClick":false,"completionSupport":true},"colWidth":12,"editorMode":"ace/mode/python","fontSize":9,"results":{},"enabled":true},"settings":{"params":{},"forms":{}},"results":{"code":"SUCCESS","msg":[{"type":"TEXT","data":"['CRIM', 'ZN', 'INDUS', 'CHAS', 'NOX', 'RM', 'AGE', 'DIS', 'RAD', 'TAX', 'PTRATIO', 'B', 'LSTAT', 'Value']\n"}]},"apps":[],"jobName":"paragraph_1581624557883_-601004173","id":"20200205-071418_1083114118","dateCreated":"2020-02-13T20:09:17+0000","dateStarted":"2020-02-13T20:26:15+0000","dateFinished":"2020-02-13T20:26:15+0000","status":"FINISHED","progressUpdateIntervalMs":500,"$$hashKey":"object:26051"},{"text":"%md\n\nSave the actual *iris* data and the temporary BOSTON proxy object to a datastore named \"ds_pydata\", overwriting if the named datastore already exists. Note that you can store actual data objects in a datastore, but large data objects should remain as database tables for performance and scalability.\n\nBy storing the BOSTON_TMP object, the temporary table will not be deleted when the session terminates.\n","user":"admin","dateUpdated":"2020-02-13T20:26:15+0000","config":{"tableHide":false,"editorSetting":{"language":"markdown","editOnDblClick":true,"completionSupport":false},"colWidth":12,"editorMode":"ace/mode/markdown","fontSize":9,"editorHide":true,"results":{},"enabled":true},"settings":{"params":{},"forms":{}},"results":{"code":"SUCCESS","msg":[{"type":"HTML","data":"<div class=\"markdown-body\">\n<p>Save the actual <em>iris</em> data and the temporary BOSTON proxy object to a datastore named &ldquo;ds_pydata&rdquo;, overwriting if the named datastore already exists. Note that you can store actual data objects in a datastore, but large data objects should remain as database tables for performance and scalability.</p>\n<p>By storing the BOSTON_TMP object, the temporary table will not be deleted when the session terminates.</p>\n</div>"}]},"apps":[],"jobName":"paragraph_1581624557883_-1943405780","id":"20200205-071431_1831743867","dateCreated":"2020-02-13T20:09:17+0000","dateStarted":"2020-02-13T20:26:15+0000","dateFinished":"2020-02-13T20:26:15+0000","status":"FINISHED","progressUpdateIntervalMs":500,"$$hashKey":"object:26052"},{"text":"%python\n\noml.ds.save(objs={'iris':iris, 'oml_boston':BOSTON_TMP},\n            name=\"ds_pydata\", description = \"python datasets\", overwrite=True)","user":"admin","dateUpdated":"2020-02-13T20:26:15+0000","config":{"editorSetting":{"language":"python","editOnDblClick":false,"completionSupport":true},"colWidth":12,"editorMode":"ace/mode/python","fontSize":9,"results":{},"enabled":true},"settings":{"params":{},"forms":{}},"results":{"code":"SUCCESS","msg":[]},"apps":[],"jobName":"paragraph_1581624557883_-574023902","id":"20200205-071515_1158093419","dateCreated":"2020-02-13T20:09:17+0000","dateStarted":"2020-02-13T20:26:15+0000","dateFinished":"2020-02-13T20:26:15+0000","status":"FINISHED","progressUpdateIntervalMs":500,"$$hashKey":"object:26053"},{"text":"%md\n\nAdd a third object, the temporary DIABETES proxy object, to that same datastore.\n","user":"admin","dateUpdated":"2020-02-13T20:26:15+0000","config":{"tableHide":false,"editorSetting":{"language":"markdown","editOnDblClick":true,"completionSupport":false},"colWidth":12,"editorMode":"ace/mode/markdown","fontSize":9,"editorHide":true,"results":{},"enabled":true},"settings":{"params":{},"forms":{}},"results":{"code":"SUCCESS","msg":[{"type":"HTML","data":"<div class=\"markdown-body\">\n<p>Add a third object, the temporary DIABETES proxy object, to that same datastore.</p>\n</div>"}]},"apps":[],"jobName":"paragraph_1581624557883_153862676","id":"20200205-071533_1947176788","dateCreated":"2020-02-13T20:09:17+0000","dateStarted":"2020-02-13T20:26:15+0000","dateFinished":"2020-02-13T20:26:15+0000","status":"FINISHED","progressUpdateIntervalMs":500,"$$hashKey":"object:26054"},{"text":"%python\n\noml.ds.save(objs={'oml_diabetes':DIABETES_TMP}, name=\"ds_pydata\", append=True)","user":"admin","dateUpdated":"2020-02-13T20:26:15+0000","config":{"editorSetting":{"language":"python","editOnDblClick":false,"completionSupport":true},"colWidth":12,"editorMode":"ace/mode/python","fontSize":9,"results":{},"enabled":true},"settings":{"params":{},"forms":{}},"results":{"code":"SUCCESS","msg":[]},"apps":[],"jobName":"paragraph_1581624557883_2037983067","id":"20200205-071554_52011584","dateCreated":"2020-02-13T20:09:17+0000","dateStarted":"2020-02-13T20:26:15+0000","dateFinished":"2020-02-13T20:26:16+0000","status":"FINISHED","progressUpdateIntervalMs":500,"$$hashKey":"object:26055"},{"text":"%md\n\nSave the *iris* DataFrame to a new datastore, and then list the datastores. Notice we see the datastore name, the number of objects in the datastore, the size in bytes consumed, when the datastore was create/updated, and any description provided by the user. Our two datastores ***ds_iris_data*** and ***ds_pydata*** are present, with the latter containing three objects.\n","user":"admin","dateUpdated":"2020-02-13T20:26:16+0000","config":{"tableHide":false,"editorSetting":{"language":"markdown","editOnDblClick":true,"completionSupport":false},"colWidth":12,"editorMode":"ace/mode/markdown","fontSize":9,"editorHide":true,"results":{},"enabled":true},"settings":{"params":{},"forms":{}},"results":{"code":"SUCCESS","msg":[{"type":"HTML","data":"<div class=\"markdown-body\">\n<p>Save the <em>iris</em> DataFrame to a new datastore, and then list the datastores. Notice we see the datastore name, the number of objects in the datastore, the size in bytes consumed, when the datastore was create/updated, and any description provided by the user. Our two datastores <strong><em>ds_iris_data</em></strong> and <strong><em>ds_pydata</em></strong> are present, with the latter containing three objects.</p>\n</div>"}]},"apps":[],"jobName":"paragraph_1581624557883_-1665175947","id":"20200205-071610_2009635210","dateCreated":"2020-02-13T20:09:17+0000","dateStarted":"2020-02-13T20:26:16+0000","dateFinished":"2020-02-13T20:26:16+0000","status":"FINISHED","progressUpdateIntervalMs":500,"$$hashKey":"object:26056"},{"text":"%python\n\noml.ds.save(objs={'iris':iris},\n            name=\"ds_iris_data\", description = \"iris dataset\", overwrite=True)\n\noml.ds.dir()","user":"admin","dateUpdated":"2020-02-13T20:26:17+0000","config":{"editorSetting":{"language":"python","editOnDblClick":false,"completionSupport":true},"colWidth":12,"editorMode":"ace/mode/python","fontSize":9,"results":{},"enabled":true},"settings":{"params":{},"forms":{}},"results":{"code":"SUCCESS","msg":[{"type":"TEXT","data":"        datastore_name  object_count  size                date      description\n0  MyIrisSpeciesModels             3  1593 2020-02-13 07:20:09             None\n1   My_Python_Datasets             2  2213 2020-02-13 07:19:36  python datasets\n2                 ds-1             3  1593 2020-02-13 07:06:17             None\n3         ds_iris_data             1  6167 2020-02-13 20:26:17     iris dataset\n4            ds_pydata             3  8546 2020-02-13 20:26:15  python datasets\n"}]},"apps":[],"jobName":"paragraph_1581624557884_1485699089","id":"20200205-071656_326164218","dateCreated":"2020-02-13T20:09:17+0000","dateStarted":"2020-02-13T20:26:17+0000","dateFinished":"2020-02-13T20:26:17+0000","status":"FINISHED","progressUpdateIntervalMs":500,"$$hashKey":"object:26057"},{"text":"%md\n\nTo illustrate storing other types of objects in datastores, we'll create regression models using sklearn and OML4Py.\n","user":"admin","dateUpdated":"2020-02-13T20:26:17+0000","config":{"tableHide":false,"editorSetting":{"language":"markdown","editOnDblClick":true,"completionSupport":false},"colWidth":12,"editorMode":"ace/mode/markdown","fontSize":9,"editorHide":true,"results":{},"enabled":true},"settings":{"params":{},"forms":{}},"results":{"code":"SUCCESS","msg":[{"type":"HTML","data":"<div class=\"markdown-body\">\n<p>To illustrate storing other types of objects in datastores, we&rsquo;ll create regression models using sklearn and OML4Py.</p>\n</div>"}]},"apps":[],"jobName":"paragraph_1581624557884_-2065727398","id":"20200205-071715_871733649","dateCreated":"2020-02-13T20:09:17+0000","dateStarted":"2020-02-13T20:26:17+0000","dateFinished":"2020-02-13T20:26:17+0000","status":"FINISHED","progressUpdateIntervalMs":500,"$$hashKey":"object:26058"},{"text":"%python\n\nregr1 = linear_model.LinearRegression()\nregr1.fit(boston.data, boston.target)\n\nregr2 = oml.glm(\"regression\")\nX = BOSTON_TMP.drop('Value')\ny = BOSTON_TMP['Value']\nregr2 = regr2.fit(X, y)","user":"admin","dateUpdated":"2020-02-13T20:26:17+0000","config":{"editorSetting":{"language":"python","editOnDblClick":false,"completionSupport":true},"colWidth":12,"editorMode":"ace/mode/python","fontSize":9,"results":{},"enabled":true},"settings":{"params":{},"forms":{}},"results":{"code":"SUCCESS","msg":[]},"apps":[],"jobName":"paragraph_1581624557884_-1810495161","id":"20200205-071747_1455386756","dateCreated":"2020-02-13T20:09:17+0000","dateStarted":"2020-02-13T20:26:17+0000","dateFinished":"2020-02-13T20:26:18+0000","status":"FINISHED","progressUpdateIntervalMs":500,"$$hashKey":"object:26059"},{"text":"%md\n\nSave objects to a datastore and allow the read privilege to be granted to them. Then grant the read privilege to all users by specifying ***user=None***. Finally list the datastores to which the read privilege has been granted.\n","user":"admin","dateUpdated":"2020-02-13T20:26:18+0000","config":{"tableHide":false,"editorSetting":{"language":"markdown","editOnDblClick":true,"completionSupport":false},"colWidth":12,"editorMode":"ace/mode/markdown","fontSize":9,"editorHide":true,"results":{},"enabled":true},"settings":{"params":{},"forms":{}},"results":{"code":"SUCCESS","msg":[{"type":"HTML","data":"<div class=\"markdown-body\">\n<p>Save objects to a datastore and allow the read privilege to be granted to them. Then grant the read privilege to all users by specifying <strong><em>user=None</em></strong>. Finally list the datastores to which the read privilege has been granted.</p>\n</div>"}]},"apps":[],"jobName":"paragraph_1581624557884_1297358287","id":"20200205-071802_1873230076","dateCreated":"2020-02-13T20:09:17+0000","dateStarted":"2020-02-13T20:26:18+0000","dateFinished":"2020-02-13T20:26:18+0000","status":"FINISHED","progressUpdateIntervalMs":500,"$$hashKey":"object:26060"},{"text":"%python\n\noml.ds.save(objs={'regr1':regr1, 'regr2':regr2},\n            name=\"ds_pymodel\", grantable=True, overwrite=True)\n\noml.ds.dir()","user":"admin","dateUpdated":"2020-02-13T20:26:18+0000","config":{"editorSetting":{"language":"python","editOnDblClick":false,"completionSupport":true},"colWidth":12,"editorMode":"ace/mode/python","fontSize":9,"results":{},"enabled":true},"settings":{"params":{},"forms":{}},"results":{"code":"SUCCESS","msg":[{"type":"TEXT","data":"        datastore_name  object_count  size                date      description\n0  MyIrisSpeciesModels             3  1593 2020-02-13 07:20:09             None\n1   My_Python_Datasets             2  2213 2020-02-13 07:19:36  python datasets\n2                 ds-1             3  1593 2020-02-13 07:06:17             None\n3         ds_iris_data             1  6167 2020-02-13 20:26:17     iris dataset\n4            ds_pydata             3  8546 2020-02-13 20:26:15  python datasets\n5           ds_pymodel             2  6389 2020-02-13 20:26:18             None\n"}]},"apps":[],"jobName":"paragraph_1581624557884_-339560253","id":"20200205-071833_747310385","dateCreated":"2020-02-13T20:09:17+0000","dateStarted":"2020-02-13T20:26:18+0000","dateFinished":"2020-02-13T20:26:18+0000","status":"FINISHED","progressUpdateIntervalMs":500,"$$hashKey":"object:26061"},{"text":"%python\n\noml.grant(name=\"ds_pymodel\", typ=\"datastore\", user=None)\n\noml.ds.dir(dstype=\"grant\")","user":"admin","dateUpdated":"2020-02-13T20:26:18+0000","config":{"editorSetting":{"language":"python","editOnDblClick":false,"completionSupport":true},"colWidth":12,"editorMode":"ace/mode/python","fontSize":9,"results":{},"enabled":true},"settings":{"params":{},"forms":{}},"results":{"code":"SUCCESS","msg":[{"type":"TEXT","data":"  datastore_name grantee\n0     ds_pymodel  PUBLIC\n"}]},"apps":[],"jobName":"paragraph_1581624557885_-2019978706","id":"20200205-071850_1153582120","dateCreated":"2020-02-13T20:09:17+0000","dateStarted":"2020-02-13T20:26:18+0000","dateFinished":"2020-02-13T20:26:18+0000","status":"FINISHED","progressUpdateIntervalMs":500,"$$hashKey":"object:26062"},{"text":"%md\n\nLoad all Python objects from a datastore to the global workspace and sort the result by name. Notice that they have the name specified in the dictionary when saved.\n","user":"admin","dateUpdated":"2020-02-13T20:26:18+0000","config":{"tableHide":false,"editorSetting":{"language":"markdown","editOnDblClick":true,"completionSupport":false},"colWidth":12,"editorMode":"ace/mode/markdown","fontSize":9,"editorHide":true,"results":{},"enabled":true},"settings":{"params":{},"forms":{}},"results":{"code":"SUCCESS","msg":[{"type":"HTML","data":"<div class=\"markdown-body\">\n<p>Load all Python objects from a datastore to the global workspace and sort the result by name. Notice that they have the name specified in the dictionary when saved.</p>\n</div>"}]},"apps":[],"jobName":"paragraph_1581624557885_-1740111807","id":"20200205-071923_1661884902","dateCreated":"2020-02-13T20:09:17+0000","dateStarted":"2020-02-13T20:26:18+0000","dateFinished":"2020-02-13T20:26:18+0000","status":"FINISHED","progressUpdateIntervalMs":500,"$$hashKey":"object:26063"},{"text":"%python\n\nsorted(oml.ds.load(name=\"ds_pydata\"))","user":"admin","dateUpdated":"2020-02-13T20:26:18+0000","config":{"editorSetting":{"language":"python","editOnDblClick":false,"completionSupport":true},"colWidth":12,"editorMode":"ace/mode/python","fontSize":9,"results":{},"enabled":true},"settings":{"params":{},"forms":{}},"results":{"code":"SUCCESS","msg":[{"type":"TEXT","data":"['iris', 'oml_boston', 'oml_diabetes']\n"}]},"apps":[],"jobName":"paragraph_1581624557885_1099052765","id":"20200205-071949_943674790","dateCreated":"2020-02-13T20:09:17+0000","dateStarted":"2020-02-13T20:26:18+0000","dateFinished":"2020-02-13T20:26:21+0000","status":"FINISHED","progressUpdateIntervalMs":500,"$$hashKey":"object:26064"},{"text":"%md\n\nLoad the named Python object, ***regr2***, from the datastore to the global workspace.\n","user":"admin","dateUpdated":"2020-02-13T20:26:21+0000","config":{"tableHide":false,"editorSetting":{"language":"markdown","editOnDblClick":true,"completionSupport":false},"colWidth":12,"editorMode":"ace/mode/markdown","fontSize":9,"editorHide":true,"results":{},"enabled":true},"settings":{"params":{},"forms":{}},"results":{"code":"SUCCESS","msg":[{"type":"HTML","data":"<div class=\"markdown-body\">\n<p>Load the named Python object, <strong><em>regr2</em></strong>, from the datastore to the global workspace.</p>\n</div>"}]},"apps":[],"jobName":"paragraph_1581624557885_-628397610","id":"20200205-072040_646267515","dateCreated":"2020-02-13T20:09:17+0000","dateStarted":"2020-02-13T20:26:21+0000","dateFinished":"2020-02-13T20:26:21+0000","status":"FINISHED","progressUpdateIntervalMs":500,"$$hashKey":"object:26065"},{"text":"%python\n\noml.ds.load(name=\"ds_pymodel\", objs=[\"regr2\"])","user":"admin","dateUpdated":"2020-02-13T20:26:21+0000","config":{"editorSetting":{"language":"python","editOnDblClick":false,"completionSupport":true},"colWidth":12,"editorMode":"ace/mode/python","fontSize":9,"results":{},"enabled":true},"settings":{"params":{},"forms":{}},"apps":[],"jobName":"paragraph_1581624557885_-1332278717","id":"20200205-072003_178308076","dateCreated":"2020-02-13T20:09:17+0000","dateStarted":"2020-02-13T20:26:21+0000","status":"FINISHED","progressUpdateIntervalMs":500,"$$hashKey":"object:26066","results":{"code":"SUCCESS","msg":[{"type":"TEXT","data":"['regr2']\n"}]},"dateFinished":"2020-02-13T20:26:24+0000"},{"text":"%md\n\nLoad the named Python object, ***regr1***, from the datastore to the user's workspace.\n\n","user":"admin","dateUpdated":"2020-02-13T20:26:24+0000","config":{"tableHide":false,"editorSetting":{"language":"markdown","editOnDblClick":true,"completionSupport":false},"colWidth":12,"editorMode":"ace/mode/markdown","fontSize":9,"editorHide":true,"results":{},"enabled":true},"settings":{"params":{},"forms":{}},"results":{"code":"SUCCESS","msg":[{"type":"HTML","data":"<div class=\"markdown-body\">\n<p>Load the named Python object, <strong><em>regr1</em></strong>, from the datastore to the user&rsquo;s workspace.</p>\n</div>"}]},"apps":[],"jobName":"paragraph_1581624557886_231005954","id":"20200205-072017_1823834723","dateCreated":"2020-02-13T20:09:17+0000","status":"FINISHED","progressUpdateIntervalMs":500,"$$hashKey":"object:26067","dateFinished":"2020-02-13T20:26:24+0000","dateStarted":"2020-02-13T20:26:24+0000"},{"text":"%python\n\noml.ds.load(name=\"ds_pymodel\", objs=[\"regr1\"], to_globals=False)","user":"admin","dateUpdated":"2020-02-13T20:26:24+0000","config":{"editorSetting":{"language":"python","editOnDblClick":false,"completionSupport":true},"colWidth":12,"editorMode":"ace/mode/python","fontSize":9,"results":{},"enabled":true},"settings":{"params":{},"forms":{}},"results":{"code":"SUCCESS","msg":[{"type":"TEXT","data":"{'regr1': LinearRegression(copy_X=True, fit_intercept=True, n_jobs=None, normalize=False)}\n"}]},"apps":[],"jobName":"paragraph_1581624557886_1290883198","id":"20200205-072122_1539269772","dateCreated":"2020-02-13T20:09:17+0000","status":"FINISHED","progressUpdateIntervalMs":500,"$$hashKey":"object:26068","dateFinished":"2020-02-13T20:26:25+0000","dateStarted":"2020-02-13T20:26:24+0000"},{"text":"%md\n\nShow all saved datastores.","user":"admin","dateUpdated":"2020-02-13T20:26:25+0000","config":{"tableHide":false,"editorSetting":{"language":"markdown","editOnDblClick":true,"completionSupport":false},"colWidth":12,"editorMode":"ace/mode/markdown","fontSize":9,"editorHide":true,"results":{},"enabled":true},"settings":{"params":{},"forms":{}},"results":{"code":"SUCCESS","msg":[{"type":"HTML","data":"<div class=\"markdown-body\">\n<p>Show all saved datastores.</p>\n</div>"}]},"apps":[],"jobName":"paragraph_1581624557886_-1118996706","id":"20200205-072154_229734661","dateCreated":"2020-02-13T20:09:17+0000","status":"FINISHED","progressUpdateIntervalMs":500,"$$hashKey":"object:26069","dateFinished":"2020-02-13T20:26:25+0000","dateStarted":"2020-02-13T20:26:25+0000"},{"text":"%python\n\noml.ds.dir(dstype=\"all\")[['owner', 'datastore_name', 'object_count']]","user":"admin","dateUpdated":"2020-02-13T20:26:25+0000","config":{"editorSetting":{"language":"python","editOnDblClick":false,"completionSupport":true},"colWidth":12,"editorMode":"ace/mode/python","fontSize":9,"results":{},"enabled":true},"settings":{"params":{},"forms":{}},"results":{"code":"SUCCESS","msg":[{"type":"TEXT","data":"     owner       datastore_name  object_count\n0  PYQUSER  MyIrisSpeciesModels             3\n1  PYQUSER   My_Python_Datasets             2\n2  PYQUSER                 ds-1             3\n3  PYQUSER         ds_iris_data             1\n4  PYQUSER            ds_pydata             3\n5  PYQUSER           ds_pymodel             2\n"}]},"apps":[],"jobName":"paragraph_1581624557886_-362094796","id":"20200205-072236_391692432","dateCreated":"2020-02-13T20:09:17+0000","status":"FINISHED","progressUpdateIntervalMs":500,"$$hashKey":"object:26070","dateFinished":"2020-02-13T20:26:26+0000","dateStarted":"2020-02-13T20:26:25+0000"},{"text":"%md\n\nWe can then show datastores to which other users have been granted the read privilege.\n","user":"admin","dateUpdated":"2020-02-13T20:26:26+0000","config":{"tableHide":false,"editorSetting":{"language":"markdown","editOnDblClick":true,"completionSupport":false},"colWidth":12,"editorMode":"ace/mode/markdown","fontSize":9,"editorHide":true,"results":{},"enabled":true},"settings":{"params":{},"forms":{}},"results":{"code":"SUCCESS","msg":[{"type":"HTML","data":"<div class=\"markdown-body\">\n<p>We can then show datastores to which other users have been granted the read privilege.</p>\n</div>"}]},"apps":[],"jobName":"paragraph_1581624557886_-1419491343","id":"20200205-072250_1172166721","dateCreated":"2020-02-13T20:09:17+0000","status":"FINISHED","progressUpdateIntervalMs":500,"$$hashKey":"object:26071","dateFinished":"2020-02-13T20:26:26+0000","dateStarted":"2020-02-13T20:26:26+0000"},{"text":"%python\n\noml.ds.dir(dstype=\"grant\")","user":"admin","dateUpdated":"2020-02-13T20:26:26+0000","config":{"editorSetting":{"language":"python","editOnDblClick":false,"completionSupport":true},"colWidth":12,"editorMode":"ace/mode/python","fontSize":9,"results":{},"enabled":true},"settings":{"params":{},"forms":{}},"results":{"code":"SUCCESS","msg":[{"type":"TEXT","data":"  datastore_name grantee\n0     ds_pymodel  PUBLIC\n"}]},"apps":[],"jobName":"paragraph_1581624557887_692893744","id":"20200205-072328_1214896466","dateCreated":"2020-02-13T20:09:17+0000","status":"FINISHED","progressUpdateIntervalMs":500,"$$hashKey":"object:26072","dateFinished":"2020-02-13T20:26:26+0000","dateStarted":"2020-02-13T20:26:26+0000"},{"text":"%md\n\nOr, show datastores to which this user has been granted the read privilege (there currently are none).\n","user":"admin","dateUpdated":"2020-02-13T20:26:27+0000","config":{"tableHide":false,"editorSetting":{"language":"markdown","editOnDblClick":true,"completionSupport":false},"colWidth":12,"editorMode":"ace/mode/markdown","fontSize":9,"editorHide":true,"results":{},"enabled":true},"settings":{"params":{},"forms":{}},"results":{"code":"SUCCESS","msg":[{"type":"HTML","data":"<div class=\"markdown-body\">\n<p>Or, show datastores to which this user has been granted the read privilege (there currently are none).</p>\n</div>"}]},"apps":[],"jobName":"paragraph_1581624557887_-237727979","id":"20200205-072343_1351053431","dateCreated":"2020-02-13T20:09:17+0000","status":"FINISHED","progressUpdateIntervalMs":500,"$$hashKey":"object:26073","dateFinished":"2020-02-13T20:26:27+0000","dateStarted":"2020-02-13T20:26:27+0000"},{"text":"%python\n\noml.ds.dir(dstype=\"granted\")","user":"admin","dateUpdated":"2020-02-13T20:26:27+0000","config":{"editorSetting":{"language":"python","editOnDblClick":false,"completionSupport":true},"colWidth":12,"editorMode":"ace/mode/python","fontSize":9,"results":{},"enabled":true},"settings":{"params":{},"forms":{}},"results":{"code":"SUCCESS","msg":[{"type":"TEXT","data":"Empty DataFrame\nColumns: [owner, datastore_name, object_count, size, date, description]\nIndex: []\n"}]},"apps":[],"jobName":"paragraph_1581624557887_1601500861","id":"20200205-072401_1982611211","dateCreated":"2020-02-13T20:09:17+0000","status":"FINISHED","progressUpdateIntervalMs":500,"$$hashKey":"object:26074","dateFinished":"2020-02-13T20:26:27+0000","dateStarted":"2020-02-13T20:26:27+0000"},{"text":"%md\n\nOr, show datastores whose names match a pattern.\n","user":"admin","dateUpdated":"2020-02-13T20:26:27+0000","config":{"tableHide":false,"editorSetting":{"language":"markdown","editOnDblClick":true,"completionSupport":false},"colWidth":12,"editorMode":"ace/mode/markdown","fontSize":9,"editorHide":true,"results":{},"enabled":true},"settings":{"params":{},"forms":{}},"results":{"code":"SUCCESS","msg":[{"type":"HTML","data":"<div class=\"markdown-body\">\n<p>Or, show datastores whose names match a pattern.</p>\n</div>"}]},"apps":[],"jobName":"paragraph_1581624557887_-94845254","id":"20200205-072414_1163137744","dateCreated":"2020-02-13T20:09:17+0000","status":"FINISHED","progressUpdateIntervalMs":500,"$$hashKey":"object:26075","dateFinished":"2020-02-13T20:26:27+0000","dateStarted":"2020-02-13T20:26:27+0000"},{"text":"%python\n\noml.ds.dir(name='pydata', regex_match=True)[['datastore_name', 'object_count']]","user":"admin","dateUpdated":"2020-02-13T20:26:27+0000","config":{"editorSetting":{"language":"python","editOnDblClick":false,"completionSupport":true},"colWidth":12,"editorMode":"ace/mode/python","fontSize":9,"results":{},"enabled":true},"settings":{"params":{},"forms":{}},"results":{"code":"SUCCESS","msg":[{"type":"TEXT","data":"  datastore_name  object_count\n0      ds_pydata             3\n"}]},"apps":[],"jobName":"paragraph_1581624557887_-407233100","id":"20200205-072433_1262834148","dateCreated":"2020-02-13T20:09:17+0000","status":"FINISHED","progressUpdateIntervalMs":500,"$$hashKey":"object:26076","dateFinished":"2020-02-13T20:26:27+0000","dateStarted":"2020-02-13T20:26:27+0000"},{"text":"%md\n\nLet's describe the contents of the ds_pydata datastore. Notice that the three proxy objects are listed.\n","user":"admin","dateUpdated":"2020-02-13T20:26:27+0000","config":{"tableHide":false,"editorSetting":{"language":"markdown","editOnDblClick":true,"completionSupport":false},"colWidth":12,"editorMode":"ace/mode/markdown","fontSize":9,"editorHide":true,"results":{},"enabled":true},"settings":{"params":{},"forms":{}},"results":{"code":"SUCCESS","msg":[{"type":"HTML","data":"<div class=\"markdown-body\">\n<p>Let&rsquo;s describe the contents of the ds_pydata datastore. Notice that the three proxy objects are listed.</p>\n</div>"}]},"apps":[],"jobName":"paragraph_1581624557887_741328776","id":"20200205-072447_1138229955","dateCreated":"2020-02-13T20:09:17+0000","status":"FINISHED","progressUpdateIntervalMs":500,"$$hashKey":"object:26077","dateFinished":"2020-02-13T20:26:27+0000","dateStarted":"2020-02-13T20:26:27+0000"},{"text":"%python\n\noml.ds.describe(name='ds_pydata')","user":"admin","dateUpdated":"2020-02-13T20:26:27+0000","config":{"editorSetting":{"language":"python","editOnDblClick":false,"completionSupport":true},"colWidth":12,"editorMode":"ace/mode/python","fontSize":9,"results":{},"enabled":true},"settings":{"params":{},"forms":{}},"results":{"code":"SUCCESS","msg":[{"type":"TEXT","data":"    object_name                        class  ...  row_count  col_count\n0          iris  pandas.core.frame.DataFrame  ...        150          5\n1    oml_boston                oml.DataFrame  ...        506         14\n2  oml_diabetes                oml.DataFrame  ...        442         11\n\n[3 rows x 6 columns]\n"}]},"apps":[],"jobName":"paragraph_1581624557888_1046334882","id":"20200205-072532_346451585","dateCreated":"2020-02-13T20:09:17+0000","status":"FINISHED","progressUpdateIntervalMs":500,"$$hashKey":"object:26078","dateFinished":"2020-02-13T20:26:28+0000","dateStarted":"2020-02-13T20:26:27+0000"},{"text":"%md\n\nRevoke the read privilege from every user, and again show datastores to which read privilege has been granted. The result is empty.\n","user":"admin","dateUpdated":"2020-02-13T20:26:28+0000","config":{"tableHide":false,"editorSetting":{"language":"markdown","editOnDblClick":true,"completionSupport":false},"colWidth":12,"editorMode":"ace/mode/markdown","fontSize":9,"editorHide":true,"results":{},"enabled":true},"settings":{"params":{},"forms":{}},"results":{"code":"SUCCESS","msg":[{"type":"HTML","data":"<div class=\"markdown-body\">\n<p>Revoke the read privilege from every user, and again show datastores to which read privilege has been granted. The result is empty.</p>\n</div>"}]},"apps":[],"jobName":"paragraph_1581624557888_-1042834477","id":"20200205-072545_1494570546","dateCreated":"2020-02-13T20:09:17+0000","status":"FINISHED","progressUpdateIntervalMs":500,"$$hashKey":"object:26079","dateFinished":"2020-02-13T20:26:28+0000","dateStarted":"2020-02-13T20:26:28+0000"},{"text":"%python\n\noml.revoke(name=\"ds_pymodel\", typ=\"datastore\", user=None)\n\noml.ds.dir(dstype=\"grant\")","user":"admin","dateUpdated":"2020-02-13T20:26:28+0000","config":{"editorSetting":{"language":"python","editOnDblClick":false,"completionSupport":true},"colWidth":12,"editorMode":"ace/mode/python","fontSize":9,"results":{},"enabled":true},"settings":{"params":{},"forms":{}},"results":{"code":"SUCCESS","msg":[{"type":"TEXT","data":"Empty DataFrame\nColumns: [datastore_name, grantee]\nIndex: []\n"}]},"apps":[],"jobName":"paragraph_1581624557888_1507300052","id":"20200205-072607_213221694","dateCreated":"2020-02-13T20:09:17+0000","status":"FINISHED","progressUpdateIntervalMs":500,"$$hashKey":"object:26080","dateFinished":"2020-02-13T20:26:29+0000","dateStarted":"2020-02-13T20:26:29+0000"},{"text":"%md\n\nGrant the read privilege to the user PYQUSER2.\n","user":"admin","dateUpdated":"2020-02-13T20:26:29+0000","config":{"tableHide":false,"editorSetting":{"language":"markdown","editOnDblClick":true,"completionSupport":false},"colWidth":12,"editorMode":"ace/mode/markdown","fontSize":9,"editorHide":true,"results":{},"enabled":true},"settings":{"params":{},"forms":{}},"results":{"code":"SUCCESS","msg":[{"type":"HTML","data":"<div class=\"markdown-body\">\n<p>Grant the read privilege to the user PYQUSER2.</p>\n</div>"}]},"apps":[],"jobName":"paragraph_1581624557888_929715943","id":"20200205-072620_617433418","dateCreated":"2020-02-13T20:09:17+0000","status":"FINISHED","progressUpdateIntervalMs":500,"$$hashKey":"object:26081","dateFinished":"2020-02-13T20:26:29+0000","dateStarted":"2020-02-13T20:26:29+0000"},{"text":"%python\n\noml.grant(name=\"ds_pymodel\", typ=\"datastore\", user=\"PYQUSER2\")\n\noml.ds.dir(dstype=\"grant\")","user":"admin","dateUpdated":"2020-02-13T20:26:29+0000","config":{"editorSetting":{"language":"python","editOnDblClick":false,"completionSupport":true},"colWidth":12,"editorMode":"ace/mode/python","fontSize":9,"results":{},"enabled":true},"settings":{"params":{},"forms":{}},"results":{"code":"SUCCESS","msg":[{"type":"TEXT","data":"  datastore_name   grantee\n0     ds_pymodel  PYQUSER2\n"}]},"apps":[],"jobName":"paragraph_1581624557889_-556899841","id":"20200205-072640_1253125578","dateCreated":"2020-02-13T20:09:17+0000","status":"FINISHED","progressUpdateIntervalMs":500,"$$hashKey":"object:26082","dateFinished":"2020-02-13T20:26:29+0000","dateStarted":"2020-02-13T20:26:29+0000"},{"text":"%md\n\nDelete some objects from the datastore. Delete a datastore. Delete all datastores whose names match a pattern. Show the existing datastores again.\n","user":"admin","dateUpdated":"2020-02-13T20:26:29+0000","config":{"tableHide":false,"editorSetting":{"language":"markdown","editOnDblClick":true,"completionSupport":false},"colWidth":12,"editorMode":"ace/mode/markdown","fontSize":9,"editorHide":true,"results":{},"enabled":true},"settings":{"params":{},"forms":{}},"results":{"code":"SUCCESS","msg":[{"type":"HTML","data":"<div class=\"markdown-body\">\n<p>Delete some objects from the datastore. Delete a datastore. Delete all datastores whose names match a pattern. Show the existing datastores again.</p>\n</div>"}]},"apps":[],"jobName":"paragraph_1581624557889_702568970","id":"20200205-072652_1358424286","dateCreated":"2020-02-13T20:09:17+0000","status":"FINISHED","progressUpdateIntervalMs":500,"$$hashKey":"object:26083","dateFinished":"2020-02-13T20:26:29+0000","dateStarted":"2020-02-13T20:26:29+0000"},{"text":"%python\n\noml.ds.delete(name=\"ds_pydata\", objs=[\"iris\", \"oml_boston\"])\n\noml.ds.delete(name=\"ds_pydata\")\n\noml.ds.delete(name=\"_pymodel\", regex_match=True)\n\noml.ds.dir()","user":"admin","dateUpdated":"2020-02-13T20:26:29+0000","config":{"editorSetting":{"language":"python","editOnDblClick":false,"completionSupport":true},"colWidth":12,"editorMode":"ace/mode/python","fontSize":9,"results":{},"enabled":true},"settings":{"params":{},"forms":{}},"results":{"code":"SUCCESS","msg":[{"type":"TEXT","data":"        datastore_name  object_count  size                date      description\n0  MyIrisSpeciesModels             3  1593 2020-02-13 07:20:09             None\n1   My_Python_Datasets             2  2213 2020-02-13 07:19:36  python datasets\n2                 ds-1             3  1593 2020-02-13 07:06:17             None\n3         ds_iris_data             1  6167 2020-02-13 20:26:17     iris dataset\n"}]},"apps":[],"jobName":"paragraph_1581624557889_1504772164","id":"20200205-072713_2090239437","dateCreated":"2020-02-13T20:09:17+0000","status":"FINISHED","progressUpdateIntervalMs":500,"$$hashKey":"object:26084","dateFinished":"2020-02-13T20:26:30+0000","dateStarted":"2020-02-13T20:26:29+0000"},{"text":"%md\n\n# Python Script Repository\n\nTo illustrate using the Python Script Repository, we first define a function ***build_lm1*** that will fit a regression model. With this function, we create a script named \"MyLM_function\". Note that while we refer to a \"script repository\", OML4Py stores named user-defined functions -- the scripts -- in the repository.\n","user":"admin","dateUpdated":"2020-02-13T20:26:30+0000","config":{"tableHide":false,"editorSetting":{"language":"markdown","editOnDblClick":true,"completionSupport":false},"colWidth":12,"editorMode":"ace/mode/markdown","fontSize":9,"editorHide":true,"results":{},"enabled":true},"settings":{"params":{},"forms":{}},"results":{"code":"SUCCESS","msg":[{"type":"HTML","data":"<div class=\"markdown-body\">\n<h1>Python Script Repository</h1>\n<p>To illustrate using the Python Script Repository, we first define a function <strong><em>build_lm1</em></strong> that will fit a regression model. With this function, we create a script named &ldquo;MyLM_function&rdquo;. Note that while we refer to a &ldquo;script repository&rdquo;, OML4Py stores named user-defined functions &ndash; the scripts &ndash; in the repository.</p>\n</div>"}]},"apps":[],"jobName":"paragraph_1581624557889_278281706","id":"20200205-072729_1870745319","dateCreated":"2020-02-13T20:09:17+0000","status":"FINISHED","progressUpdateIntervalMs":500,"$$hashKey":"object:26085","dateFinished":"2020-02-13T20:26:30+0000","dateStarted":"2020-02-13T20:26:30+0000"},{"text":"%python\n\niris = datasets.load_iris()\nx = pd.DataFrame(iris.data, columns = ['SEPAL_LENGTH','SEPAL_WIDTH',\n                                       'PETAL_LENGTH','PETAL_WIDTH'])\ny = pd.DataFrame(list(map(lambda x: {0: 'setosa', 1: 'versicolor', 2:'virginica'}[x], iris.target)), \n                 columns = ['Species'])\nIRIS2 = oml.push(pd.concat([x, y], axis=1))","user":"admin","dateUpdated":"2020-02-13T20:26:30+0000","config":{"editorSetting":{"language":"python","editOnDblClick":false,"completionSupport":true},"colWidth":12,"editorMode":"ace/mode/python","fontSize":9,"results":{},"enabled":true},"settings":{"params":{},"forms":{}},"results":{"code":"SUCCESS","msg":[]},"apps":[],"jobName":"paragraph_1581624557889_332945540","id":"20200205-072829_1156982062","dateCreated":"2020-02-13T20:09:17+0000","status":"FINISHED","progressUpdateIntervalMs":500,"$$hashKey":"object:26086","dateFinished":"2020-02-13T20:26:30+0000","dateStarted":"2020-02-13T20:26:30+0000"},{"text":"%python\n\ndef build_lm1(dat):\n    from sklearn import linear_model\n    regr = linear_model.LinearRegression()\n    import pandas as pd\n    dat = pd.get_dummies(dat, drop_first=True)\n    X = dat[[\"SEPAL_WIDTH\", \"PETAL_LENGTH\", \"PETAL_WIDTH\", \n             \"Species_versicolor\", \"Species_virginica\"]]\n    y = dat[[\"SEPAL_LENGTH\"]]\n    regr.fit(X, y)\n    return regr","user":"admin","dateUpdated":"2020-02-13T20:26:30+0000","config":{"editorSetting":{"language":"python","editOnDblClick":false,"completionSupport":true},"colWidth":12,"editorMode":"ace/mode/python","fontSize":9,"results":{},"enabled":true},"settings":{"params":{},"forms":{}},"results":{"code":"SUCCESS","msg":[]},"apps":[],"jobName":"paragraph_1581624557890_1487761431","id":"20200205-072846_1910447175","dateCreated":"2020-02-13T20:09:17+0000","status":"FINISHED","progressUpdateIntervalMs":500,"$$hashKey":"object:26087","dateFinished":"2020-02-13T20:26:30+0000","dateStarted":"2020-02-13T20:26:30+0000"},{"text":"%python\n\nbuild_lm1 = \"\"\"def build_lm1(dat):\n    from sklearn import linear_model\n    regr = linear_model.LinearRegression()\n    import pandas as pd\n    dat = pd.get_dummies(dat, drop_first=True)\n    X = dat[[\"SEPAL_WIDTH\", \"PETAL_LENGTH\", \"PETAL_WIDTH\", \n             \"Species_versicolor\", \"Species_virginica\"]]\n    y = dat[[\"SEPAL_LENGTH\"]]\n    regr.fit(X, y)\n    return regr\"\"\"","user":"admin","dateUpdated":"2020-02-13T20:26:31+0000","config":{"editorSetting":{"language":"python","editOnDblClick":false,"completionKey":"TAB","completionSupport":true},"colWidth":12,"editorMode":"ace/mode/python","fontSize":9,"results":{},"enabled":true},"settings":{"params":{},"forms":{}},"results":{"code":"SUCCESS","msg":[]},"apps":[],"jobName":"paragraph_1581624557890_1052807946","id":"20200211-193205_572174560","dateCreated":"2020-02-13T20:09:17+0000","status":"FINISHED","progressUpdateIntervalMs":500,"$$hashKey":"object:26088","dateFinished":"2020-02-13T20:26:31+0000","dateStarted":"2020-02-13T20:26:31+0000"},{"text":"%python\nprint(build_lm1)","user":"admin","dateUpdated":"2020-02-13T20:26:31+0000","config":{"editorSetting":{"language":"python","editOnDblClick":false,"completionKey":"TAB","completionSupport":true},"colWidth":12,"editorMode":"ace/mode/python","fontSize":9,"results":{},"enabled":true},"settings":{"params":{},"forms":{}},"results":{"code":"SUCCESS","msg":[{"type":"TEXT","data":"def build_lm1(dat):\n    from sklearn import linear_model\n    regr = linear_model.LinearRegression()\n    import pandas as pd\n    dat = pd.get_dummies(dat, drop_first=True)\n    X = dat[[\"SEPAL_WIDTH\", \"PETAL_LENGTH\", \"PETAL_WIDTH\", \n             \"Species_versicolor\", \"Species_virginica\"]]\n    y = dat[[\"SEPAL_LENGTH\"]]\n    regr.fit(X, y)\n    return regr\n"}]},"apps":[],"jobName":"paragraph_1581624557890_271600598","id":"20200211-193420_175070134","dateCreated":"2020-02-13T20:09:17+0000","status":"FINISHED","progressUpdateIntervalMs":500,"$$hashKey":"object:26089","dateFinished":"2020-02-13T20:26:31+0000","dateStarted":"2020-02-13T20:26:31+0000"},{"text":"%python\n\noml.script.create(\"MyLM_function\", func=build_lm1, overwrite=True)","user":"admin","dateUpdated":"2020-02-13T20:26:31+0000","config":{"editorSetting":{"language":"python","editOnDblClick":false,"completionKey":"TAB","completionSupport":true},"colWidth":12,"editorMode":"ace/mode/python","fontSize":9,"results":{},"enabled":true},"settings":{"params":{},"forms":{}},"results":{"code":"SUCCESS","msg":[]},"apps":[],"jobName":"paragraph_1581624557890_-860091070","id":"20200211-192738_883803664","dateCreated":"2020-02-13T20:09:17+0000","status":"FINISHED","progressUpdateIntervalMs":500,"$$hashKey":"object:26090","dateFinished":"2020-02-13T20:26:31+0000","dateStarted":"2020-02-13T20:26:31+0000"},{"text":"%md\n\nList the scripts available only to the current user.\n","user":"admin","dateUpdated":"2020-02-13T20:26:31+0000","config":{"tableHide":false,"editorSetting":{"language":"markdown","editOnDblClick":true,"completionSupport":false},"colWidth":12,"editorMode":"ace/mode/markdown","fontSize":9,"editorHide":true,"results":{},"enabled":true},"settings":{"params":{},"forms":{}},"results":{"code":"SUCCESS","msg":[{"type":"HTML","data":"<div class=\"markdown-body\">\n<p>List the scripts available only to the current user.</p>\n</div>"}]},"apps":[],"jobName":"paragraph_1581624557890_1212193726","id":"20200205-072904_312335815","dateCreated":"2020-02-13T20:09:17+0000","status":"FINISHED","progressUpdateIntervalMs":500,"$$hashKey":"object:26091","dateFinished":"2020-02-13T20:26:31+0000","dateStarted":"2020-02-13T20:26:31+0000"},{"text":"%python\n\noml.script.dir(sctype='user')","user":"admin","dateUpdated":"2020-02-13T20:26:31+0000","config":{"editorSetting":{"language":"python","editOnDblClick":false,"completionSupport":true},"colWidth":12,"editorMode":"ace/mode/python","fontSize":9,"results":{},"enabled":true},"settings":{"params":{},"forms":{}},"results":{"code":"SUCCESS","msg":[{"type":"TEXT","data":"            name  ...                date\n0  MyLM_function  ... 2020-02-13 20:26:31\n1  RandomRedDots  ... 2020-02-13 04:04:46\n2     build_lm_1  ... 2020-02-13 03:39:30\n3    build_svc_1  ... 2020-02-13 04:04:40\n4        pyqFun1  ... 2020-02-13 17:04:25\n5     sk_svc_fit  ... 2020-02-13 03:41:12\n\n[6 rows x 4 columns]\n"}]},"apps":[],"jobName":"paragraph_1581624557891_-1725428174","id":"20200205-072925_575203636","dateCreated":"2020-02-13T20:09:17+0000","status":"FINISHED","progressUpdateIntervalMs":500,"$$hashKey":"object:26092","dateFinished":"2020-02-13T20:26:31+0000","dateStarted":"2020-02-13T20:26:31+0000"},{"text":"%md\n\nGrant the read privilege to the MyLM_function script to the user PYQUSER2.\n","user":"admin","dateUpdated":"2020-02-13T20:26:31+0000","config":{"tableHide":false,"editorSetting":{"language":"markdown","editOnDblClick":true,"completionSupport":false},"colWidth":12,"editorMode":"ace/mode/markdown","fontSize":9,"editorHide":true,"results":{},"enabled":true},"settings":{"params":{},"forms":{}},"results":{"code":"SUCCESS","msg":[{"type":"HTML","data":"<div class=\"markdown-body\">\n<p>Grant the read privilege to the MyLM_function script to the user PYQUSER2.</p>\n</div>"}]},"apps":[],"jobName":"paragraph_1581624557891_-891310055","id":"20200205-072939_1156863946","dateCreated":"2020-02-13T20:09:17+0000","status":"FINISHED","progressUpdateIntervalMs":500,"$$hashKey":"object:26093","dateFinished":"2020-02-13T20:26:31+0000","dateStarted":"2020-02-13T20:26:31+0000"},{"text":"%python\n\noml.grant(name=\"MyLM_function\", typ=\"pyqscript\", user=\"PYQUSER2\")","user":"admin","dateUpdated":"2020-02-13T20:26:32+0000","config":{"editorSetting":{"language":"python","editOnDblClick":false,"completionSupport":true},"colWidth":12,"editorMode":"ace/mode/python","fontSize":9,"results":{},"enabled":true},"settings":{"params":{},"forms":{}},"results":{"code":"SUCCESS","msg":[]},"apps":[],"jobName":"paragraph_1581624557891_-1262479437","id":"20200205-073002_1695043754","dateCreated":"2020-02-13T20:09:17+0000","status":"FINISHED","progressUpdateIntervalMs":500,"$$hashKey":"object:26094","dateFinished":"2020-02-13T20:26:32+0000","dateStarted":"2020-02-13T20:26:32+0000"},{"text":"%md\n\nList the scripts to which read privilege has been granted.\n","user":"admin","dateUpdated":"2020-02-13T20:26:32+0000","config":{"tableHide":false,"editorSetting":{"language":"markdown","editOnDblClick":true,"completionSupport":false},"colWidth":12,"editorMode":"ace/mode/markdown","fontSize":9,"editorHide":true,"results":{},"enabled":true},"settings":{"params":{},"forms":{}},"results":{"code":"SUCCESS","msg":[{"type":"HTML","data":"<div class=\"markdown-body\">\n<p>List the scripts to which read privilege has been granted.</p>\n</div>"}]},"apps":[],"jobName":"paragraph_1581624557891_-333607460","id":"20200205-073023_402768479","dateCreated":"2020-02-13T20:09:17+0000","status":"FINISHED","progressUpdateIntervalMs":500,"$$hashKey":"object:26095","dateFinished":"2020-02-13T20:26:32+0000","dateStarted":"2020-02-13T20:26:32+0000"},{"text":"%python\n\noml.script.dir(sctype=\"grant\")","user":"admin","dateUpdated":"2020-02-13T20:26:32+0000","config":{"editorSetting":{"language":"python","editOnDblClick":false,"completionSupport":true},"colWidth":12,"editorMode":"ace/mode/python","fontSize":9,"results":{},"enabled":true},"settings":{"params":{},"forms":{}},"results":{"code":"SUCCESS","msg":[{"type":"TEXT","data":"            name   grantee\n0  MyLM_function  PYQUSER2\n"}]},"apps":[],"jobName":"paragraph_1581624557891_2109078087","id":"20200205-073049_743190396","dateCreated":"2020-02-13T20:09:17+0000","status":"FINISHED","progressUpdateIntervalMs":500,"$$hashKey":"object:26096","dateFinished":"2020-02-13T20:26:32+0000","dateStarted":"2020-02-13T20:26:32+0000"},{"text":"%md\n\nRevoke the read privilege to the MyLM_function script from the user PYQUSER2.\n","user":"admin","dateUpdated":"2020-02-13T20:26:32+0000","config":{"tableHide":false,"editorSetting":{"language":"markdown","editOnDblClick":true,"completionSupport":false},"colWidth":12,"editorMode":"ace/mode/markdown","fontSize":9,"editorHide":true,"results":{},"enabled":true},"settings":{"params":{},"forms":{}},"results":{"code":"SUCCESS","msg":[{"type":"HTML","data":"<div class=\"markdown-body\">\n<p>Revoke the read privilege to the MyLM_function script from the user PYQUSER2.</p>\n</div>"}]},"apps":[],"jobName":"paragraph_1581624557892_1161157330","id":"20200205-073103_1237757308","dateCreated":"2020-02-13T20:09:17+0000","status":"FINISHED","progressUpdateIntervalMs":500,"$$hashKey":"object:26097","dateFinished":"2020-02-13T20:26:32+0000","dateStarted":"2020-02-13T20:26:32+0000"},{"text":"%python\n\noml.revoke(name=\"MyLM_function\", typ=\"pyqscript\", user=\"PYQUSER2\")","user":"admin","dateUpdated":"2020-02-13T20:26:32+0000","config":{"editorSetting":{"language":"python","editOnDblClick":false,"completionSupport":true},"colWidth":12,"editorMode":"ace/mode/python","fontSize":9,"results":{},"enabled":true},"settings":{"params":{},"forms":{}},"results":{"code":"SUCCESS","msg":[]},"apps":[],"jobName":"paragraph_1581624557892_-1527436847","id":"20200205-073123_1022062021","dateCreated":"2020-02-13T20:09:17+0000","status":"FINISHED","progressUpdateIntervalMs":500,"$$hashKey":"object:26098","dateFinished":"2020-02-13T20:26:32+0000","dateStarted":"2020-02-13T20:26:32+0000"},{"text":"%md\n\nWe'll use embedded Python execution to invoke this function. First we ***sync*** the IRIS table to get a proxy object, then use ***table_apply***, providing the proxy object, function name and the output type. We'll view the result and then pull the coefficients.\n","user":"admin","dateUpdated":"2020-02-13T20:26:32+0000","config":{"tableHide":false,"editorSetting":{"language":"markdown","editOnDblClick":true,"completionSupport":false},"colWidth":12,"editorMode":"ace/mode/markdown","fontSize":9,"editorHide":true,"results":{},"enabled":true},"settings":{"params":{},"forms":{}},"results":{"code":"SUCCESS","msg":[{"type":"HTML","data":"<div class=\"markdown-body\">\n<p>We&rsquo;ll use embedded Python execution to invoke this function. First we <strong><em>sync</em></strong> the IRIS table to get a proxy object, then use <strong><em>table_apply</em></strong>, providing the proxy object, function name and the output type. We&rsquo;ll view the result and then pull the coefficients.</p>\n</div>"}]},"apps":[],"jobName":"paragraph_1581624557892_-882769684","id":"20200205-073143_2131035604","dateCreated":"2020-02-13T20:09:17+0000","status":"FINISHED","progressUpdateIntervalMs":500,"$$hashKey":"object:26099","dateFinished":"2020-02-13T20:26:32+0000","dateStarted":"2020-02-13T20:26:32+0000"},{"text":"%python\n\nres = oml.table_apply(IRIS2, func=\"MyLM_function\", \n                      oml_input_type=\"pandas.DataFrame\")\nres","user":"admin","dateUpdated":"2020-02-13T20:26:33+0000","config":{"editorSetting":{"language":"python","editOnDblClick":false,"completionSupport":true},"colWidth":12,"editorMode":"ace/mode/python","fontSize":9,"results":{},"enabled":true},"settings":{"params":{},"forms":{}},"results":{"code":"SUCCESS","msg":[{"type":"TEXT","data":"LinearRegression(copy_X=True, fit_intercept=True, n_jobs=None, normalize=False)\n"}]},"apps":[],"jobName":"paragraph_1581624557892_-322914100","id":"20200205-073213_2090865088","dateCreated":"2020-02-13T20:09:17+0000","status":"FINISHED","progressUpdateIntervalMs":500,"$$hashKey":"object:26100","dateFinished":"2020-02-13T20:26:34+0000","dateStarted":"2020-02-13T20:26:33+0000"},{"text":"%python\n\nres.pull().coef_","user":"admin","dateUpdated":"2020-02-13T20:26:34+0000","config":{"editorSetting":{"language":"python","editOnDblClick":false,"completionSupport":true},"colWidth":12,"editorMode":"ace/mode/python","fontSize":9,"results":{},"enabled":true},"settings":{"params":{},"forms":{}},"results":{"code":"SUCCESS","msg":[{"type":"TEXT","data":"array([[ 0.49588894,  0.82924391, -0.31515517, -0.72356196, -1.02349781]])\n"}]},"apps":[],"jobName":"paragraph_1581624557892_-2124946957","id":"20200205-073233_368878350","dateCreated":"2020-02-13T20:09:17+0000","status":"FINISHED","progressUpdateIntervalMs":500,"$$hashKey":"object:26101","dateFinished":"2020-02-13T20:26:34+0000","dateStarted":"2020-02-13T20:26:34+0000"},{"text":"%md\n\nLet's define and save another function ***build_lm2***, but this time as global. We'll then invoke that function to build another model.\n","user":"admin","dateUpdated":"2020-02-13T20:26:34+0000","config":{"tableHide":false,"editorSetting":{"language":"markdown","editOnDblClick":true,"completionSupport":false},"colWidth":12,"editorMode":"ace/mode/markdown","fontSize":9,"editorHide":true,"results":{},"enabled":true},"settings":{"params":{},"forms":{}},"results":{"code":"SUCCESS","msg":[{"type":"HTML","data":"<div class=\"markdown-body\">\n<p>Let&rsquo;s define and save another function <strong><em>build_lm2</em></strong>, but this time as global. We&rsquo;ll then invoke that function to build another model.</p>\n</div>"}]},"apps":[],"jobName":"paragraph_1581624557893_-1629390200","id":"20200205-073258_627847966","dateCreated":"2020-02-13T20:09:17+0000","status":"FINISHED","progressUpdateIntervalMs":500,"$$hashKey":"object:26102","dateFinished":"2020-02-13T20:26:34+0000","dateStarted":"2020-02-13T20:26:34+0000"},{"text":"%python\n\nbuild_lm2 = \"\"\"def build_lm2(dat):\n  from sklearn import linear_model\n  regr = linear_model.LinearRegression()\n  X = dat[[\"PETAL_WIDTH\"]]\n  y = dat[[\"PETAL_LENGTH\"]]\n  regr.fit(X, y)\n  return regr\"\"\"","user":"admin","dateUpdated":"2020-02-13T20:26:34+0000","config":{"editorSetting":{"language":"python","editOnDblClick":false,"completionSupport":true},"colWidth":12,"editorMode":"ace/mode/python","fontSize":9,"results":{},"enabled":true},"settings":{"params":{},"forms":{}},"results":{"code":"SUCCESS","msg":[]},"apps":[],"jobName":"paragraph_1581624557893_-1998513060","id":"20200205-073321_975037745","dateCreated":"2020-02-13T20:09:17+0000","status":"FINISHED","progressUpdateIntervalMs":500,"$$hashKey":"object:26103","dateFinished":"2020-02-13T20:26:34+0000","dateStarted":"2020-02-13T20:26:34+0000"},{"text":"%python\n\noml.script.create(\"MyGlobalLM_function\", func=build_lm2, is_global=True, overwrite=True)","user":"admin","dateUpdated":"2020-02-13T20:26:34+0000","config":{"editorSetting":{"language":"python","editOnDblClick":false,"completionKey":"TAB","completionSupport":true},"colWidth":12,"editorMode":"ace/mode/python","fontSize":9,"results":{},"enabled":true},"settings":{"params":{},"forms":{}},"results":{"code":"SUCCESS","msg":[]},"apps":[],"jobName":"paragraph_1581624557893_868613235","id":"20200211-194405_1090799959","dateCreated":"2020-02-13T20:09:17+0000","status":"FINISHED","progressUpdateIntervalMs":500,"$$hashKey":"object:26104","dateFinished":"2020-02-13T20:26:34+0000","dateStarted":"2020-02-13T20:26:34+0000"},{"text":"%python\n\nres = oml.table_apply(IRIS, func=\"MyGlobalLM_function\", \n                      oml_input_type=\"pandas.DataFrame\")\nres","user":"admin","dateUpdated":"2020-02-13T20:26:35+0000","config":{"editorSetting":{"language":"python","editOnDblClick":false,"completionSupport":true},"colWidth":12,"editorMode":"ace/mode/python","fontSize":9,"results":{},"enabled":true},"settings":{"params":{},"forms":{}},"results":{"code":"SUCCESS","msg":[{"type":"TEXT","data":"LinearRegression(copy_X=True, fit_intercept=True, n_jobs=None, normalize=False)\n"}]},"apps":[],"jobName":"paragraph_1581624557893_512954848","id":"20200205-073334_2142184386","dateCreated":"2020-02-13T20:09:17+0000","status":"FINISHED","progressUpdateIntervalMs":500,"$$hashKey":"object:26105","dateFinished":"2020-02-13T20:26:35+0000","dateStarted":"2020-02-13T20:26:35+0000"},{"text":"%md\n\nList the scripts in the script repository available to the current user only.\n","user":"admin","dateUpdated":"2020-02-13T20:26:35+0000","config":{"tableHide":false,"editorSetting":{"language":"markdown","editOnDblClick":true,"completionSupport":false},"colWidth":12,"editorMode":"ace/mode/markdown","fontSize":9,"editorHide":true,"results":{},"enabled":true},"settings":{"params":{},"forms":{}},"results":{"code":"SUCCESS","msg":[{"type":"HTML","data":"<div class=\"markdown-body\">\n<p>List the scripts in the script repository available to the current user only.</p>\n</div>"}]},"apps":[],"jobName":"paragraph_1581624557893_619754758","id":"20200205-073405_1412714724","dateCreated":"2020-02-13T20:09:17+0000","status":"FINISHED","progressUpdateIntervalMs":500,"$$hashKey":"object:26106","dateFinished":"2020-02-13T20:26:35+0000","dateStarted":"2020-02-13T20:26:35+0000"},{"text":"%python\n\noml.script.dir()","user":"admin","dateUpdated":"2020-02-13T20:26:35+0000","config":{"editorSetting":{"language":"python","editOnDblClick":false,"completionSupport":true},"colWidth":12,"editorMode":"ace/mode/python","fontSize":9,"results":{},"enabled":true},"settings":{"params":{},"forms":{}},"results":{"code":"SUCCESS","msg":[{"type":"TEXT","data":"            name  ...                date\n0  MyLM_function  ... 2020-02-13 20:26:31\n1  RandomRedDots  ... 2020-02-13 04:04:46\n2     build_lm_1  ... 2020-02-13 03:39:30\n3    build_svc_1  ... 2020-02-13 04:04:40\n4        pyqFun1  ... 2020-02-13 17:04:25\n5     sk_svc_fit  ... 2020-02-13 03:41:12\n\n[6 rows x 4 columns]\n"}]},"apps":[],"jobName":"paragraph_1581624557894_-1849147577","id":"20200205-073450_638282084","dateCreated":"2020-02-13T20:09:17+0000","status":"FINISHED","progressUpdateIntervalMs":500,"$$hashKey":"object:26107","dateFinished":"2020-02-13T20:26:35+0000","dateStarted":"2020-02-13T20:26:35+0000"},{"text":"%md\n\nList all of the scripts available to the current user.\n","user":"admin","dateUpdated":"2020-02-13T20:26:35+0000","config":{"tableHide":false,"editorSetting":{"language":"markdown","editOnDblClick":true,"completionSupport":false},"colWidth":12,"editorMode":"ace/mode/markdown","fontSize":9,"editorHide":true,"results":{},"enabled":true},"settings":{"params":{},"forms":{}},"results":{"code":"SUCCESS","msg":[{"type":"HTML","data":"<div class=\"markdown-body\">\n<p>List all of the scripts available to the current user.</p>\n</div>"}]},"apps":[],"jobName":"paragraph_1581624557894_-1972166119","id":"20200205-073505_473186321","dateCreated":"2020-02-13T20:09:17+0000","status":"FINISHED","progressUpdateIntervalMs":500,"$$hashKey":"object:26108","dateFinished":"2020-02-13T20:26:35+0000","dateStarted":"2020-02-13T20:26:35+0000"},{"text":"%python\n\noml.script.dir(sctype='all')","user":"admin","dateUpdated":"2020-02-13T20:26:35+0000","config":{"editorSetting":{"language":"python","editOnDblClick":false,"completionSupport":true},"colWidth":12,"editorMode":"ace/mode/python","fontSize":9,"results":{},"enabled":true},"settings":{"params":{},"forms":{}},"results":{"code":"SUCCESS","msg":[{"type":"TEXT","data":"     owner                 name  ... description                date\n0   PYQSYS  MyGlobalLM_function  ...        None 2020-02-13 20:26:34\n1   PYQSYS        RandomRedDots  ...        None 2020-02-13 03:41:16\n2   PYQSYS       RandomRedDots2  ...        None 2020-02-13 03:41:17\n3   PYQSYS       RandomRedDots3  ...        None 2020-02-13 03:41:18\n4  PYQUSER        MyLM_function  ...        None 2020-02-13 20:26:31\n5  PYQUSER        RandomRedDots  ...        None 2020-02-13 04:04:46\n6  PYQUSER           build_lm_1  ...        None 2020-02-13 03:39:30\n7  PYQUSER          build_svc_1  ...        None 2020-02-13 04:04:40\n8  PYQUSER              pyqFun1  ...        None 2020-02-13 17:04:25\n9  PYQUSER           sk_svc_fit  ...        None 2020-02-13 03:41:12\n\n[10 rows x 5 columns]\n"}]},"apps":[],"jobName":"paragraph_1581624557894_1671356477","id":"20200205-073526_1453255038","dateCreated":"2020-02-13T20:09:17+0000","status":"FINISHED","progressUpdateIntervalMs":500,"$$hashKey":"object:26109","dateFinished":"2020-02-13T20:26:35+0000","dateStarted":"2020-02-13T20:26:35+0000"},{"text":"%md\n\nList the scripts available to all users.\n","user":"admin","dateUpdated":"2020-02-13T20:26:35+0000","config":{"tableHide":false,"editorSetting":{"language":"markdown","editOnDblClick":true,"completionSupport":false},"colWidth":12,"editorMode":"ace/mode/markdown","fontSize":9,"editorHide":true,"results":{},"enabled":true},"settings":{"params":{},"forms":{}},"results":{"code":"SUCCESS","msg":[{"type":"HTML","data":"<div class=\"markdown-body\">\n<p>List the scripts available to all users.</p>\n</div>"}]},"apps":[],"jobName":"paragraph_1581624557894_-542268959","id":"20200205-073543_987313880","dateCreated":"2020-02-13T20:09:17+0000","status":"FINISHED","progressUpdateIntervalMs":500,"$$hashKey":"object:26110","dateFinished":"2020-02-13T20:26:35+0000","dateStarted":"2020-02-13T20:26:35+0000"},{"text":"%python\n\noml.script.dir(sctype='global')","user":"admin","dateUpdated":"2020-02-13T20:26:36+0000","config":{"editorSetting":{"language":"python","editOnDblClick":false,"completionSupport":true},"colWidth":12,"editorMode":"ace/mode/python","fontSize":9,"results":{},"enabled":true},"settings":{"params":{},"forms":{}},"results":{"code":"SUCCESS","msg":[{"type":"TEXT","data":"                  name  ...                date\n0  MyGlobalLM_function  ... 2020-02-13 20:26:34\n1        RandomRedDots  ... 2020-02-13 03:41:16\n2       RandomRedDots2  ... 2020-02-13 03:41:17\n3       RandomRedDots3  ... 2020-02-13 03:41:18\n\n[4 rows x 4 columns]\n"}]},"apps":[],"jobName":"paragraph_1581624557895_1906930900","id":"20200205-073605_1560040484","dateCreated":"2020-02-13T20:09:17+0000","status":"FINISHED","progressUpdateIntervalMs":500,"$$hashKey":"object:26111","dateFinished":"2020-02-13T20:26:36+0000","dateStarted":"2020-02-13T20:26:36+0000"},{"text":"%md\n\nLoad the MyLM_function and MyGlobalLM_function scripts, and pull the models to the local Python session. For MYLM, build the model on the IRIS data set and pull the coefficients. For GlobalMYLM, build and display the model.\n","user":"admin","dateUpdated":"2020-02-13T20:26:36+0000","config":{"tableHide":false,"editorSetting":{"language":"markdown","editOnDblClick":true,"completionSupport":false},"colWidth":12,"editorMode":"ace/mode/markdown","fontSize":9,"editorHide":true,"results":{},"enabled":true},"settings":{"params":{},"forms":{}},"results":{"code":"SUCCESS","msg":[{"type":"HTML","data":"<div class=\"markdown-body\">\n<p>Load the MyLM_function and MyGlobalLM_function scripts, and pull the models to the local Python session. For MYLM, build the model on the IRIS data set and pull the coefficients. For GlobalMYLM, build and display the model.</p>\n</div>"}]},"apps":[],"jobName":"paragraph_1581624557895_51652298","id":"20200205-073620_622874694","dateCreated":"2020-02-13T20:09:17+0000","status":"FINISHED","progressUpdateIntervalMs":500,"$$hashKey":"object:26112","dateFinished":"2020-02-13T20:26:36+0000","dateStarted":"2020-02-13T20:26:36+0000"},{"text":"%python\n\nMYLM = oml.script.load(name=\"MyLM_function\")\nGlobalMYLM = oml.script.load(name=\"MyGlobalLM_function\")\n\nprint(\"Coefficients: \", MYLM(IRIS.pull()).coef_)\nprint(\"Model: \", GlobalMYLM(IRIS.pull()))","user":"admin","dateUpdated":"2020-02-13T20:26:36+0000","config":{"editorSetting":{"language":"python","editOnDblClick":false,"completionSupport":true},"colWidth":12,"editorMode":"ace/mode/python","fontSize":9,"results":{},"enabled":true},"settings":{"params":{},"forms":{}},"results":{"code":"SUCCESS","msg":[{"type":"TEXT","data":"Coefficients:  [[ 0.49588894  0.82924391 -0.31515517 -0.72356196 -1.02349781]]\nModel:  LinearRegression(copy_X=True, fit_intercept=True, n_jobs=None, normalize=False)\n"}]},"apps":[],"jobName":"paragraph_1581624557895_859177438","id":"20200205-073657_33688279","dateCreated":"2020-02-13T20:09:17+0000","status":"FINISHED","progressUpdateIntervalMs":500,"$$hashKey":"object:26113","dateFinished":"2020-02-13T20:26:36+0000","dateStarted":"2020-02-13T20:26:36+0000"},{"text":"%md\n\nList the available scripts.\n","user":"admin","dateUpdated":"2020-02-13T20:26:36+0000","config":{"tableHide":false,"editorSetting":{"language":"markdown","editOnDblClick":true,"completionSupport":false},"colWidth":12,"editorMode":"ace/mode/markdown","fontSize":9,"editorHide":true,"results":{},"enabled":true},"settings":{"params":{},"forms":{}},"results":{"code":"SUCCESS","msg":[{"type":"HTML","data":"<div class=\"markdown-body\">\n<p>List the available scripts.</p>\n</div>"}]},"apps":[],"jobName":"paragraph_1581624557895_1652107206","id":"20200205-073704_457619323","dateCreated":"2020-02-13T20:09:17+0000","status":"FINISHED","progressUpdateIntervalMs":500,"$$hashKey":"object:26114","dateFinished":"2020-02-13T20:26:36+0000","dateStarted":"2020-02-13T20:26:36+0000"},{"text":"%python\n\noml.script.dir(sctype=\"all\")","user":"admin","dateUpdated":"2020-02-13T20:26:36+0000","config":{"editorSetting":{"language":"python","editOnDblClick":false,"completionSupport":true},"colWidth":12,"editorMode":"ace/mode/python","fontSize":9,"results":{},"enabled":true},"settings":{"params":{},"forms":{}},"results":{"code":"SUCCESS","msg":[{"type":"TEXT","data":"     owner                 name  ... description                date\n0   PYQSYS  MyGlobalLM_function  ...        None 2020-02-13 20:26:34\n1   PYQSYS        RandomRedDots  ...        None 2020-02-13 03:41:16\n2   PYQSYS       RandomRedDots2  ...        None 2020-02-13 03:41:17\n3   PYQSYS       RandomRedDots3  ...        None 2020-02-13 03:41:18\n4  PYQUSER        MyLM_function  ...        None 2020-02-13 20:26:31\n5  PYQUSER        RandomRedDots  ...        None 2020-02-13 04:04:46\n6  PYQUSER           build_lm_1  ...        None 2020-02-13 03:39:30\n7  PYQUSER          build_svc_1  ...        None 2020-02-13 04:04:40\n8  PYQUSER              pyqFun1  ...        None 2020-02-13 17:04:25\n9  PYQUSER           sk_svc_fit  ...        None 2020-02-13 03:41:12\n\n[10 rows x 5 columns]\n"}]},"apps":[],"jobName":"paragraph_1581624557895_-1182824706","id":"20200205-073719_382193268","dateCreated":"2020-02-13T20:09:17+0000","status":"FINISHED","progressUpdateIntervalMs":500,"$$hashKey":"object:26115","dateFinished":"2020-02-13T20:26:36+0000","dateStarted":"2020-02-13T20:26:36+0000"},{"text":"%md\n\nDrop the private script.\n\nDrop the global script.\n\nList the available scripts again.\n","user":"admin","dateUpdated":"2020-02-13T20:26:36+0000","config":{"tableHide":false,"editorSetting":{"language":"markdown","editOnDblClick":true,"completionSupport":false},"colWidth":12,"editorMode":"ace/mode/markdown","fontSize":9,"editorHide":true,"results":{},"enabled":true},"settings":{"params":{},"forms":{}},"results":{"code":"SUCCESS","msg":[{"type":"HTML","data":"<div class=\"markdown-body\">\n<p>Drop the private script.</p>\n<p>Drop the global script.</p>\n<p>List the available scripts again.</p>\n</div>"}]},"apps":[],"jobName":"paragraph_1581624557896_-1006752604","id":"20200205-073737_1594418726","dateCreated":"2020-02-13T20:09:17+0000","status":"FINISHED","progressUpdateIntervalMs":500,"$$hashKey":"object:26116","dateFinished":"2020-02-13T20:26:36+0000","dateStarted":"2020-02-13T20:26:36+0000"},{"text":"%python\n\noml.script.drop(\"MyLM_function\")\noml.script.drop(\"MyGlobalLM_function\", is_global=True)\noml.script.dir(sctype=\"all\")","user":"admin","dateUpdated":"2020-02-13T20:26:37+0000","config":{"editorSetting":{"language":"python","editOnDblClick":false,"completionSupport":true},"colWidth":12,"editorMode":"ace/mode/python","fontSize":9,"results":{},"enabled":true},"settings":{"params":{},"forms":{}},"results":{"code":"SUCCESS","msg":[{"type":"TEXT","data":"     owner            name  ... description                date\n0   PYQSYS   RandomRedDots  ...        None 2020-02-13 03:41:16\n1   PYQSYS  RandomRedDots2  ...        None 2020-02-13 03:41:17\n2   PYQSYS  RandomRedDots3  ...        None 2020-02-13 03:41:18\n3  PYQUSER   RandomRedDots  ...        None 2020-02-13 04:04:46\n4  PYQUSER      build_lm_1  ...        None 2020-02-13 03:39:30\n5  PYQUSER     build_svc_1  ...        None 2020-02-13 04:04:40\n6  PYQUSER         pyqFun1  ...        None 2020-02-13 17:04:25\n7  PYQUSER      sk_svc_fit  ...        None 2020-02-13 03:41:12\n\n[8 rows x 5 columns]\n"}]},"apps":[],"jobName":"paragraph_1581624557896_760232494","id":"20200205-073758_1797981260","dateCreated":"2020-02-13T20:09:17+0000","status":"FINISHED","progressUpdateIntervalMs":500,"$$hashKey":"object:26117","dateFinished":"2020-02-13T20:26:37+0000","dateStarted":"2020-02-13T20:26:37+0000"},{"text":"%python\n","user":"admin","dateUpdated":"2020-02-13T20:26:37+0000","config":{"colWidth":12,"fontSize":9,"enabled":true,"results":{},"editorSetting":{"language":"python","editOnDblClick":false,"completionKey":"TAB","completionSupport":true},"editorMode":"ace/mode/python"},"settings":{"params":{},"forms":{}},"apps":[],"jobName":"paragraph_1581624666933_-2034822526","id":"20200213-201106_1483029081","dateCreated":"2020-02-13T20:11:06+0000","status":"FINISHED","progressUpdateIntervalMs":500,"focus":true,"$$hashKey":"object:32664"}],"name":"OML4Py/3 - OML4Py Datastore and Script Repository","id":"2EZJSR4ZC","noteParams":{},"noteForms":{},"angularObjects":{"md:shared_process":[],"python:shared_process":[],"spark:shared_process":[]},"config":{"isZeppelinNotebookCronEnable":false,"looknfeel":"default","personalizedMode":"false"},"info":{}}