<?xml version="1.0" ?><graphml xmlns="http://graphml.graphdrawing.org/xmlns" xmlns:xsi="http://www.w3.org/2001/XMLSchema-instance" xsi:schemaLocation="http://graphml.graphdrawing.org/xmlns http://graphml.graphdrawing.org/xmlns/1.1/graphml.xsd"><key id="country" for="node" attr.name="country" attr.type="string"></key><key id="music genre" for="node" attr.name="music genre" attr.type="string"></key><key id="role" for="node" attr.name="role" attr.type="string"></key><key id="occupation" for="node" attr.name="occupation" attr.type="string"></key><key id="show" for="node" attr.name="show" attr.type="string"></key><key id="political party" for="node" attr.name="political party" attr.type="string"></key><key id="team" for="node" attr.name="team" attr.type="string"></key><key id="type" for="node" attr.name="type" attr.type="string"></key><key id="religion" for="node" attr.name="religion" attr.type="string"></key><key id="criminal charge" for="node" attr.name="criminal charge" attr.type="string"></key><key id="name" for="node" attr.name="name" attr.type="string"></key><key id="genre" for="node" attr.name="genre" attr.type="string"></key><key id="company" for="node" attr.name="company" attr.type="string"></key><key id="weight" for="edge" attr.name="weight" attr.type="float"></key><graph id="G" edgedefault="directed"><node id="14"><data key="role">business magnate</data><data key="name">Aliko Dangote</data><data key="company">Dangote Group</data><data key="religion">Islam</data></node><node id="20"><data key="country">United States</data><data key="occupation">founder</data><data key="role">philantropist</data><data key="name">Tom Steyer</data><data key="company">Farallon Capital Management</data><data key="political party">Democratic</data></node><node id="40"><data key="country">United States</data><data key="name">ABC</data><data key="type">broadcast television network</data></node><node id="57"><data key="name">Dieudonne Nzapalainga</data></node><node id="70"><data key="country">United States</data><data key="occupation">business man</data><data key="name">Carl Icahn</data></node><node id="78"><data key="country">United States</data><data key="occupation">CEO of Jawbone</data><data key="name">Hosain Rahman</data></node><node id="5"><data key="country">Italy</data><data key="occupation">pope</data><data key="role">Catholic religion authority</data><data key="name">Pope Francis</data><data key="religion">Catholicism</data></node><node id="15"><data key="country">United States</data><data key="genre">political drama</data><data key="name">House of Cards</data><data key="type">TV show series</data></node><node id="19"><data key="country">United States</data><data key="occupation">junior United States Senator from New York</data><data key="role">political authority</data><data key="name">Kirsten Gillibrand</data><data key="political party">Democratic</data><data key="religion">Methodism</data></node><node id="26"><data key="country">Japan</data><data key="occupation">57th prime minister of Japan</data><data key="role">political authority</data><data key="name">Shinzo Abe</data><data key="political party">Liberal democratic party</data><data key="religion">shintoism/zen buddhism</data></node><node id="36"><data key="country">United States</data><data key="occupation">singer-songwriter</data><data key="name">Pharrell Williams</data></node><node id="37"><data key="country">United States</data><data key="name">Amazon</data><data key="type">online retailing</data></node><node id="44"><data key="country">United States</data><data key="occupation">actor</data><data key="name">Seth Meyers</data></node><node id="46"><data key="country">United States</data><data key="name">The Academy</data><data key="type">annual award ceremony for the achievements in film industry</data></node><node id="52"><data key="country">United States</data><data key="occupation">actor</data><data key="name">Steve McQueen</data></node><node id="66"><data key="country">United States</data><data key="name">eBay</data><data key="type">e-commerce company</data></node><node id="77"><data key="country">United States</data><data key="occupation">CEO of Nest</data><data key="name">Tony Fadell</data></node><node id="10"><data key="occupation">junior United States senator for Kentucky</data><data key="role">political authority</data><data key="name">Rand Paul</data></node><node id="12"><data key="country">Italy</data><data key="name">World Food Programme</data><data key="type">Food assistance branch of United Nations</data></node><node id="13"><data key="country">United States</data><data key="occupation">United States Ambassador to the United Nations agencies for Food and Agriculture</data><data key="role">political authority</data><data key="name">Ertharin Cousin</data><data key="political party">Democratic</data></node><node id="22"><data key="country">United States</data><data key="occupation">68th United States Secretary of State</data><data key="role">political authority</data><data key="name">John Kerry</data><data key="political party">Democratic</data><data key="religion">Catholicism</data></node><node id="24"><data key="country">United States</data><data key="occupation">system administrator</data><data key="role">political authority</data><data key="criminal charge">unauthorized communication of national defense information</data><data key="name">Edward Snowden</data><data key="religion">buddhism</data></node><node id="29"><data key="country">United States</data><data key="occupation">chief executive officer</data><data key="role">business woman</data><data key="name">Mary Barra</data><data key="company">General Motors</data></node><node id="41"><data key="country">United States</data><data key="occupation">singer-songwriter</data><data key="name">Carrie Underwood</data></node><node id="42"><data key="country">United States</data><data key="name">NBC</data><data key="type">broadcast television network</data></node><node id="48"><data key="country">United States</data><data key="occupation">songwriter</data><data key="name">Robert Lopez</data></node><node id="17"><data key="country">United States</data><data key="role">actress</data><data key="name">Robin Wright</data></node><node id="47"><data key="country">United States</data><data key="occupation">actor</data><data key="name">Matthew McConaughey</data></node><node id="54"><data key="country">United States</data><data key="occupation">adult fiction author</data><data key="name">John Green</data></node><node id="64"><data key="country">United States</data><data key="occupation">business man</data><data key="name">Jeff Bezos</data></node><node id="75"><data key="country">United States</data><data key="occupation">cofounder of snapchat</data><data key="name">Bobby Murphy</data></node><node id="39"><data key="country">United States</data><data key="occupation">actress</data><data key="name">Kerry Washington</data></node><node id="49"><data key="country">United States</data><data key="occupation">actress songwriter</data><data key="name">Kristen Anderson-Lopez</data></node><node id="53"><data key="country">United Kingdom</data><data key="occupation">actor film producer</data><data key="name">Benedict Cumberbatch</data></node><node id="69"><data key="country">China</data><data key="name">Tencent</data><data key="type">mass media</data></node><node id="73"><data key="country">United States</data><data key="name">Nest</data><data key="type">home automation company</data></node><node id="8"><data key="country">United States</data><data key="occupation">executive vice president</data><data key="role">american business man</data><data key="name">David Koch</data><data key="company">Koch Industries</data><data key="political party">Republican</data></node><node id="45"><data key="country">United States</data><data key="name">CBS</data><data key="type">broadcast television network</data></node><node id="55"><data key="country">United States</data><data key="occupation">soldier</data><data key="name">H.R. McMaster</data></node><node id="72"><data key="country">United States</data><data key="name">Facebook</data><data key="type">online social network service</data></node><node id="9"><data key="country">United States</data><data key="occupation">chief executive officer</data><data key="role">american business man</data><data key="name">Charles Koch</data><data key="company">Koch Industries</data><data key="political party">Republican</data></node><node id="32"><data key="country">North Korea</data><data key="occupation">Supreme leader of North Korea</data><data key="role">political authority</data><data key="name">Kim Jong Un</data><data key="political party">Workers' Party of Korea</data><data key="religion">atheism</data></node><node id="35"><data key="country">United States</data><data key="role">professional tennis player</data><data key="name">Serena Williams</data><data key="political party">independent</data><data key="religion">sunni islam</data></node><node id="51"><data key="country">United States</data><data key="occupation">film producer</data><data key="name">Megan Ellison</data></node><node id="56"><data key="name">Omar Kobine Layama</data></node><node id="59"><data key="country">Rome</data><data key="name">The Vatican</data><data key="type">state</data><data key="religion">Catholicism</data></node><node id="67"><data key="country">United States</data><data key="name">Google</data><data key="type">internet-related services products</data></node><node id="2"><data key="country">United States</data><data key="music genre">pop soul </data><data key="role">singer actress</data><data key="name">Beyonce</data></node><node id="4"><data key="country">United States</data><data key="role">american economist</data><data key="name">Janet Yellen</data><data key="political party">Democratic</data></node><node id="11"><data key="country">United States</data><data key="occupation">United States Deputy Attorney General</data><data key="role">political authority</data><data key="name">Eric Holder</data><data key="political party">Democratic</data></node><node id="16"><data key="country">United States</data><data key="name">Netflix</data><data key="type">Internet video rental and streaming</data></node><node id="18"><data key="country">United States</data><data key="role">writer producer director</data><data key="name">Jenji Kohan</data><data key="show">Orange is the new black</data></node><node id="23"><data key="country">Germany</data><data key="occupation">chancellor</data><data key="role">political authority</data><data key="name">Angela Merkel</data><data key="political party">Christian democratic union</data></node><node id="27"><data key="country">China</data><data key="occupation">president of the People's Republic of China</data><data key="role">political authority</data><data key="name">Xi Jinping</data><data key="political party">communist party</data></node><node id="31"><data key="country">United States</data><data key="occupation">basketball center player</data><data key="role">professional basketball player</data><data key="name">Jason Collins</data><data key="team">Brooklyn nets</data></node><node id="33"><data key="country">Egypt</data><data key="occupation">6th president of Egypt</data><data key="role">political authority</data><data key="name">Abdel Fattah eL-Sisi</data><data key="political party">independent</data><data key="religion">sunni islam</data></node><node id="34"><data key="country">Turkey</data><data key="occupation">11th president of Turkey</data><data key="role">political authority</data><data key="name">Abdullah Gul</data><data key="political party">independent</data><data key="religion">sunni islam</data></node><node id="38"><data key="country">United States</data><data key="occupation">singer-songwriter</data><data key="name">Miley Cyrus</data></node><node id="61"><data key="country">Chile</data><data key="occupation">President of Chile</data><data key="role">political authority</data><data key="name">Michelle Bachelet</data></node><node id="63"><data key="country">Portugal</data><data key="occupation">Professional footballer</data><data key="name">Cristiano Ronaldo</data></node><node id="68"><data key="country">China</data><data key="occupation">business man</data><data key="name">Jack Ma</data></node><node id="21"><data key="country">United States</data><data key="occupation">67th United States Secretary of State</data><data key="role">political authority</data><data key="name">Hillary Clinton</data><data key="political party">Democratic</data><data key="religion">Methodism</data></node><node id="25"><data key="country">Russia</data><data key="occupation">president of Russia</data><data key="role">political authority</data><data key="name">Vladimir Putin</data><data key="political party">Comunist party of the Soviet Union</data></node><node id="28"><data key="country">Iran</data><data key="occupation">7th president of Iran</data><data key="role">political authority</data><data key="name">Hassan Rouhani</data><data key="political party">Islamic republican party</data><data key="religion">twelver shia islam</data></node><node id="30"><data key="country">United States</data><data key="occupation">34th and 39th governorn of California</data><data key="role">political authority</data><data key="name">Jerry Brown</data><data key="political party">Democratic</data><data key="religion">roman catholicism</data></node><node id="43"><data key="country">Mexico</data><data key="occupation">film director</data><data key="name">Alfonso Cuaron</data></node><node id="62"><data key="country">Uruguay</data><data key="occupation">President of Uruguay</data><data key="role">political authority</data><data key="name">Jose Mujica</data></node><node id="74"><data key="country">United States</data><data key="name">Snapchat</data><data key="type">photo messaging application</data></node><node id="76"><data key="country">United States</data><data key="occupation">cofounder of snapchat</data><data key="name">Evan Spiegel</data></node><node id="1"><data key="country">United States</data><data key="occupation">44th president of United States of America</data><data key="role">political authority</data><data key="name">Barack Obama</data><data key="political party">Democratic</data><data key="religion">Christianity</data></node><node id="3"><data key="country">United States</data><data key="role">talk show host journalist</data><data key="name">Charlie Rose</data><data key="show">Charlie Rose</data></node><node id="6"><data key="country">United States</data><data key="role">american comedian actor</data><data key="name">Jordan Peele</data><data key="show">Key and Peele</data></node><node id="7"><data key="country">United States</data><data key="role">american comedian actor</data><data key="name">Keegan-Michael Key</data><data key="show">Mad TV</data></node><node id="50"><data key="country">United States</data><data key="occupation">actress singer</data><data key="name">Amy Adams</data></node><node id="58"><data key="name">Nicolas Guerekoyame Gbangou</data></node><node id="60"><data key="country">Venezuela</data><data key="role">political authority</data><data key="name">Nicolas Maduro</data></node><node id="65"><data key="country">China</data><data key="name">Alibaba</data><data key="type">e-commerce company</data></node><node id="71"><data key="country">China</data><data key="occupation">business man</data><data key="name">Pony Ma</data></node><edge id="1078" source="2" target="1" label="collaborates"><data key="weight">1.0</data></edge><edge id="1077" source="2" target="35" label="admires"><data key="weight">1.0</data></edge><edge id="1079" source="2" target="36" label="collaborates"><data key="weight">1.0</data></edge><edge id="1080" source="2" target="37" label="feuds"><data key="weight">1000.0</data></edge><edge id="1019" source="11" target="1" label="collaborates"><data key="weight">1.0</data></edge><edge id="1020" source="11" target="10" label="collaborates"><data key="weight">1.0</data></edge><edge id="1030" source="16" target="15" label="collaborates"><data key="weight">1.0</data></edge><edge id="1031" source="16" target="18" label="collaborates"><data key="weight">1.0</data></edge><edge id="1032" source="18" target="16" label="collaborates"><data key="weight">1.0</data></edge><edge id="1059" source="23" target="1" label="collaborates"><data key="weight">1.0</data></edge><edge id="1057" source="23" target="21" label="admires"><data key="weight">1.0</data></edge><edge id="1058" source="23" target="22" label="collaborates"><data key="weight">1.0</data></edge><edge id="1060" source="23" target="25" label="feuds"><data key="weight">1000.0</data></edge><edge id="1043" source="27" target="26" label="feuds"><data key="weight">1000.0</data></edge><edge id="1071" source="33" target="34" label="feuds"><data key="weight">1000.0</data></edge><edge id="1072" source="34" target="33" label="feuds"><data key="weight">1000.0</data></edge><edge id="1081" source="38" target="2" label="admires"><data key="weight">1.0</data></edge><edge id="1082" source="38" target="36" label="collaborates"><data key="weight">1.0</data></edge><edge id="1136" source="61" target="60" label="feuds"><data key="weight">1000.0</data></edge><edge id="1138" source="63" target="5" label="admires"><data key="weight">1.0</data></edge><edge id="1144" source="68" target="65" label="leads"><data key="weight">1000.0</data></edge><edge id="1046" source="21" target="1" label="collaborates"><data key="weight">1.0</data></edge><edge id="1047" source="21" target="20" label="collaborates"><data key="weight">1.0</data></edge><edge id="1049" source="21" target="23" label="admires"><data key="weight">1.0</data></edge><edge id="1048" source="21" target="29" label="admires"><data key="weight">1.0</data></edge><edge id="1074" source="25" target="1" label="feuds"><data key="weight">1000.0</data></edge><edge id="1075" source="25" target="22" label="feuds"><data key="weight">1000.0</data></edge><edge id="1076" source="25" target="23" label="feuds"><data key="weight">1000.0</data></edge><edge id="1073" source="25" target="24" label="collaborates"><data key="weight">1.0</data></edge><edge id="1070" source="25" target="33" label="admires"><data key="weight">1.0</data></edge><edge id="1045" source="28" target="1" label="collaborates"><data key="weight">1.0</data></edge><edge id="1052" source="30" target="21" label="admires"><data key="weight">1.0</data></edge><edge id="1090" source="43" target="42" label="collaborates"><data key="weight">1.0</data></edge><edge id="1137" source="62" target="5" label="admires"><data key="weight">1.0</data></edge><edge id="1158" source="76" target="74" label="leads"><data key="weight">1.0</data></edge><edge id="1159" source="76" target="75" label="collaborates"><data key="weight">1.0</data></edge><edge id="1000" source="1" target="2" label="collaborates"><data key="weight">1.0</data></edge><edge id="1001" source="1" target="3" label="collaborates"><data key="weight">1.0</data></edge><edge id="1002" source="1" target="4" label="admires"><data key="weight">1.0</data></edge><edge id="1003" source="1" target="5" label="admires"><data key="weight">1.0</data></edge><edge id="1004" source="1" target="6" label="admires"><data key="weight">1.0</data></edge><edge id="1005" source="1" target="7" label="admires"><data key="weight">1.0</data></edge><edge id="1010" source="1" target="8" label="feuds"><data key="weight">1000.0</data></edge><edge id="1012" source="1" target="9" label="feuds"><data key="weight">1000.0</data></edge><edge id="1016" source="1" target="10" label="feuds"><data key="weight">1000.0</data></edge><edge id="1018" source="1" target="11" label="collaborates"><data key="weight">1.0</data></edge><edge id="1026" source="1" target="15" label="admires"><data key="weight">1.0</data></edge><edge id="1033" source="1" target="19" label="collaborates"><data key="weight">1.0</data></edge><edge id="1034" source="1" target="20" label="collaborates"><data key="weight">1.0</data></edge><edge id="1035" source="1" target="21" label="collaborates"><data key="weight">1.0</data></edge><edge id="1036" source="1" target="22" label="collaborates"><data key="weight">1.0</data></edge><edge id="1037" source="1" target="23" label="collaborates"><data key="weight">1.0</data></edge><edge id="1038" source="1" target="24" label="feuds"><data key="weight">1000.0</data></edge><edge id="1039" source="1" target="25" label="feuds"><data key="weight">1000.0</data></edge><edge id="1040" source="1" target="26" label="collaborates"><data key="weight">1.0</data></edge><edge id="1044" source="1" target="28" label="collaborates"><data key="weight">1.0</data></edge><edge id="1117" source="3" target="1" label="collaborates"><data key="weight">1.0</data></edge><edge id="1118" source="3" target="45" label="collaborates"><data key="weight">1.0</data></edge><edge id="1115" source="3" target="52" label="collaborates"><data key="weight">1.0</data></edge><edge id="1116" source="3" target="55" label="collaborates"><data key="weight">1.0</data></edge><edge id="1006" source="6" target="1" label="admires"><data key="weight">1.0</data></edge><edge id="1007" source="6" target="7" label="collaborates"><data key="weight">1.0</data></edge><edge id="1008" source="7" target="1" label="admires"><data key="weight">1.0</data></edge><edge id="1009" source="7" target="6" label="collaborates"><data key="weight">1.0</data></edge><edge id="1108" source="50" target="51" label="collaborates"><data key="weight">1.0</data></edge><edge id="1126" source="58" target="5" label="collaborates"><data key="weight">1.0</data></edge><edge id="1127" source="58" target="56" label="collaborates"><data key="weight">1.0</data></edge><edge id="1128" source="58" target="57" label="collaborates"><data key="weight">1.0</data></edge><edge id="1134" source="60" target="59" label="collaborates"><data key="weight">1.0</data></edge><edge id="1135" source="60" target="61" label="feuds"><data key="weight">1000.0</data></edge><edge id="1145" source="65" target="37" label="feuds"><data key="weight">1000.0</data></edge><edge id="1146" source="65" target="69" label="feuds"><data key="weight">1000.0</data></edge><edge id="1150" source="71" target="69" label="leads"><data key="weight">1.0</data></edge><edge id="1024" source="14" target="12" label="collaborates"><data key="weight">1.0</data></edge><edge id="1051" source="20" target="1" label="collaborates"><data key="weight">1.0</data></edge><edge id="1050" source="20" target="21" label="collaborates"><data key="weight">1.0</data></edge><edge id="1087" source="40" target="39" label="collaborates"><data key="weight">1.0</data></edge><edge id="1096" source="40" target="42" label="feuds"><data key="weight">1000.0</data></edge><edge id="1095" source="40" target="45" label="feuds"><data key="weight">1000.0</data></edge><edge id="1123" source="57" target="5" label="collaborates"><data key="weight">1.0</data></edge><edge id="1125" source="57" target="56" label="collaborates"><data key="weight">1.0</data></edge><edge id="1124" source="57" target="58" label="collaborates"><data key="weight">1.0</data></edge><edge id="1149" source="70" target="66" label="feuds"><data key="weight">1000.0</data></edge><edge id="1163" source="78" target="77" label="collaborates"><data key="weight">1.0</data></edge><edge id="1120" source="5" target="56" label="collaborates"><data key="weight">1.0</data></edge><edge id="1121" source="5" target="57" label="collaborates"><data key="weight">1.0</data></edge><edge id="1122" source="5" target="58" label="collaborates"><data key="weight">1.0</data></edge><edge id="1132" source="5" target="59" label="leads"><data key="weight">1.0</data></edge><edge id="1027" source="15" target="16" label="collaborates"><data key="weight">1.0</data></edge><edge id="1028" source="15" target="17" label="collaborates"><data key="weight">1.0</data></edge><edge id="1056" source="19" target="1" label="collaborates"><data key="weight">1.0</data></edge><edge id="1055" source="19" target="15" label="admires"><data key="weight">1.0</data></edge><edge id="1053" source="19" target="21" label="admires"><data key="weight">1.0</data></edge><edge id="1054" source="19" target="31" label="admires"><data key="weight">1.0</data></edge><edge id="1041" source="26" target="1" label="collaborates"><data key="weight">1.0</data></edge><edge id="1042" source="26" target="27" label="feuds"><data key="weight">1000.0</data></edge><edge id="1084" source="36" target="2" label="collaborates"><data key="weight">1.0</data></edge><edge id="1083" source="36" target="38" label="collaborates"><data key="weight">1.0</data></edge><edge id="1140" source="37" target="2" label="feuds"><data key="weight">1000.0</data></edge><edge id="1141" source="37" target="65" label="feuds"><data key="weight">1000.0</data></edge><edge id="1142" source="37" target="66" label="feuds"><data key="weight">1000.0</data></edge><edge id="1143" source="37" target="67" label="feuds"><data key="weight">1000.0</data></edge><edge id="1092" source="44" target="42" label="collaborates"><data key="weight">1.0</data></edge><edge id="1101" source="46" target="43" label="admires"><data key="weight">1.0</data></edge><edge id="1102" source="46" target="47" label="admires"><data key="weight">1.0</data></edge><edge id="1103" source="46" target="48" label="admires"><data key="weight">1.0</data></edge><edge id="1104" source="46" target="49" label="admires"><data key="weight">1.0</data></edge><edge id="1107" source="46" target="50" label="admires"><data key="weight">1.0</data></edge><edge id="1110" source="46" target="52" label="admires"><data key="weight">1.0</data></edge><edge id="1112" source="52" target="3" label="collaborates"><data key="weight">1.0</data></edge><edge id="1111" source="52" target="53" label="collaborates"><data key="weight">1.0</data></edge><edge id="1147" source="66" target="37" label="feuds"><data key="weight">1000.0</data></edge><edge id="1148" source="66" target="70" label="feuds"><data key="weight">1000.0</data></edge><edge id="1161" source="77" target="73" label="leads"><data key="weight">1.0</data></edge><edge id="1162" source="77" target="78" label="collaborates"><data key="weight">1.0</data></edge><edge id="1017" source="10" target="1" label="feuds"><data key="weight">1000.0</data></edge><edge id="1021" source="10" target="11" label="collaborates"><data key="weight">1.0</data></edge><edge id="1022" source="12" target="1" label="admires"><data key="weight">1.0</data></edge><edge id="1025" source="12" target="14" label="collaborates"><data key="weight">1.0</data></edge><edge id="1023" source="13" target="12" label="leads"><data key="weight">1.0</data></edge><edge id="1061" source="22" target="1" label="collaborates"><data key="weight">1.0</data></edge><edge id="1062" source="22" target="23" label="collaborates"><data key="weight">1.0</data></edge><edge id="1066" source="22" target="24" label="feuds"><data key="weight">1000.0</data></edge><edge id="1065" source="22" target="25" label="feuds"><data key="weight">1000.0</data></edge><edge id="1063" source="22" target="32" label="feuds"><data key="weight">1000.0</data></edge><edge id="1068" source="24" target="1" label="feuds"><data key="weight">1000.0</data></edge><edge id="1067" source="24" target="22" label="feuds"><data key="weight">1000.0</data></edge><edge id="1069" source="24" target="25" label="collaborates"><data key="weight">1.0</data></edge><edge id="1088" source="41" target="42" label="collaborates"><data key="weight">1.0</data></edge><edge id="1099" source="42" target="40" label="feuds"><data key="weight">1000.0</data></edge><edge id="1089" source="42" target="41" label="collaborates"><data key="weight">1.0</data></edge><edge id="1091" source="42" target="43" label="collaborates"><data key="weight">1.0</data></edge><edge id="1093" source="42" target="44" label="collaborates"><data key="weight">1.0</data></edge><edge id="1100" source="42" target="45" label="feuds"><data key="weight">1000.0</data></edge><edge id="1105" source="48" target="49" label="collaborates"><data key="weight">1.0</data></edge><edge id="1029" source="17" target="15" label="collaborates"><data key="weight">1.0</data></edge><edge id="1114" source="54" target="53" label="admires"><data key="weight">1.0</data></edge><edge id="1139" source="64" target="37" label="leads"><data key="weight">1.0</data></edge><edge id="1157" source="75" target="74" label="leads"><data key="weight">1.0</data></edge><edge id="1160" source="75" target="76" label="collaborates"><data key="weight">1.0</data></edge><edge id="1085" source="39" target="36" label="admires"><data key="weight">1.0</data></edge><edge id="1086" source="39" target="40" label="collaborates"><data key="weight">1.0</data></edge><edge id="1106" source="49" target="48" label="collaborates"><data key="weight">1.0</data></edge><edge id="1113" source="53" target="52" label="collaborates"><data key="weight">1.0</data></edge><edge id="1151" source="69" target="65" label="feuds"><data key="weight">1000.0</data></edge><edge id="1011" source="8" target="1" label="feuds"><data key="weight">1000.0</data></edge><edge id="1014" source="8" target="9" label="collaborates"><data key="weight">1.0</data></edge><edge id="1094" source="45" target="3" label="collaborates"><data key="weight">1.0</data></edge><edge id="1098" source="45" target="40" label="feuds"><data key="weight">1000.0</data></edge><edge id="1097" source="45" target="42" label="feuds"><data key="weight">1000.0</data></edge><edge id="1119" source="55" target="3" label="collaborates"><data key="weight">1.0</data></edge><edge id="1155" source="72" target="67" label="feuds"><data key="weight">1000.0</data></edge><edge id="1156" source="72" target="74" label="feuds"><data key="weight">1000.0</data></edge><edge id="1013" source="9" target="1" label="feuds"><data key="weight">1000.0</data></edge><edge id="1015" source="9" target="8" label="collaborates"><data key="weight">1.0</data></edge><edge id="1064" source="32" target="22" label="feuds"><data key="weight">1000.0</data></edge><edge id="1109" source="51" target="50" label="collaborates"><data key="weight">1.0</data></edge><edge id="1129" source="56" target="5" label="collaborates"><data key="weight">1.0</data></edge><edge id="1130" source="56" target="57" label="collaborates"><data key="weight">1.0</data></edge><edge id="1131" source="56" target="58" label="collaborates"><data key="weight">1.0</data></edge><edge id="1133" source="59" target="60" label="collaborates"><data key="weight">1.0</data></edge><edge id="1152" source="67" target="37" label="feuds"><data key="weight">1000.0</data></edge><edge id="1153" source="67" target="72" label="feuds"><data key="weight">1000.0</data></edge><edge id="1154" source="67" target="73" label="leads"><data key="weight">1.0</data></edge></graph></graphml>