{
  "format": "flat_file",
  "edge_uri_list": ["connections.ope"],
  "vertex_uri_list": ["connections.opv"],
  "separator": ",",
  "vertex_props": [
    {"name":"name", "type":"string"},
    {"name":"role", "type":"string"},
    {"name":"occupation", "type":"string"},
    {"name":"country", "type":"string"},
    {"name":"political", "type":"string"},
    {"name":"religion", "type":"string"}
  ],
  "edge_props": [
    {"name":"label", "type":"string"}, 
    {"name":"weight", "type":"double", "default":"1000000"}
  ],
  "edge_label":true,
  "loading": { 
    "load_edge_label": true
  }
}
