{
  "format": "flat_file",
  "edge_uri_list": ["movie.ope"],
  "vertex_uri_list": ["movie.opv"],
  "separator": ",",
  "vertex_props":[
    {"name":"budget","type":"float"},
    {"name":"title","type":"string"},
    {"name":"gross","type":"float"},
    {"name":"year","type":"integer"},
    {"name":"type","type":"string"},
    {"name":"plot","type":"string"},
    {"name":"state","type":"string"},
    {"name":"mortgage_amt","type":"float"},
    {"name":"city","type":"string"},
    {"name":"country","type":"string"},
    {"name":"first_name","type":"string"},
    {"name":"username","type":"string"},
    {"name":"email","type":"string"},
    {"name":"income","type":"float"},
    {"name":"age","type":"integer"},
    {"name":"postal_code","type":"string"},
    {"name":"continent","type":"string"},
    {"name":"last_name","type":"string"},
    {"name":"gender","type":"string"},
    {"name":"yrs_customer","type":"integer"},
    {"name":"marital_status","type":"string"},
    {"name":"promotion_response","type":"string"},
    {"name":"street_address","type":"string"}
  ],
  "edge_props":[
    {"name":"time","type":"timestamp"},
    {"name":"price","type":"string"},
    {"name":"weight","type":"double"},
    {"name":"recommended","type":"string"},
    {"name":"activity","type":"string"}
  ],
  "edge_label":true,
  "loading": {
    "load_edge_label":true
  }
}
