﻿{"paragraphs":[{"title":"Load a property graph from files","text":"%pgx\n\n// Load the graph\ng = session.readGraphWithProperties(\"/home/oracle/graphdata/movie/movie.json\");","user":"oracle","dateUpdated":"2020-05-06T09:48:30+0000","config":{"colWidth":12,"fontSize":9,"enabled":true,"results":{},"editorSetting":{"language":"scala","editOnDblClick":false,"completionKey":"TAB"},"editorMode":"ace/mode/scala","title":true},"settings":{"params":{},"forms":{}},"results":{"code":"SUCCESS","msg":[{"type":"TEXT","data":"PgxGraph[name=movie,N=9924,E=311002,created=1588602105813]"}]},"apps":[],"jobName":"paragraph_1588602021176_813933309","id":"20200504-142021_1422545342","dateCreated":"2020-05-04T14:20:21+0000","dateStarted":"2020-05-06T08:45:40+0000","dateFinished":"2020-05-06T08:45:41+0000","status":"FINISHED","progressUpdateIntervalMs":500,"focus":true,"$$hashKey":"object:193629"},{"text":"%md\n\nThis dataset is about a movie rental service. It contains information about customers and films watched and recommended by them.\n\nLook at the contents of the movie.json.\nThis time edges and vertices are loaded from text files, this json file contains metadata.\nThis is a property graph with Nodes=9924, Edges=311002\n\n\n```\n[oracle@omlws ~]$ cat /home/oracle/graphdata/movie/movie.json \n{\n  \"format\": \"flat_file\",\n  \"edge_uri_list\": [\"movie.ope\"],\n  \"vertex_uri_list\": [\"movie.opv\"],\n  \"separator\": \",\",\n  \"vertex_props\":[\n    {\"name\":\"budget\",\"type\":\"float\"},\n    {\"name\":\"title\",\"type\":\"string\"},\n    {\"name\":\"gross\",\"type\":\"float\"},\n    {\"name\":\"year\",\"type\":\"integer\"},\n    {\"name\":\"type\",\"type\":\"string\"},\n    {\"name\":\"plot\",\"type\":\"string\"},\n    {\"name\":\"state\",\"type\":\"string\"},\n    {\"name\":\"mortgage_amt\",\"type\":\"float\"},\n    {\"name\":\"city\",\"type\":\"string\"},\n    {\"name\":\"country\",\"type\":\"string\"},\n    {\"name\":\"first_name\",\"type\":\"string\"},\n    {\"name\":\"username\",\"type\":\"string\"},\n    {\"name\":\"email\",\"type\":\"string\"},\n    {\"name\":\"income\",\"type\":\"float\"},\n    {\"name\":\"age\",\"type\":\"integer\"},\n    {\"name\":\"postal_code\",\"type\":\"string\"},\n    {\"name\":\"continent\",\"type\":\"string\"},\n    {\"name\":\"last_name\",\"type\":\"string\"},\n    {\"name\":\"gender\",\"type\":\"string\"},\n    {\"name\":\"yrs_customer\",\"type\":\"integer\"},\n    {\"name\":\"marital_status\",\"type\":\"string\"},\n    {\"name\":\"promotion_response\",\"type\":\"string\"},\n    {\"name\":\"street_address\",\"type\":\"string\"}\n  ],\n  \"edge_props\":[\n    {\"name\":\"time\",\"type\":\"timestamp\"},\n    {\"name\":\"price\",\"type\":\"string\"},\n    {\"name\":\"weight\",\"type\":\"double\"},\n    {\"name\":\"recommended\",\"type\":\"string\"},\n    {\"name\":\"activity\",\"type\":\"string\"}\n  ],\n  \"edge_label\":true,\n  \"loading\": {\n    \"load_edge_label\":true\n  }\n}\n\n```","user":"oracle","dateUpdated":"2020-05-06T08:56:11+0000","config":{"colWidth":12,"fontSize":9,"enabled":true,"results":{},"editorSetting":{"language":"markdown","editOnDblClick":true,"completionKey":"TAB","completionSupport":false},"editorMode":"ace/mode/markdown","editorHide":true,"tableHide":false},"settings":{"params":{},"forms":{}},"results":{"code":"SUCCESS","msg":[{"type":"HTML","data":"<div class=\"markdown-body\">\n<p>This dataset is about a movie rental service. It contains information about customers and films watched and recommended by them.</p>\n<p>Look at the contents of the movie.json.<br/>This time edges and vertices are loaded from text files, this json file contains metadata.<br/>This is a property graph with Nodes=9924, Edges=311002</p>\n<pre><code>[oracle@omlws ~]$ cat /home/oracle/graphdata/movie/movie.json \n{\n  &quot;format&quot;: &quot;flat_file&quot;,\n  &quot;edge_uri_list&quot;: [&quot;movie.ope&quot;],\n  &quot;vertex_uri_list&quot;: [&quot;movie.opv&quot;],\n  &quot;separator&quot;: &quot;,&quot;,\n  &quot;vertex_props&quot;:[\n    {&quot;name&quot;:&quot;budget&quot;,&quot;type&quot;:&quot;float&quot;},\n    {&quot;name&quot;:&quot;title&quot;,&quot;type&quot;:&quot;string&quot;},\n    {&quot;name&quot;:&quot;gross&quot;,&quot;type&quot;:&quot;float&quot;},\n    {&quot;name&quot;:&quot;year&quot;,&quot;type&quot;:&quot;integer&quot;},\n    {&quot;name&quot;:&quot;type&quot;,&quot;type&quot;:&quot;string&quot;},\n    {&quot;name&quot;:&quot;plot&quot;,&quot;type&quot;:&quot;string&quot;},\n    {&quot;name&quot;:&quot;state&quot;,&quot;type&quot;:&quot;string&quot;},\n    {&quot;name&quot;:&quot;mortgage_amt&quot;,&quot;type&quot;:&quot;float&quot;},\n    {&quot;name&quot;:&quot;city&quot;,&quot;type&quot;:&quot;string&quot;},\n    {&quot;name&quot;:&quot;country&quot;,&quot;type&quot;:&quot;string&quot;},\n    {&quot;name&quot;:&quot;first_name&quot;,&quot;type&quot;:&quot;string&quot;},\n    {&quot;name&quot;:&quot;username&quot;,&quot;type&quot;:&quot;string&quot;},\n    {&quot;name&quot;:&quot;email&quot;,&quot;type&quot;:&quot;string&quot;},\n    {&quot;name&quot;:&quot;income&quot;,&quot;type&quot;:&quot;float&quot;},\n    {&quot;name&quot;:&quot;age&quot;,&quot;type&quot;:&quot;integer&quot;},\n    {&quot;name&quot;:&quot;postal_code&quot;,&quot;type&quot;:&quot;string&quot;},\n    {&quot;name&quot;:&quot;continent&quot;,&quot;type&quot;:&quot;string&quot;},\n    {&quot;name&quot;:&quot;last_name&quot;,&quot;type&quot;:&quot;string&quot;},\n    {&quot;name&quot;:&quot;gender&quot;,&quot;type&quot;:&quot;string&quot;},\n    {&quot;name&quot;:&quot;yrs_customer&quot;,&quot;type&quot;:&quot;integer&quot;},\n    {&quot;name&quot;:&quot;marital_status&quot;,&quot;type&quot;:&quot;string&quot;},\n    {&quot;name&quot;:&quot;promotion_response&quot;,&quot;type&quot;:&quot;string&quot;},\n    {&quot;name&quot;:&quot;street_address&quot;,&quot;type&quot;:&quot;string&quot;}\n  ],\n  &quot;edge_props&quot;:[\n    {&quot;name&quot;:&quot;time&quot;,&quot;type&quot;:&quot;timestamp&quot;},\n    {&quot;name&quot;:&quot;price&quot;,&quot;type&quot;:&quot;string&quot;},\n    {&quot;name&quot;:&quot;weight&quot;,&quot;type&quot;:&quot;double&quot;},\n    {&quot;name&quot;:&quot;recommended&quot;,&quot;type&quot;:&quot;string&quot;},\n    {&quot;name&quot;:&quot;activity&quot;,&quot;type&quot;:&quot;string&quot;}\n  ],\n  &quot;edge_label&quot;:true,\n  &quot;loading&quot;: {\n    &quot;load_edge_label&quot;:true\n  }\n}\n\n</code></pre>\n</div>"}]},"apps":[],"jobName":"paragraph_1588754579052_992127762","id":"20200506-084259_31455960","dateCreated":"2020-05-06T08:42:59+0000","dateStarted":"2020-05-06T08:56:11+0000","dateFinished":"2020-05-06T08:56:11+0000","status":"FINISHED","progressUpdateIntervalMs":500,"$$hashKey":"object:193630"},{"title":"Inspect vertices available properties","text":"%pgx\n\n// How do vertices and edges look like\ng.getVertexProperties();\n","user":"oracle","dateUpdated":"2020-05-06T08:47:14+0000","config":{"colWidth":12,"fontSize":9,"enabled":true,"results":{},"editorSetting":{"language":"scala","editOnDblClick":false,"completionKey":"TAB"},"editorMode":"ace/mode/scala","title":true},"settings":{"params":{},"forms":{}},"results":{"code":"SUCCESS","msg":[{"type":"TEXT","data":"VertexProperty[name=first_name,type=string,graph=movie]\nVertexProperty[name=last_name,type=string,graph=movie]\nVertexProperty[name=year,type=integer,graph=movie]\nVertexProperty[name=type,type=string,graph=movie]\nVertexProperty[name=street_address,type=string,graph=movie]\nVertexProperty[name=income,type=float,graph=movie]\nVertexProperty[name=promotion_response,type=string,graph=movie]\nVertexProperty[name=budget,type=float,graph=movie]\nVertexProperty[name=continent,type=string,graph=movie]\nVertexProperty[name=city,type=string,graph=movie]\nVertexProperty[name=state,type=string,graph=movie]\nVertexProperty[name=country,type=string,graph=movie]\nVertexProperty[name=username,type=string,graph=movie]\nVertexProperty[name=email,type=string,graph=movie]\nVertexProperty[name=plot,type=string,graph=movie]\nVertexProperty[name=age,type=integer,graph=movie]\nVertexProperty[name=mortgage_amt,type=float,graph=movie]\nVertexProperty[name=gross,type=float,graph=movie]\nVertexProperty[name=gender,type=string,graph=movie]\nVertexProperty[name=postal_code,type=string,graph=movie]\nVertexProperty[name=title,type=string,graph=movie]\nVertexProperty[name=marital_status,type=string,graph=movie]\nVertexProperty[name=yrs_customer,type=integer,graph=movie]"}]},"apps":[],"jobName":"paragraph_1588602095459_725379785","id":"20200504-142135_1885449331","dateCreated":"2020-05-04T14:21:35+0000","dateStarted":"2020-05-06T08:46:50+0000","dateFinished":"2020-05-06T08:46:51+0000","status":"FINISHED","progressUpdateIntervalMs":500,"$$hashKey":"object:193631"},{"title":"Inspect edges propeties","text":"%pgx\ng.getEdgeProperties();","user":"oracle","dateUpdated":"2020-05-06T08:47:36+0000","config":{"colWidth":12,"fontSize":9,"enabled":true,"results":{},"editorSetting":{"language":"scala","editOnDblClick":false,"completionKey":"TAB"},"editorMode":"ace/mode/scala","title":true},"settings":{"params":{},"forms":{}},"results":{"code":"SUCCESS","msg":[{"type":"TEXT","data":"EdgeProperty[name=activity,type=string,graph=movie]\nEdgeProperty[name=time,type=timestamp,graph=movie]\nEdgeProperty[name=price,type=string,graph=movie]\nEdgeProperty[name=weight,type=double,graph=movie]\nEdgeProperty[name=recommended,type=string,graph=movie]"}]},"apps":[],"jobName":"paragraph_1588602154979_573542550","id":"20200504-142234_1713063069","dateCreated":"2020-05-04T14:22:34+0000","dateStarted":"2020-05-06T08:47:36+0000","dateFinished":"2020-05-06T08:47:36+0000","status":"FINISHED","progressUpdateIntervalMs":500,"$$hashKey":"object:193632"},{"title":"How large is the graph","text":"%pgx\n\n\ng.getNumEdges();","user":"oracle","dateUpdated":"2020-05-06T09:28:18+0000","config":{"colWidth":12,"fontSize":9,"enabled":true,"results":{},"editorSetting":{"language":"scala","editOnDblClick":false,"completionKey":"TAB"},"editorMode":"ace/mode/scala","title":true},"settings":{"params":{},"forms":{}},"results":{"code":"SUCCESS","msg":[{"type":"TEXT","data":"311002"}]},"apps":[],"jobName":"paragraph_1588602175625_-173614642","id":"20200504-142255_1599875193","dateCreated":"2020-05-04T14:22:55+0000","dateStarted":"2020-05-06T08:47:41+0000","dateFinished":"2020-05-06T08:47:41+0000","status":"FINISHED","progressUpdateIntervalMs":500,"$$hashKey":"object:193633"},{"text":"%pgx\ng.getNumVertices();","user":"oracle","dateUpdated":"2020-05-06T08:47:43+0000","config":{"colWidth":12,"fontSize":9,"enabled":true,"results":{},"editorSetting":{"language":"scala","editOnDblClick":false,"completionKey":"TAB"},"editorMode":"ace/mode/scala"},"settings":{"params":{},"forms":{}},"results":{"code":"SUCCESS","msg":[{"type":"TEXT","data":"9924"}]},"apps":[],"jobName":"paragraph_1588602256780_-1928276632","id":"20200504-142416_1724068557","dateCreated":"2020-05-04T14:24:16+0000","dateStarted":"2020-05-06T08:47:43+0000","dateFinished":"2020-05-06T08:47:43+0000","status":"FINISHED","progressUpdateIntervalMs":500,"$$hashKey":"object:193634"},{"title":"Use PGQL to get a summary of relationships between nodes","text":"%pgx\n\nresultSet = g.queryPgql(\"\"\"\n  SELECT v1.type, e.label(), v2.type, COUNT(*) \n  WHERE (v1)-[e]->(v2) \n  GROUP BY v1.type, e.label(), v2.type \n\"\"\");\nresultSet.print();","user":"oracle","dateUpdated":"2020-05-06T09:28:40+0000","config":{"colWidth":12,"fontSize":9,"enabled":true,"results":{"0":{"graph":{"mode":"table","height":300,"optionOpen":false,"setting":{"table":{"tableGridState":{},"tableColumnTypeState":{"names":{"v1.type":"string","e.label()":"string","v2.type":"string","COUNT(*)":"string"},"updated":false},"tableOptionSpecHash":"[{\"name\":\"useFilter\",\"valueType\":\"boolean\",\"defaultValue\":false,\"widget\":\"checkbox\",\"description\":\"Enable filter for columns\"},{\"name\":\"showPagination\",\"valueType\":\"boolean\",\"defaultValue\":false,\"widget\":\"checkbox\",\"description\":\"Enable pagination for better navigation\"},{\"name\":\"showAggregationFooter\",\"valueType\":\"boolean\",\"defaultValue\":false,\"widget\":\"checkbox\",\"description\":\"Enable a footer for displaying aggregated values\"}]","tableOptionValue":{"useFilter":false,"showPagination":false,"showAggregationFooter":false},"updated":false,"initialized":false}},"commonSetting":{}}}},"editorSetting":{"language":"scala","editOnDblClick":false,"completionKey":"TAB"},"editorMode":"ace/mode/scala","title":true},"settings":{"params":{},"forms":{}},"results":{"code":"SUCCESS","msg":[{"type":"TABLE","data":"v1.type\te.label()\tv2.type\tCOUNT(*)\ncustomer\tclick\tmovie\t155501\nmovie\tclickedBy\tcustomer\t155501"}]},"apps":[],"jobName":"paragraph_1588602192110_-23217285","id":"20200504-142312_1614276462","dateCreated":"2020-05-04T14:23:12+0000","dateStarted":"2020-05-06T08:48:35+0000","dateFinished":"2020-05-06T08:48:36+0000","status":"FINISHED","progressUpdateIntervalMs":500,"$$hashKey":"object:193635"},{"title":"Get a summary of recommendations","text":"%pgx\n\n\ng.queryPgql(\"\"\"\n  SELECT e.recommended, e.weight, COUNT(*) \n  WHERE (v1) -[e:click]-> (v2) \n  GROUP BY e.recommended, e.weight \n\"\"\");\n","user":"oracle","dateUpdated":"2020-05-06T08:49:13+0000","config":{"colWidth":12,"fontSize":9,"enabled":true,"results":{"0":{"graph":{"mode":"table","height":300,"optionOpen":false,"setting":{"table":{"tableGridState":{},"tableColumnTypeState":{"names":{"e.recommended":"string","e.weight":"string","COUNT(*)":"string"},"updated":false},"tableOptionSpecHash":"[{\"name\":\"useFilter\",\"valueType\":\"boolean\",\"defaultValue\":false,\"widget\":\"checkbox\",\"description\":\"Enable filter for columns\"},{\"name\":\"showPagination\",\"valueType\":\"boolean\",\"defaultValue\":false,\"widget\":\"checkbox\",\"description\":\"Enable pagination for better navigation\"},{\"name\":\"showAggregationFooter\",\"valueType\":\"boolean\",\"defaultValue\":false,\"widget\":\"checkbox\",\"description\":\"Enable a footer for displaying aggregated values\"}]","tableOptionValue":{"useFilter":false,"showPagination":false,"showAggregationFooter":false},"updated":false,"initialized":false}},"commonSetting":{}}}},"editorSetting":{"language":"scala","editOnDblClick":false,"completionKey":"TAB"},"editorMode":"ace/mode/scala","title":true},"settings":{"params":{},"forms":{}},"results":{"code":"SUCCESS","msg":[{"type":"TABLE","data":"e.recommended\te.weight\tCOUNT(*)\nN\t1.0\t76075\nY\t1.0\t79353\nnull\t1.0\t73"}]},"apps":[],"jobName":"paragraph_1588602219875_-273916249","id":"20200504-142339_1195075105","dateCreated":"2020-05-04T14:23:39+0000","dateStarted":"2020-05-06T08:49:13+0000","dateFinished":"2020-05-06T08:49:13+0000","status":"FINISHED","progressUpdateIntervalMs":500,"$$hashKey":"object:193636"},{"title":"Top 10 recommended movies for years 2000 to 2009","text":"%pgx\n\ng.queryPgql(\"\"\"\n  SELECT movie.title, movie.year, COUNT(*) \n  WHERE (customer) -[e:click]-> (movie) \n   , e.recommended = 'Y' \n   , movie.year >= 2000 AND movie.year < 2010 \n  GROUP BY movie \n  ORDER BY COUNT(*) DESC \n  LIMIT 10 \n\"\"\");\n","user":"oracle","dateUpdated":"2020-05-06T08:49:58+0000","config":{"colWidth":12,"fontSize":9,"enabled":true,"results":{"0":{"graph":{"mode":"table","height":300,"optionOpen":false,"setting":{"table":{"tableGridState":{},"tableColumnTypeState":{"names":{"movie.title":"string","movie.year":"string","COUNT(*)":"string"},"updated":false},"tableOptionSpecHash":"[{\"name\":\"useFilter\",\"valueType\":\"boolean\",\"defaultValue\":false,\"widget\":\"checkbox\",\"description\":\"Enable filter for columns\"},{\"name\":\"showPagination\",\"valueType\":\"boolean\",\"defaultValue\":false,\"widget\":\"checkbox\",\"description\":\"Enable pagination for better navigation\"},{\"name\":\"showAggregationFooter\",\"valueType\":\"boolean\",\"defaultValue\":false,\"widget\":\"checkbox\",\"description\":\"Enable a footer for displaying aggregated values\"}]","tableOptionValue":{"useFilter":false,"showPagination":false,"showAggregationFooter":false},"updated":false,"initialized":false}},"commonSetting":{}}}},"editorSetting":{"language":"scala","editOnDblClick":false,"completionKey":"TAB"},"editorMode":"ace/mode/scala","title":true},"settings":{"params":{},"forms":{}},"results":{"code":"SUCCESS","msg":[{"type":"TABLE","data":"movie.title\tmovie.year\tCOUNT(*)\nMatch Point\t2005\t5876\nCabin Fever\t2002\t4994\nThe Time Machine\t2002\t4059\nSweet Home Alabama\t2002\t2282\nGladiator\t2000\t1404\nMemento\t2000\t1316\nThe Lord of the Rings: The Return of the King\t2003\t598\nThe Pianist\t2002\t514\nMillion Dollar Baby\t2004\t502\nThe Lord of the Rings: The Fellowship of the Ring\t2001\t500"}]},"apps":[],"jobName":"paragraph_1588602310910_-1066049673","id":"20200504-142510_1329613396","dateCreated":"2020-05-04T14:25:10+0000","dateStarted":"2020-05-06T08:49:58+0000","dateFinished":"2020-05-06T08:49:58+0000","status":"FINISHED","progressUpdateIntervalMs":500,"$$hashKey":"object:193637"},{"title":"Top 10 recommended movies ordered by budget per recommendation","text":"%pgx\n\ng.queryPgql(\"\"\"\n SELECT m.title AS movie, m.budget AS budget, COUNT(n) AS num_recommendations \n    , (m.budget / COUNT(n)) AS budget_per_recommendation  \n  WHERE (n with type = 'customer') -[c:click]-> (m with type = 'movie') \n   , c.recommended = 'Y' \n   , m.budget <> 0.0 \n  GROUP BY m \n  ORDER BY (m.budget / COUNT(n)) \n  LIMIT 10 \n\"\"\");\n\n","user":"oracle","dateUpdated":"2020-05-06T08:50:41+0000","config":{"colWidth":12,"fontSize":9,"enabled":true,"results":{"0":{"graph":{"mode":"table","height":300,"optionOpen":false,"setting":{"table":{"tableGridState":{},"tableColumnTypeState":{"names":{"movie":"string","budget":"string","num_recommendations":"string","budget_per_recommendation":"string"},"updated":false},"tableOptionSpecHash":"[{\"name\":\"useFilter\",\"valueType\":\"boolean\",\"defaultValue\":false,\"widget\":\"checkbox\",\"description\":\"Enable filter for columns\"},{\"name\":\"showPagination\",\"valueType\":\"boolean\",\"defaultValue\":false,\"widget\":\"checkbox\",\"description\":\"Enable pagination for better navigation\"},{\"name\":\"showAggregationFooter\",\"valueType\":\"boolean\",\"defaultValue\":false,\"widget\":\"checkbox\",\"description\":\"Enable a footer for displaying aggregated values\"}]","tableOptionValue":{"useFilter":false,"showPagination":false,"showAggregationFooter":false},"updated":false,"initialized":false}},"commonSetting":{}}}},"editorSetting":{"language":"scala","editOnDblClick":false,"completionKey":"TAB"},"editorMode":"ace/mode/scala","title":true},"settings":{"params":{},"forms":{}},"results":{"code":"SUCCESS","msg":[{"type":"TABLE","data":"movie\tbudget\tnum_recommendations\tbudget_per_recommendation\nCabin Fever\t1500000.0\t4994\t300.36044\nParanormal Activity\t15000.0\t30\t500.0\nCasablanca\t964000.0\t827\t1165.659\nRisky Business\t6200000.0\t5139\t1206.4604\nFour Rooms\t4000000.0\t2414\t1657.0009\nDirty Dancing\t6000000.0\t3379\t1775.6732\nMatch Point\t1.5E7\t5876\t2552.757\nPer un pugno di dollari\t200000.0\t57\t3508.772\nIl buono, il brutto, il cattivo.\t1200000.0\t319\t3761.7554\nMonty Python and the Holy Grail\t365274.0\t96\t3804.9375"}]},"apps":[],"jobName":"paragraph_1588602345116_227113293","id":"20200504-142545_702412575","dateCreated":"2020-05-04T14:25:45+0000","dateStarted":"2020-05-06T08:50:41+0000","dateFinished":"2020-05-06T08:50:42+0000","status":"FINISHED","progressUpdateIntervalMs":500,"$$hashKey":"object:193638"},{"title":"Customers who recommended the same movies as Cassandra Chan","text":"%pgx\n\n\nresultSet = g.queryPgql(\"\"\" \n  SELECT customerB.first_name AS first_name, customerB.last_name AS last_name, COUNT(*) \n  WHERE (customerA) -[e1:click]-> (movie) \n   , (customerB) -[e2:click]-> (movie) \n   , customerA.first_name = 'Cassandra' AND customerA.last_name = 'Chan' \n   , e1.recommended = 'Y', e2.recommended = 'Y' \n  GROUP BY customerB \n  ORDER BY COUNT(*) DESC \n  LIMIT 5 \n\"\"\");\nresultSet.print();","user":"oracle","dateUpdated":"2020-05-06T08:51:21+0000","config":{"colWidth":12,"fontSize":9,"enabled":true,"results":{"0":{"graph":{"mode":"table","height":300,"optionOpen":false,"setting":{"table":{"tableGridState":{},"tableColumnTypeState":{"names":{"first_name":"string","last_name":"string","COUNT(*)":"string"},"updated":false},"tableOptionSpecHash":"[{\"name\":\"useFilter\",\"valueType\":\"boolean\",\"defaultValue\":false,\"widget\":\"checkbox\",\"description\":\"Enable filter for columns\"},{\"name\":\"showPagination\",\"valueType\":\"boolean\",\"defaultValue\":false,\"widget\":\"checkbox\",\"description\":\"Enable pagination for better navigation\"},{\"name\":\"showAggregationFooter\",\"valueType\":\"boolean\",\"defaultValue\":false,\"widget\":\"checkbox\",\"description\":\"Enable a footer for displaying aggregated values\"}]","tableOptionValue":{"useFilter":false,"showPagination":false,"showAggregationFooter":false},"updated":false,"initialized":false}},"commonSetting":{}}}},"editorSetting":{"language":"scala","editOnDblClick":false,"completionKey":"TAB"},"editorMode":"ace/mode/scala","title":true},"settings":{"params":{},"forms":{}},"results":{"code":"SUCCESS","msg":[{"type":"TABLE","data":"first_name\tlast_name\tCOUNT(*)\nIksana\tGurtrich\t110\nJarvis\tRiddle\t70\nFranklin\tWood\t70\nMaria\tUnknown\t60\nHaruto\tSato\t50"}]},"apps":[],"jobName":"paragraph_1588602379122_-259963834","id":"20200504-142619_1184789511","dateCreated":"2020-05-04T14:26:19+0000","dateStarted":"2020-05-06T08:51:21+0000","dateFinished":"2020-05-06T08:51:21+0000","status":"FINISHED","progressUpdateIntervalMs":500,"$$hashKey":"object:193639"},{"text":"%pgx\n\nresultSet =  g.queryPgql(\"\"\"\n  PATH connects_to := (movieOrCustomerA) -[:click WITH recommended = 'Y' AND time > TIMESTAMP '2012-01-01 00:00:00']- (movieOrCustomerB) \n  SELECT movie.title \n  WHERE (customer) -/:connects_to*/-> (movie) \n   , customer.first_name = 'Cassandra' AND customer.last_name = 'Chan' \n   , movie.type = 'movie' \n  ORDER BY movie.title \n\"\"\");\nresultSet.getNumResults();\n","user":"oracle","dateUpdated":"2020-05-06T08:52:08+0000","config":{"colWidth":12,"fontSize":9,"enabled":true,"results":{},"editorSetting":{"language":"scala","editOnDblClick":false,"completionKey":"TAB"},"editorMode":"ace/mode/scala"},"settings":{"params":{},"forms":{}},"results":{"code":"SUCCESS","msg":[{"type":"TEXT","data":"306"}]},"apps":[],"jobName":"paragraph_1588602423017_1792023929","id":"20200504-142703_2087603537","dateCreated":"2020-05-04T14:27:03+0000","dateStarted":"2020-05-06T08:52:08+0000","dateFinished":"2020-05-06T08:52:09+0000","status":"FINISHED","progressUpdateIntervalMs":500,"$$hashKey":"object:193640"},{"text":"%pgx\n\nresultSet.print(10);","user":"oracle","dateUpdated":"2020-05-06T08:52:14+0000","config":{"colWidth":12,"fontSize":9,"enabled":true,"results":{"0":{"graph":{"mode":"table","height":300,"optionOpen":false,"setting":{"table":{"tableGridState":{},"tableColumnTypeState":{"names":{"movie.title":"string"},"updated":false},"tableOptionSpecHash":"[{\"name\":\"useFilter\",\"valueType\":\"boolean\",\"defaultValue\":false,\"widget\":\"checkbox\",\"description\":\"Enable filter for columns\"},{\"name\":\"showPagination\",\"valueType\":\"boolean\",\"defaultValue\":false,\"widget\":\"checkbox\",\"description\":\"Enable pagination for better navigation\"},{\"name\":\"showAggregationFooter\",\"valueType\":\"boolean\",\"defaultValue\":false,\"widget\":\"checkbox\",\"description\":\"Enable a footer for displaying aggregated values\"}]","tableOptionValue":{"useFilter":false,"showPagination":false,"showAggregationFooter":false},"updated":false,"initialized":false}},"commonSetting":{}}}},"editorSetting":{"language":"scala","editOnDblClick":false,"completionKey":"TAB"},"editorMode":"ace/mode/scala"},"settings":{"params":{},"forms":{}},"results":{"code":"SUCCESS","msg":[{"type":"TABLE","data":"movie.title\n(500) Days of Summer\n127 Hours\n1408\n2001: A Space Odyssey\n28 Days Later...\n28 Weeks Later\n300\n3:10 to Yuma\n50/50\n8 Mile\nA Beautiful Mind\nA Clockwork Orange\nAcross the Universe\nAladdin\nAlien\nAmadeus\nAmerican Beauty\nAmerican Gangster\nAmerican History X\nAn Inconvenient Truth\nApocalypse Now\nApollo 13\nAugust Rush\nBabel\nBack to the Future\nBack to the Future Part III\nBatman Begins\nBeing There\nBen-Hur\nBend It Like Beckham\nBig Fish\nBig Trouble in Little China\nBilly Elliot\nBlack Hawk Down\nBlack Swan\nBlade\nBlade Runner\nBlades of Glory\nBlazing Saddles\nBowling for Columbine\nBraveheart\nBrokeback Mountain\nButch Cassidy and the Sundance Kid\nC'era una volta il West\nCabin Fever\nCandyman\nCars\nCasablanca\nCasino\nCasino Royale\nCharlie and the Chocolate Factory\nChildren of Men\nChinatown\nCidade de Deus\nCinderella Man\nCitizen Kane\nCloverfield\nCorpse Bride\nCowboys & Aliens\nCoyote Ugly\nCrazy Heart\nDancer in the Dark\nDances with Wolves\nDead Man\nDeja Vu\nDer Untergang\nDesperado\nDirty Dancing\nDistrict 9\nDodgeball: A True Underdog Story\nDonnie Brasco\nDonnie Darko\nDr. Strangelove or: How I Learned to Stop Worrying and Love the Bomb\nE.T.: The Extra-Terrestrial\nEd Wood\nEdward Scissorhands\nEl laberinto del fauno\nEnchanted\nEnemy at the Gates\nEquilibrium\nEternal Sunshine of the Spotless Mind\nFahrenheit 9/11\nFantasia\nFargo\nFaster\nField of Dreams\nFight Club\nFinal Destination\nFinding Nemo\nFinding Neverland\nForgetting Sarah Marshall\nForrest Gump\nFour Rooms\nFrom Dusk Till Dawn\nFull Metal Jacket\nGangs of New York\nGladiator\nGone with the Wind\nGoodfellas\nGrease"}]},"apps":[],"jobName":"paragraph_1588602488035_494117341","id":"20200504-142808_391425754","dateCreated":"2020-05-04T14:28:08+0000","dateStarted":"2020-05-06T08:52:14+0000","dateFinished":"2020-05-06T08:52:14+0000","status":"FINISHED","progressUpdateIntervalMs":500,"$$hashKey":"object:193641"},{"title":"Publish graph to GraphViz","text":"%pgx\n\ng.publish(VertexProperty.ALL, EdgeProperty.ALL)","user":"oracle","dateUpdated":"2020-05-06T08:52:22+0000","config":{"colWidth":12,"fontSize":9,"enabled":true,"results":{},"editorSetting":{"language":"scala","editOnDblClick":false,"completionKey":"TAB"},"editorMode":"ace/mode/scala","title":true},"settings":{"params":{},"forms":{}},"results":{"code":"ERROR","msg":[{"type":"ANGULAR","data":"<details><summary style='cursor: pointer; cursor: hand;'> &nbsp;<em><strong>CompletionException:</strong></em> java.lang.IllegalArgumentException: graph movie is already published code: PGX-ERROR-QXEKCR3BQQMS <em><span style='color: #9A9A9A;'> &mdash; click for stack trace</span></em>\n</summary><div style='margin-top:1em; color: #AC0000;'><div style='margin-left: 3.75em; font-size: 0.9em; letter-spacing: 0.05em;'>java.util.concurrent.CompletionException <strong>java.lang.IllegalArgumentException: graph movie is already published code: PGX-ERROR-QXEKCR3BQQMS</strong>\n<div style='margin-left: 3em;'><span style='color: #AC8888'>java.util.concurrent</span>.<span style='color: black'>CompletableFuture</span>.<strong><span style='color: #AA0000'>reportJoin</span></strong> <span style='color: #CACACA;'> (CompletableFuture.java : 375)</span><br>\n<span style='color: #AC8888'>java.util.concurrent</span>.<span style='color: black'>CompletableFuture</span>.<strong><span style='color: #AA0000'>join</span></strong> <span style='color: #CACACA;'> (CompletableFuture.java : 1947)</span><br>\n<span style='color: #AC8888'>oracle.pgx.api</span>.<span style='color: black'>PgxFuture</span>.<strong><span style='color: #AA0000'>join</span></strong> <span style='color: #CACACA;'> (PgxFuture.java : 135)</span><br>\n<span style='color: #AC8888'>oracle.pgx.api</span>.<span style='color: black'>PgxGraph</span>.<strong><span style='color: #AA0000'>publish</span></strong> <span style='color: #CACACA;'> (PgxGraph.java : 4485)</span><br>\n<span style='color: #AC8888'>oracle.pgx.api.PgxGraph$publish</span>.<span style='color: black'>0</span>.<strong><span style='color: #AA0000'>call</span></strong> <br>\n<span style='color: #AC8888'>org.codehaus.groovy.runtime.callsite</span>.<span style='color: black'>CallSiteArray</span>.<strong><span style='color: #AA0000'>defaultCall</span></strong> <span style='color: #CACACA;'> (CallSiteArray.java : 47)</span><br>\n<span style='color: #AC8888'>org.codehaus.groovy.runtime.callsite</span>.<span style='color: black'>AbstractCallSite</span>.<strong><span style='color: #AA0000'>call</span></strong> <span style='color: #CACACA;'> (AbstractCallSite.java : 116)</span><br>\n<span style='color: #AC8888'>org.codehaus.groovy.runtime.callsite</span>.<span style='color: black'>AbstractCallSite</span>.<strong><span style='color: #AA0000'>call</span></strong> <span style='color: #CACACA;'> (AbstractCallSite.java : 136)</span><br>\ngroovysh_evaluate.<strong><span style='color: #AA0000'>run</span></strong> <span style='color: #CACACA;'> (groovysh_evaluate : 3)</span><br>\n<span style='color: #AC8888'>groovysh_evaluate</span>.<span style='color: black'>run</span>.<strong><span style='color: #AA0000'>call</span></strong> <br>\n<span style='color: #AC8888'>org.codehaus.groovy.runtime.callsite</span>.<span style='color: black'>CallSiteArray</span>.<strong><span style='color: #AA0000'>defaultCall</span></strong> <span style='color: #CACACA;'> (CallSiteArray.java : 47)</span><br>\n<span style='color: #AC8888'>groovysh_evaluate</span>.<span style='color: black'>run</span>.<strong><span style='color: #AA0000'>call</span></strong> <br>\n<span style='color: #AC8888'>org.codehaus.groovy.tools.shell</span>.<span style='color: black'>Interpreter</span>.<strong><span style='color: #AA0000'>evaluate</span></strong> <span style='color: #CACACA;'> (Interpreter.groovy : 71)</span><br>\n<span style='color: #AC8888'>org.codehaus.groovy.tools.shell.Evaluator</span>.<span style='color: black'>evaluate</span>.<strong><span style='color: #AA0000'>call</span></strong> <br>\n<span style='color: #AC8888'>org.codehaus.groovy.tools.shell</span>.<span style='color: black'>Groovysh</span>.<strong><span style='color: #AA0000'>execute</span></strong> <span style='color: #CACACA;'> (Groovysh.groovy : 196)</span><br>\n<span style='color: #AC8888'>oracle.pgx.shell</span>.<span style='color: black'>Shell</span>.<strong><span style='color: #AA0000'>execute</span></strong> <span style='color: #CACACA;'> (Shell.java : 47)</span><br>\n<span style='color: #AC8888'>oracle.pgx.shell</span>.<span style='color: black'>AbstractConsole</span>.<strong><span style='color: #AA0000'>execute</span></strong> <span style='color: #CACACA;'> (AbstractConsole.java : 233)</span><br>\n<span style='color: #AC8888'>oracle.pgx.zeppelin</span>.<span style='color: black'>PgxInterpreter</span>.<strong><span style='color: #AA0000'>executeLine</span></strong> <span style='color: #CACACA;'> (PgxInterpreter.java : 201)</span><br>\n<span style='color: #AC8888'>java.util.stream.ReferencePipeline$3</span>.<span style='color: black'>1</span>.<strong><span style='color: #AA0000'>accept</span></strong> <span style='color: #CACACA;'> (ReferencePipeline.java : 193)</span><br>\n<span style='color: #AC8888'>java.util.Spliterators</span>.<span style='color: black'>ArraySpliterator</span>.<strong><span style='color: #AA0000'>forEachRemaining</span></strong> <span style='color: #CACACA;'> (Spliterators.java : 948)</span><br>\n<span style='color: #AC8888'>java.util.stream</span>.<span style='color: black'>AbstractPipeline</span>.<strong><span style='color: #AA0000'>copyInto</span></strong> <span style='color: #CACACA;'> (AbstractPipeline.java : 482)</span><br>\n<span style='color: #AC8888'>java.util.stream</span>.<span style='color: black'>AbstractPipeline</span>.<strong><span style='color: #AA0000'>wrapAndCopyInto</span></strong> <span style='color: #CACACA;'> (AbstractPipeline.java : 472)</span><br>\n<span style='color: #AC8888'>java.util.stream.ReduceOps</span>.<span style='color: black'>ReduceOp</span>.<strong><span style='color: #AA0000'>evaluateSequential</span></strong> <span style='color: #CACACA;'> (ReduceOps.java : 708)</span><br>\n<span style='color: #AC8888'>java.util.stream</span>.<span style='color: black'>AbstractPipeline</span>.<strong><span style='color: #AA0000'>evaluate</span></strong> <span style='color: #CACACA;'> (AbstractPipeline.java : 234)</span><br>\n<span style='color: #AC8888'>java.util.stream</span>.<span style='color: black'>ReferencePipeline</span>.<strong><span style='color: #AA0000'>collect</span></strong> <span style='color: #CACACA;'> (ReferencePipeline.java : 566)</span><br>\n<span style='color: #AC8888'>oracle.pgx.zeppelin</span>.<span style='color: black'>PgxInterpreter</span>.<strong><span style='color: #AA0000'>shellExecute</span></strong> <span style='color: #CACACA;'> (PgxInterpreter.java : 191)</span><br>\n<span style='color: #AC8888'>oracle.pgx.zeppelin</span>.<span style='color: black'>PgxInterpreter</span>.<strong><span style='color: #AA0000'>doInterpret</span></strong> <span style='color: #CACACA;'> (PgxInterpreter.java : 187)</span><br>\n<span style='color: #AC8888'>oracle.pgx.zeppelin</span>.<span style='color: black'>PgxInterpreter</span>.<strong><span style='color: #AA0000'>interpret</span></strong> <span style='color: #CACACA;'> (PgxInterpreter.java : 148)</span><br>\n<span style='color: #AC8888'>org.apache.zeppelin.interpreter</span>.<span style='color: black'>LazyOpenInterpreter</span>.<strong><span style='color: #AA0000'>interpret</span></strong> <span style='color: #CACACA;'> (LazyOpenInterpreter.java : 103)</span><br>\n<span style='color: #AC8888'>org.apache.zeppelin.interpreter.remote.RemoteInterpreterServer</span>.<span style='color: black'>InterpretJob</span>.<strong><span style='color: #AA0000'>jobRun</span></strong> <span style='color: #CACACA;'> (RemoteInterpreterServer.java : 632)</span><br>\n<span style='color: #AC8888'>org.apache.zeppelin.scheduler</span>.<span style='color: black'>Job</span>.<strong><span style='color: #AA0000'>run</span></strong> <span style='color: #CACACA;'> (Job.java : 188)</span><br>\n<span style='color: #AC8888'>org.apache.zeppelin.scheduler.FIFOScheduler</span>.<span style='color: black'>1</span>.<strong><span style='color: #AA0000'>run</span></strong> <span style='color: #CACACA;'> (FIFOScheduler.java : 140)</span><br>\n<span style='color: #AC8888'>java.util.concurrent.Executors</span>.<span style='color: black'>RunnableAdapter</span>.<strong><span style='color: #AA0000'>call</span></strong> <span style='color: #CACACA;'> (Executors.java : 511)</span><br>\n<span style='color: #AC8888'>java.util.concurrent</span>.<span style='color: black'>FutureTask</span>.<strong><span style='color: #AA0000'>run</span></strong> <span style='color: #CACACA;'> (FutureTask.java : 266)</span><br>\n<span style='color: #AC8888'>java.util.concurrent.ScheduledThreadPoolExecutor</span>.<span style='color: black'>ScheduledFutureTask</span>.<strong><span style='color: #AA0000'>access$201</span></strong> <span style='color: #CACACA;'> (ScheduledThreadPoolExecutor.java : 180)</span><br>\n<span style='color: #AC8888'>java.util.concurrent.ScheduledThreadPoolExecutor</span>.<span style='color: black'>ScheduledFutureTask</span>.<strong><span style='color: #AA0000'>run</span></strong> <span style='color: #CACACA;'> (ScheduledThreadPoolExecutor.java : 293)</span><br>\n<span style='color: #AC8888'>java.util.concurrent</span>.<span style='color: black'>ThreadPoolExecutor</span>.<strong><span style='color: #AA0000'>runWorker</span></strong> <span style='color: #CACACA;'> (ThreadPoolExecutor.java : 1149)</span><br>\n<span style='color: #AC8888'>java.util.concurrent.ThreadPoolExecutor</span>.<span style='color: black'>Worker</span>.<strong><span style='color: #AA0000'>run</span></strong> <span style='color: #CACACA;'> (ThreadPoolExecutor.java : 624)</span><br>\n<span style='color: #AC8888'>java.lang</span>.<span style='color: black'>Thread</span>.<strong><span style='color: #AA0000'>run</span></strong> <span style='color: #CACACA;'> (Thread.java : 748)</span><br>\n</div><i>caused by</i></div><div style='margin-left: 3.75em; font-size: 0.9em; letter-spacing: 0.05em;'>java.lang.IllegalArgumentException <strong>graph movie is already published code: PGX-ERROR-QXEKCR3BQQMS</strong>\n<div style='margin-left: 3em;'><span style='color: #AC8888'>oracle.pgx.common.marshalers</span>.<span style='color: black'>ExceptionMarshaler</span>.<strong><span style='color: #AA0000'>toUnserializedException</span></strong> <span style='color: #CACACA;'> (ExceptionMarshaler.java : 77)</span><br>\n<span style='color: #AC8888'>oracle.pgx.common.marshalers</span>.<span style='color: black'>ExceptionMarshaler</span>.<strong><span style='color: #AA0000'>unmarshal</span></strong> <span style='color: #CACACA;'> (ExceptionMarshaler.java : 113)</span><br>\n<span style='color: #AC8888'>oracle.pgx.client</span>.<span style='color: black'>RemoteUtils</span>.<strong><span style='color: #AA0000'>parseExceptionalResponse</span></strong> <span style='color: #CACACA;'> (RemoteUtils.java : 132)</span><br>\n<span style='color: #AC8888'>oracle.pgx.client</span>.<span style='color: black'>RemoteUtils</span>.<strong><span style='color: #AA0000'>getResponseContent</span></strong> <span style='color: #CACACA;'> (RemoteUtils.java : 100)</span><br>\n<span style='color: #AC8888'>oracle.pgx.client</span>.<span style='color: black'>RemoteUtils</span>.<strong><span style='color: #AA0000'>getResponseContent</span></strong> <span style='color: #CACACA;'> (RemoteUtils.java : 68)</span><br>\n<span style='color: #AC8888'>oracle.pgx.client</span>.<span style='color: black'>RemoteUtils</span>.<strong><span style='color: #AA0000'>parse</span></strong> <span style='color: #CACACA;'> (RemoteUtils.java : 155)</span><br>\n<span style='color: #AC8888'>oracle.pgx.client</span>.<span style='color: black'>PgxRemoteFuture</span>.<strong><span style='color: #AA0000'>executeRequest</span></strong> <span style='color: #CACACA;'> (PgxRemoteFuture.java : 106)</span><br>\n<span style='color: #AC8888'>oracle.pgx.client</span>.<span style='color: black'>PgxRemoteFuture</span>.<strong><span style='color: #AA0000'>lambda$fetchRemoteResultAsync$3</span></strong> <span style='color: #CACACA;'> (PgxRemoteFuture.java : 218)</span><br>\n<span style='color: #AC8888'>java.util.concurrent</span>.<span style='color: black'>ThreadPoolExecutor</span>.<strong><span style='color: #AA0000'>runWorker</span></strong> <span style='color: #CACACA;'> (ThreadPoolExecutor.java : 1149)</span><br>\n<span style='color: #AC8888'>java.util.concurrent.ThreadPoolExecutor</span>.<span style='color: black'>Worker</span>.<strong><span style='color: #AA0000'>run</span></strong> <span style='color: #CACACA;'> (ThreadPoolExecutor.java : 624)</span><br>\n<span style='color: #AC8888'>java.lang</span>.<span style='color: black'>Thread</span>.<strong><span style='color: #AA0000'>run</span></strong> <span style='color: #CACACA;'> (Thread.java : 748)</span><br>\n</div></div></div></details>"}]},"apps":[],"jobName":"paragraph_1588602503402_2073172958","id":"20200504-142823_493033825","dateCreated":"2020-05-04T14:28:23+0000","dateStarted":"2020-05-06T08:52:22+0000","dateFinished":"2020-05-06T08:52:22+0000","status":"ERROR","progressUpdateIntervalMs":500,"$$hashKey":"object:193642"},{"text":"%md\n\nUse GraphViz (http://localhost:7007/ui/) to visualize the graph.","user":"oracle","dateUpdated":"2020-05-06T08:42:05+0000","config":{"colWidth":12,"fontSize":9,"enabled":true,"results":{},"editorSetting":{"language":"markdown","editOnDblClick":true,"completionKey":"TAB","completionSupport":false},"editorMode":"ace/mode/markdown","editorHide":true,"tableHide":false},"settings":{"params":{},"forms":{}},"results":{"code":"SUCCESS","msg":[{"type":"HTML","data":"<div class=\"markdown-body\">\n<p>Use GraphViz (<a href=\"http://localhost:7007/ui/\">http://localhost:7007/ui/</a>) to visualize the graph.</p>\n</div>"}]},"apps":[],"jobName":"paragraph_1588754480919_-414407599","id":"20200506-084120_277686678","dateCreated":"2020-05-06T08:41:20+0000","dateStarted":"2020-05-06T08:42:05+0000","dateFinished":"2020-05-06T08:42:05+0000","status":"FINISHED","progressUpdateIntervalMs":500,"$$hashKey":"object:193643"},{"title":"Remove property graph when finished","text":"%pgx\n\ng.destroy()","user":"oracle","dateUpdated":"2020-05-06T08:52:32+0000","config":{"colWidth":12,"fontSize":9,"enabled":true,"results":{},"editorSetting":{"language":"scala","editOnDblClick":false,"completionKey":"TAB"},"editorMode":"ace/mode/scala","title":true},"settings":{"params":{},"forms":{}},"results":{"code":"SUCCESS","msg":[{"type":"TEXT","data":"(no output)"}]},"apps":[],"jobName":"paragraph_1588602677607_-349675166","id":"20200504-143117_715283318","dateCreated":"2020-05-04T14:31:17+0000","dateStarted":"2020-05-06T08:52:32+0000","dateFinished":"2020-05-06T08:52:32+0000","status":"FINISHED","progressUpdateIntervalMs":500,"$$hashKey":"object:193644"},{"text":"%pgx\n","user":"oracle","dateUpdated":"2020-05-06T08:52:32+0000","config":{"colWidth":12,"fontSize":9,"enabled":true,"results":{},"editorSetting":{"language":"scala","editOnDblClick":false,"completionKey":"TAB"},"editorMode":"ace/mode/scala"},"settings":{"params":{},"forms":{}},"apps":[],"jobName":"paragraph_1588755152761_1866379611","id":"20200506-085232_891725987","dateCreated":"2020-05-06T08:52:32+0000","status":"READY","progressUpdateIntervalMs":500,"$$hashKey":"object:193645"}],"name":"PGX/4. movie graph analysis","id":"2F9YEMZJ4","noteParams":{},"noteForms":{},"angularObjects":{"md:shared_process":[],"python:shared_process":[],"sh:shared_process":[],"pgx:shared_process":[],"spark:shared_process":[]},"config":{"isZeppelinNotebookCronEnable":false,"looknfeel":"default","personalizedMode":"false"},"info":{}}