﻿{"paragraphs":[{"text":"%md\n<div style=\"float:left; padding-right: 3em; padding-bottom: 1em;\"><img src=\"https://upload.wikimedia.org/wikipedia/commons/b/be/Captain_America_Shield_04.svg\" width=\"185\" height=\"185\" alt=\"shield\"></div>\nIn this demo, we will analyze the connections between heros in Marvel comics, to answer questions such as:\n<p>&nbsp;</p>\n * Who are the most important (as graph theory defines the term) Marvel comics heros?\n * Who are the \"connector\" characters that tie stories together throughout the Marvel universe, in order of importance?\n<p>&nbsp;</p>\nThis is a type of analysis graph tools are ideal for, and applies to social networks and well beyond, and is easily done using out-of-the-box algorithms in Oracle Labs' [PGX graph analytics tool](https://docs.oracle.com/cd/E56133_01/1.2.0/reference/algorithms/index.html).  This is a sort of analysis that is not typically done, or even thought of, when using relational tools because doing this type of analysis requires doing an arbitrary number of self-joins to complete the computation.  This is the sort of analysis graph databases excel at.\n<p>&nbsp;</p>\nThe data consists of a graph of which characters appeared in an issue with which other characters, allowing us to analyze the connectedness - the influence - of characters on that basis.  To pull the graph into PGX, we load a [JSON file](/zeppelin-data/hero-network.json) which describes the location of the [raw CSV data](https://labsnews.us.oracle.com/zeppelin-data/hero-network.csv) and how to interpret it as a graph.  This creates an in-memory graph we can run various analyses on.  Since for our purposes, we want an undirected graph (edges are not directional), we call `undirect()` on the loaded graph once it is loaded:","user":"oracle","dateUpdated":"2020-04-02T09:30:14+0000","config":{"tableHide":false,"colWidth":12,"editorMode":"ace/mode/markdown","editorHide":true,"results":[{"graph":{"mode":"table","height":300,"optionOpen":false,"keys":[],"values":[],"groups":[],"scatter":{}}}],"enabled":true,"fontSize":9,"editorSetting":{}},"settings":{"params":{},"forms":{}},"results":{"code":"SUCCESS","msg":[{"type":"HTML","data":"<div style=\"float:left; padding-right: 3em; padding-bottom: 1em;\"><img src=\"https://upload.wikimedia.org/wikipedia/commons/b/be/Captain_America_Shield_04.svg\" width=\"185\" height=\"185\" alt=\"shield\"></div>\n<p>In this demo, we will analyze the connections between heros in Marvel comics, to answer questions such as:</p>\n<p>&nbsp;</p>\n<ul>\n<li>Who are the most important (as graph theory defines the term) Marvel comics heros?</li>\n<li>Who are the &ldquo;connector&rdquo; characters that tie stories together throughout the Marvel universe, in order of importance?<p>&nbsp;</p>\nThis is a type of analysis graph tools are ideal for, and applies to social networks and well beyond, and is easily done using out-of-the-box algorithms in Oracle Labs' <a href=\"https://docs.oracle.com/cd/E56133_01/1.2.0/reference/algorithms/index.html\">PGX graph analytics tool</a>.  This is a sort of analysis that is not typically done, or even thought of, when using relational tools because doing this type of analysis requires doing an arbitrary number of self-joins to complete the computation.  This is the sort of analysis graph databases excel at.<p>&nbsp;</p>\nThe data consists of a graph of which characters appeared in an issue with which other characters, allowing us to analyze the connectedness - the influence - of characters on that basis.  To pull the graph into PGX, we load a <a href=\"/zeppelin-data/hero-network.json\">JSON file</a> which describes the location of the <a href=\"https://labsnews.us.oracle.com/zeppelin-data/hero-network.csv\">raw CSV data</a> and how to interpret it as a graph.  This creates an in-memory graph we can run various analyses on.  Since for our purposes, we want an undirected graph (edges are not directional), we call <code>undirect()</code> on the loaded graph once it is loaded:</li>\n</ul>\n"}]},"apps":[],"jobName":"paragraph_1585819814499_772178437","id":"20160714-170122_1302155488","dateCreated":"2020-04-02T09:30:14+0000","status":"READY","errorMessage":"","progressUpdateIntervalMs":500,"focus":true,"$$hashKey":"object:198890"},{"title":"Loading The Graph","text":"%pgx\ngraph = session.readGraphWithProperties(\"//opt/oracle/graph/data/hero-network.json\").undirect()","user":"oracle","dateUpdated":"2020-05-06T11:14:33+0000","config":{"tableHide":false,"colWidth":12,"editorMode":"ace/mode/scala","editorHide":false,"title":true,"results":[{"graph":{"mode":"table","height":300,"optionOpen":false,"keys":[],"values":[],"groups":[],"scatter":{}}}],"enabled":true,"fontSize":9,"editorSetting":{"language":"scala","editOnDblClick":false,"completionKey":"TAB","completionSupport":true}},"settings":{"params":{},"forms":{}},"results":{"code":"SUCCESS","msg":[{"type":"TEXT","data":"PgxGraph[name=sub-graph_112,N=6426,E=574467,created=1588763674119]"}]},"apps":[],"jobName":"paragraph_1585819814500_499599335","id":"20160714-170449_2085783170","dateCreated":"2020-04-02T09:30:14+0000","dateStarted":"2020-05-06T11:14:33+0000","dateFinished":"2020-05-06T11:14:34+0000","status":"FINISHED","progressUpdateIntervalMs":500,"$$hashKey":"object:198891"},{"text":"%md\n\n\n\nWith our graph loaded, we can proceed to analyze the data. One interesting concept in graph theory, which can provide some insight here, is that of *centrality*.  \n\nThere are multiple definitions of centrality - you might care about centrality in terms of which vertex is connected to the most other vertices - this is how the `pagerank` algorithm works.  But you also might care about which vertex is on the shortest path between many other vertices - which vertices are the \"connectors\" in a network - what links are critical to that network being fully connected, as in [Kieran Healy's article about finding who the \"connectors\" that made the American revolution possible were](https://kieranhealy.org/blog/archives/2013/06/09/using-metadata-to-find-paul-revere/) - that is a different kind of centrality.  PGX supports both kinds of analysis out-of-the-box.","user":"oracle","dateUpdated":"2020-04-02T12:01:36+0000","config":{"tableHide":false,"colWidth":12,"editorMode":"ace/mode/markdown","editorHide":true,"results":[{"graph":{"mode":"table","height":300,"optionOpen":false,"keys":[],"values":[],"groups":[],"scatter":{}}}],"enabled":true,"fontSize":9,"editorSetting":{"language":"markdown","editOnDblClick":true,"completionSupport":false}},"settings":{"params":{},"forms":{}},"results":{"code":"SUCCESS","msg":[{"type":"HTML","data":"<div class=\"markdown-body\">\n<p>With our graph loaded, we can proceed to analyze the data. One interesting concept in graph theory, which can provide some insight here, is that of <em>centrality</em>. </p>\n<p>There are multiple definitions of centrality - you might care about centrality in terms of which vertex is connected to the most other vertices - this is how the <code>pagerank</code> algorithm works. But you also might care about which vertex is on the shortest path between many other vertices - which vertices are the &ldquo;connectors&rdquo; in a network - what links are critical to that network being fully connected, as in <a href=\"https://kieranhealy.org/blog/archives/2013/06/09/using-metadata-to-find-paul-revere/\">Kieran Healy&rsquo;s article about finding who the &ldquo;connectors&rdquo; that made the American revolution possible were</a> - that is a different kind of centrality. PGX supports both kinds of analysis out-of-the-box.</p>\n</div>"}]},"apps":[],"jobName":"paragraph_1585819814501_-1899308419","id":"20160714-174123_18860637","dateCreated":"2020-04-02T09:30:14+0000","dateStarted":"2020-04-02T12:01:36+0000","dateFinished":"2020-04-02T12:01:36+0000","status":"FINISHED","progressUpdateIntervalMs":500,"$$hashKey":"object:198892"},{"title":"Running the <I>Pagerank</I> algorithm","text":"%pgx\npagerank = analyst.pagerank(graph, 0.0001, 0.85, 100);\n","user":"oracle","dateUpdated":"2020-05-06T11:14:46+0000","config":{"tableHide":false,"colWidth":12,"editorMode":"ace/mode/scala","editorHide":false,"title":true,"results":[{"graph":{"mode":"table","height":300,"optionOpen":false,"keys":[],"values":[],"groups":[],"scatter":{},"setting":{"table":{"tableGridState":{},"tableColumnTypeState":{"names":{"ID":"string","value":"string"},"updated":false},"tableOptionSpecHash":"[{\"name\":\"useFilter\",\"valueType\":\"boolean\",\"defaultValue\":false,\"widget\":\"checkbox\",\"description\":\"Enable filter for columns\"},{\"name\":\"showPagination\",\"valueType\":\"boolean\",\"defaultValue\":false,\"widget\":\"checkbox\",\"description\":\"Enable pagination for better navigation\"},{\"name\":\"showAggregationFooter\",\"valueType\":\"boolean\",\"defaultValue\":false,\"widget\":\"checkbox\",\"description\":\"Enable a footer for displaying aggregated values\"}]","tableOptionValue":{"useFilter":false,"showPagination":false,"showAggregationFooter":false},"updated":false,"initialized":false}},"commonSetting":{}}}],"enabled":true,"fontSize":9,"editorSetting":{"language":"scala","editOnDblClick":false,"completionKey":"TAB"}},"settings":{"params":{},"forms":{}},"results":{"code":"SUCCESS","msg":[{"type":"TEXT","data":"VertexProperty[name=pagerank,type=double,graph=sub-graph_112]"}]},"apps":[],"jobName":"paragraph_1585819814502_1457573737","id":"20160714-171825_1020855295","dateCreated":"2020-04-02T09:30:14+0000","dateStarted":"2020-05-06T11:14:46+0000","dateFinished":"2020-05-06T11:14:47+0000","status":"FINISHED","progressUpdateIntervalMs":500,"$$hashKey":"object:198893"},{"text":"%md\nThat gives us the pagerank score of each hero - let's look at the top ten:","user":"oracle","dateUpdated":"2020-04-02T09:30:14+0000","config":{"tableHide":false,"colWidth":12,"editorMode":"ace/mode/markdown","editorHide":true,"results":[{"graph":{"mode":"table","height":300,"optionOpen":false,"keys":[],"values":[],"groups":[],"scatter":{}}}],"enabled":true,"fontSize":9,"editorSetting":{}},"settings":{"params":{},"forms":{}},"results":{"code":"SUCCESS","msg":[{"type":"HTML","data":"<p>That gives us the pagerank score of each hero - let's look at the top ten:</p>\n"}]},"apps":[],"jobName":"paragraph_1585819814503_-301620070","id":"20160714-174714_156026552","dateCreated":"2020-04-02T09:30:14+0000","status":"READY","errorMessage":"","progressUpdateIntervalMs":500,"$$hashKey":"object:198894"},{"text":"%pgx\n\npagerank.getTopKValues(10)","user":"oracle","dateUpdated":"2020-05-06T11:14:52+0000","config":{"colWidth":12,"editorMode":"ace/mode/scala","tableHide":false,"results":[{"graph":{"mode":"table","height":300,"optionOpen":false,"keys":[],"values":[],"groups":[],"scatter":{},"setting":{"table":{"tableGridState":{},"tableColumnTypeState":{"names":{"ID":"string","value":"string"},"updated":false},"tableOptionSpecHash":"[{\"name\":\"useFilter\",\"valueType\":\"boolean\",\"defaultValue\":false,\"widget\":\"checkbox\",\"description\":\"Enable filter for columns\"},{\"name\":\"showPagination\",\"valueType\":\"boolean\",\"defaultValue\":false,\"widget\":\"checkbox\",\"description\":\"Enable pagination for better navigation\"},{\"name\":\"showAggregationFooter\",\"valueType\":\"boolean\",\"defaultValue\":false,\"widget\":\"checkbox\",\"description\":\"Enable a footer for displaying aggregated values\"}]","tableOptionValue":{"useFilter":false,"showPagination":false,"showAggregationFooter":false},"updated":false,"initialized":false}},"commonSetting":{}}}],"enabled":true,"fontSize":9,"editorSetting":{"language":"scala","editOnDblClick":false,"completionKey":"TAB","completionSupport":true},"editorHide":false},"settings":{"params":{},"forms":{}},"results":{"code":"SUCCESS","msg":[{"type":"TABLE","data":"ID\tvalue\nCAPTAIN AMERICA\t0.011065830748883301\nSPIDER-MAN/PETER PAR\t0.010883248192971052\nIRON MAN/TONY STARK \t0.00822400232340639\nWOLVERINE/LOGAN \t0.007184179121356004\nTHOR/DR. DONALD BLAK\t0.007111076442093899\nTHING/BENJAMIN J. GR\t0.007040224708813351\nHUMAN TORCH/JOHNNY S\t0.006715685790441994\nMR. FANTASTIC/REED R\t0.006474776413326844\nSCARLET WITCH/WANDA \t0.006292296186722285\nINVISIBLE WOMAN/SUE \t0.00607097561105347"}]},"apps":[],"jobName":"paragraph_1585819814503_-2067125532","id":"20160714-172045_1415338799","dateCreated":"2020-04-02T09:30:14+0000","dateStarted":"2020-05-06T11:14:52+0000","dateFinished":"2020-05-06T11:14:52+0000","status":"FINISHED","progressUpdateIntervalMs":500,"$$hashKey":"object:198895"},{"text":"%md\nAs mentioned earlier, betweenness centrality is another kind of centrality that can provide useful insights. \n\nAnd you will notice that the order we get out is somewhat different, and some of the characters that show up in the top ten are different.  \n\nNote that this analysis is computationally expensive, and can take a while to complete (~ 5 min):","user":"oracle","dateUpdated":"2020-04-02T12:10:34+0000","config":{"tableHide":false,"colWidth":12,"editorMode":"ace/mode/markdown","editorHide":true,"results":[{"graph":{"mode":"table","height":300,"optionOpen":false,"keys":[],"values":[],"groups":[],"scatter":{}}}],"enabled":true,"fontSize":9,"editorSetting":{"language":"markdown","editOnDblClick":true,"completionSupport":false}},"settings":{"params":{},"forms":{}},"results":{"code":"SUCCESS","msg":[{"type":"HTML","data":"<div class=\"markdown-body\">\n<p>As mentioned earlier, betweenness centrality is another kind of centrality that can provide useful insights. </p>\n<p>And you will notice that the order we get out is somewhat different, and some of the characters that show up in the top ten are different. </p>\n<p>Note that this analysis is computationally expensive, and can take a while to complete (~ 5 min):</p>\n</div>"}]},"apps":[],"jobName":"paragraph_1585819814504_-1456981551","id":"20160714-174058_2147264725","dateCreated":"2020-04-02T09:30:14+0000","dateStarted":"2020-04-02T12:10:34+0000","dateFinished":"2020-04-02T12:10:34+0000","status":"FINISHED","progressUpdateIntervalMs":500,"$$hashKey":"object:198896"},{"title":"Running the <I>Betweenness Centrality</i> algorithm (5min)","text":"%pgx\nbetweenness = analyst.vertexBetweennessCentrality(graph)\nbetweenness.getTopKValues(10)\n","user":"oracle","dateUpdated":"2020-05-06T11:15:05+0000","config":{"tableHide":false,"colWidth":12,"editorMode":"ace/mode/scala","title":true,"results":[{"graph":{"mode":"table","height":300,"optionOpen":false,"keys":[],"values":[],"groups":[],"scatter":{},"setting":{"table":{"tableGridState":{},"tableColumnTypeState":{"names":{"ID":"string","value":"string"},"updated":false},"tableOptionSpecHash":"[{\"name\":\"useFilter\",\"valueType\":\"boolean\",\"defaultValue\":false,\"widget\":\"checkbox\",\"description\":\"Enable filter for columns\"},{\"name\":\"showPagination\",\"valueType\":\"boolean\",\"defaultValue\":false,\"widget\":\"checkbox\",\"description\":\"Enable pagination for better navigation\"},{\"name\":\"showAggregationFooter\",\"valueType\":\"boolean\",\"defaultValue\":false,\"widget\":\"checkbox\",\"description\":\"Enable a footer for displaying aggregated values\"}]","tableOptionValue":{"useFilter":false,"showPagination":false,"showAggregationFooter":false},"updated":false,"initialized":false}},"commonSetting":{}}}],"enabled":true,"fontSize":9,"editorSetting":{"language":"scala","editOnDblClick":false,"completionKey":"TAB","completionSupport":true}},"settings":{"params":{},"forms":{}},"results":{"code":"SUCCESS","msg":[{"type":"TABLE","data":"ID\tvalue\nSPIDER-MAN/PETER PAR\t5358034.226807169\nCAPTAIN AMERICA\t3879925.0255827624\nIRON MAN/TONY STARK \t2136707.9309698716\nWOLVERINE/LOGAN \t2128411.7635667347\nDR. STRANGE/STEPHEN \t1695310.6266366702\nHAVOK/ALEX SUMMERS \t1627470.9985449584\nTHOR/DR. DONALD BLAK\t1542352.9408411724\nHULK/DR. ROBERT BRUC\t1490075.2090063922\nTHING/BENJAMIN J. GR\t1365684.8347242433\nDAREDEVIL/MATT MURDO\t1356349.10782244"}]},"apps":[],"jobName":"paragraph_1585819814504_-1874651710","id":"20160714-174316_1965658348","dateCreated":"2020-04-02T09:30:14+0000","dateStarted":"2020-05-06T11:15:05+0000","dateFinished":"2020-05-06T11:18:48+0000","status":"FINISHED","progressUpdateIntervalMs":500,"$$hashKey":"object:198897"},{"title":"Querying the Combined results using PGQL","text":"%md\nOne of the distinguishing characteristics of PGX is that it supports both writing graph algorithms in a DSL designed for that purpose and capable of transparently parallelizing the code for performance; *and* it also supports *pattern matching* of graphs.  Most graph tools support one or the other, but not both.\n<p>&nbsp;</p>\nPGX includes **Property Graph Query Language** (aka PGQL), which can be used to make SQL-like pattern-matching queries against a graph.  PGQL is often useful *in conjunction* with analytic algorithms in order to find insights.\n<p>&nbsp;</p>\nLet's look at both properties, sorted by `pagerank` score:","user":"oracle","dateUpdated":"2020-04-02T09:30:14+0000","config":{"tableHide":false,"colWidth":12,"editorMode":"ace/mode/markdown","editorHide":true,"title":true,"results":[{"graph":{"mode":"table","height":300,"optionOpen":false,"keys":[],"values":[],"groups":[],"scatter":{}}}],"enabled":true,"fontSize":9,"editorSetting":{}},"settings":{"params":{},"forms":{}},"results":{"code":"SUCCESS","msg":[{"type":"HTML","data":"<p>One of the distinguishing characteristics of PGX is that it supports both writing graph algorithms in a DSL designed for that purpose and capable of transparently parallelizing the code for performance; <em>and</em> it also supports <em>pattern matching</em> of graphs.  Most graph tools support one or the other, but not both.</p>\n<p>&nbsp;</p>\n<p>PGX includes <strong>Property Graph Query Language</strong> (aka PGQL), which can be used to make SQL-like pattern-matching queries against a graph.  PGQL is often useful <em>in conjunction</em> with analytic algorithms in order to find insights.</p>\n<p>&nbsp;</p>\n<p>Let's look at both properties, sorted by <code>pagerank</code> score:</p>\n"}]},"apps":[],"jobName":"paragraph_1585819814505_-2046748025","id":"20160714-175016_181447717","dateCreated":"2020-04-02T09:30:14+0000","status":"READY","errorMessage":"","progressUpdateIntervalMs":500,"$$hashKey":"object:198898"},{"text":"%pgx\ngraph.queryPgql(\"SELECT n, n.pagerank, n.betweenness WHERE (n) ORDER BY n.pagerank DESC\")","user":"oracle","dateUpdated":"2020-05-06T11:43:49+0000","config":{"colWidth":12,"editorMode":"ace/mode/scala","tableHide":false,"results":[{"graph":{"mode":"table","height":300,"optionOpen":false,"keys":[{"name":"n","index":0,"aggr":"sum"}],"values":[{"name":"n.pagerank","index":1,"aggr":"sum"}],"groups":[],"scatter":{"xAxis":{"name":"n","index":0,"aggr":"sum"},"yAxis":{"name":"n.pagerank","index":1,"aggr":"sum"}},"setting":{"table":{"tableGridState":{},"tableColumnTypeState":{"names":{"n":"string","n.pagerank":"string","n.betweenness":"string"},"updated":false},"tableOptionSpecHash":"[{\"name\":\"useFilter\",\"valueType\":\"boolean\",\"defaultValue\":false,\"widget\":\"checkbox\",\"description\":\"Enable filter for columns\"},{\"name\":\"showPagination\",\"valueType\":\"boolean\",\"defaultValue\":false,\"widget\":\"checkbox\",\"description\":\"Enable pagination for better navigation\"},{\"name\":\"showAggregationFooter\",\"valueType\":\"boolean\",\"defaultValue\":false,\"widget\":\"checkbox\",\"description\":\"Enable a footer for displaying aggregated values\"}]","tableOptionValue":{"useFilter":false,"showPagination":false,"showAggregationFooter":false},"updated":false,"initialized":false}},"commonSetting":{}}}],"enabled":true,"fontSize":9,"editorSetting":{"language":"scala","editOnDblClick":false,"completionKey":"TAB","completionSupport":true}},"settings":{"params":{},"forms":{}},"results":{"code":"SUCCESS","msg":[{"type":"TABLE","data":"n\tn.pagerank\tn.betweenness\nPgxVertex[ID=CAPTAIN AMERICA]\t0.011065830748883301\t3879925.0255827624\nPgxVertex[ID=SPIDER-MAN/PETER PAR]\t0.010883248192971052\t5358034.226807169\nPgxVertex[ID=IRON MAN/TONY STARK ]\t0.00822400232340639\t2136707.9309698716\nPgxVertex[ID=WOLVERINE/LOGAN ]\t0.007184179121356004\t2128411.7635667347\nPgxVertex[ID=THOR/DR. DONALD BLAK]\t0.007111076442093899\t1542352.9408411724\nPgxVertex[ID=THING/BENJAMIN J. GR]\t0.007040224708813351\t1365684.8347242433\nPgxVertex[ID=HUMAN TORCH/JOHNNY S]\t0.006715685790441994\t1079956.6513928273\nPgxVertex[ID=MR. FANTASTIC/REED R]\t0.006474776413326844\t1132323.109192209\nPgxVertex[ID=SCARLET WITCH/WANDA ]\t0.006292296186722285\t833361.703925102\nPgxVertex[ID=INVISIBLE WOMAN/SUE ]\t0.00607097561105347\t733228.771096845\nPgxVertex[ID=VISION ]\t0.005997411641152789\t564540.6800871264\nPgxVertex[ID=BEAST/HENRY &HANK& P]\t0.00596784497279845\t1321901.0419328394\nPgxVertex[ID=HAWK]\t0.0057215529739533715\t1247378.338021098\nPgxVertex[ID=CYCLOPS/SCOTT SUMMER]\t0.0056199491992990494\t650802.6530140596\nPgxVertex[ID=HULK/DR. ROBERT BRUC]\t0.00550332137830238\t1490075.2090063922\nPgxVertex[ID=STORM/ORORO MUNROE S]\t0.005437057141539544\t662366.0412209615\nPgxVertex[ID=WASP/JANET VAN DYNE ]\t0.0052733333587136775\t410743.45511589275\nPgxVertex[ID=PROFESSOR X/CHARLES ]\t0.004884569069150944\t631465.2329513027\nPgxVertex[ID=COLOSSUS II/PETER RA]\t0.004810143966814322\t461949.7600971048\nPgxVertex[ID=ANT-MAN/DR. HENRY J.]\t0.004679634952928117\t417149.8626815326\nPgxVertex[ID=MARVEL GIRL/JEAN GRE]\t0.004484548387273353\t567014.870898319\nPgxVertex[ID=DR. STRANGE/STEPHEN ]\t0.004430547838645417\t1695310.6266366702\nPgxVertex[ID=WATSON-PARKER, MARY ]\t0.004410090569134543\t336075.94710508\nPgxVertex[ID=ANGEL/WARREN KENNETH]\t0.004400027683849308\t580577.8651310711\nPgxVertex[ID=JAMESON, J. JONAH]\t0.004316769615958448\t602630.310807016\nPgxVertex[ID=WONDER MAN/SIMON WIL]\t0.004280842186775137\t501626.69012790464\nPgxVertex[ID=DAREDEVIL/MATT MURDO]\t0.0041480217972017204\t1356349.10782244\nPgxVertex[ID=ICEMAN/ROBERT BOBBY ]\t0.0041015486798230095\t381190.59625027014\nPgxVertex[ID=SHE-HULK/JENNIFER WA]\t0.004090865855064805\t778642.3327076702\nPgxVertex[ID=SUB-MARINER/NAMOR MA]\t0.003950386980516164\t793169.4866755359\nPgxVertex[ID=NIGHTCRAWLER/KURT WA]\t0.003937473843632186\t492107.2449276908\nPgxVertex[ID=ROGUE /]\t0.003730517971278543\t327274.08986353205\nPgxVertex[ID=HERCULES [GREEK GOD]]\t0.003599284810865002\t379351.9817773042\nPgxVertex[ID=QUICKSILVER/PIETRO M]\t0.003433179164374279\t381449.5855098908\nPgxVertex[ID=BLACK WIDOW/NATASHA ]\t0.003380832065395758\t498551.441224294\nPgxVertex[ID=JARVIS, EDWIN ]\t0.0032278525688065013\t271616.4036047813\nPgxVertex[ID=HAVOK/ALEX SUMMERS ]\t0.0031846267944861954\t1627470.9985449584\nPgxVertex[ID=FURY, COL. NICHOLAS ]\t0.0031245622684197283\t986295.1038159592\nPgxVertex[ID=CANNONBALL II/SAM GU]\t0.002939964953309065\t436723.1765184592\nPgxVertex[ID=ROBERTSON, JOE]\t0.002861868910707397\t151504.09609233603\nPgxVertex[ID=SHADOWCAT/KATHERINE ]\t0.0028549523886982784\t241180.64297748427\nPgxVertex[ID=PSYLOCKE/ELISABETH B]\t0.0026346534502333365\t191549.82195452316\nPgxVertex[ID=SILVER SURFER/NORRIN]\t0.002614637261053318\t880467.8478322952\nPgxVertex[ID=PARKER, MAY]\t0.0025982990488726174\t94637.82667692621\nPgxVertex[ID=CRYSTAL [INHUMAN]]\t0.0025016073779654635\t196980.16278839522\nPgxVertex[ID=BLACK PANTHER/T'CHAL]\t0.0024987475149771156\t357187.77931621467\nPgxVertex[ID=GAMBIT/REMY LEBEAU ]\t0.002419058112603183\t379075.99841533945\nPgxVertex[ID=SUMMERS, NATHAN CHRI]\t0.002364542133535144\t423496.46939774544\nPgxVertex[ID=BLACK KNIGHT V/DANE ]\t0.002333659057563919\t181905.05544376833\nPgxVertex[ID=QUASAR III/WENDELL V]\t0.002318165344838592\t270103.045826446\nPgxVertex[ID=NOVA/RICHARD RIDER]\t0.0023043158232135996\t403002.9092854327\nPgxVertex[ID=DR. DOOM/VICTOR VON ]\t0.0022580487683672213\t429175.8107054065\nPgxVertex[ID=WOLFSBANE/RAHNE SINC]\t0.0021616777328545213\t132211.23189936578\nPgxVertex[ID=RICHARDS, FRANKLIN B]\t0.0021463512939599583\t117654.79355121186\nPgxVertex[ID=SUNSPOT/ROBERTO DACO]\t0.0020621129006480345\t241180.81315058045\nPgxVertex[ID=POLARIS/LORNA DANE]\t0.0020180371279027733\t112056.0472822576\nPgxVertex[ID=JONES, RICHARD MILHO]\t0.002011498457469748\t278584.6832545382\nPgxVertex[ID=FIRESTAR/ANGELICA JO]\t0.0019744293956553043\t303710.13639300066\nPgxVertex[ID=BANSHEE/SEAN CASSIDY]\t0.0019741623032229045\t248048.5400577858\nPgxVertex[ID=LEEDS, BETTY BRANT]\t0.0019725724631570875\t43167.69786143349\nPgxVertex[ID=MAGNETO/MAGNUS/ERIC ]\t0.001953046711790853\t84599.91562451946\nPgxVertex[ID=BOOMER/TABITHA SMITH]\t0.0019041760668233796\t196274.20570805814\nPgxVertex[ID=NAMORITA/NITA PRENTI]\t0.0018663597373622207\t233400.6243238955\nPgxVertex[ID=ODIN [ASGARDIAN]]\t0.001863845204621976\t66727.07697131716\nPgxVertex[ID=USAGENT/CAPTAIN JOHN]\t0.001840340752081566\t156713.26530445646\nPgxVertex[ID=PUNISHER II/FRANK CA]\t0.0018382059682872866\t792073.1550417867\nPgxVertex[ID=MOONDRAGON/HEATHER D]\t0.0018166782371459556\t197121.87288552648\nPgxVertex[ID=THOMPSON, EUGENE FLA]\t0.0017901425936168076\t38093.35646751915\nPgxVertex[ID=CAPTAIN MARVEL II/MO]\t0.0017810863100215025\t58819.663238012545\nPgxVertex[ID=IRON MAN IV/JAMES R.]\t0.0017644769026038641\t242466.49098324543\nPgxVertex[ID=CAGE, LUKE/CARL LUCA]\t0.001763722295879512\t390511.9607105814\nPgxVertex[ID=JUBILEE/JUBILATION L]\t0.0017635013645616118\t265046.85657917877\nPgxVertex[ID=FALCON/SAM WILSON]\t0.0017228437047321376\t65323.82987049326\nPgxVertex[ID=KINGPIN/WILSON FISK]\t0.0017075075104465464\t201283.40071362155\nPgxVertex[ID=NELSON, FRANKLIN FOG]\t0.0017016174479271252\t134007.10379597926\nPgxVertex[ID=SASQUATCH/WALTER LAN]\t0.001660694458167797\t149581.2704141388\nPgxVertex[ID=HUDSON, HEATHER]\t0.0016491728651033125\t193221.88200148792\nPgxVertex[ID=THUNDERSTRIKE/ERIC K]\t0.0016462503504147189\t167337.56048572782\nPgxVertex[ID=IRON FIST/DANIEL RAN]\t0.0016268136400579961\t321548.98573343485\nPgxVertex[ID=SERSI/SYLVIA]\t0.0015906685522634704\t160574.35100879325\nPgxVertex[ID=SIF]\t0.001583002506985465\t44051.54189803432\nPgxVertex[ID=MACTAGGERT, MOIRA KI]\t0.001577888773494403\t51010.69406943945\nPgxVertex[ID=BALDER [ASGARDIAN]]\t0.0015724819044679362\t38733.93900264121\nPgxVertex[ID=MIRAGE II/DANIELLE M]\t0.0015717650596821444\t151948.61486710576\nPgxVertex[ID=HOGUN [ASGARDIAN]]\t0.0015661211020271844\t37905.97895610435\nPgxVertex[ID=TIGRA/GREER NELSON]\t0.0015614588150466141\t61320.028421120616\nPgxVertex[ID=FANDRAL [ASGARDIAN]]\t0.0015589690124512656\t38183.55401319281\nPgxVertex[ID=BINARY/CAROL DANVERS]\t0.0015385519029518196\t98387.7323867638\nPgxVertex[ID=VOLSTAGG]\t0.0015220710776189062\t33000.36122543121\nPgxVertex[ID=LOKI [ASGARDIAN]]\t0.0015022243052237156\t61548.8985311012\nPgxVertex[ID=DUGAN, TIMOTHY ALOYI]\t0.0014905369925129893\t178001.24751467313\nPgxVertex[ID=JUSTICE II/VANCE AST]\t0.001482746736573872\t140676.22186282946\nPgxVertex[ID=SPIDER-MAN CLONE/BEN]\t0.001479544622752839\t323400.36544697237\nPgxVertex[ID=BANNER, BETTY ROSS T]\t0.0014708978764472152\t60131.88210562278\nPgxVertex[ID=THUNDERBIRD II/JAMES]\t0.0014614661476728189\t165925.81294191233\nPgxVertex[ID=MEDUSA/MEDUSALITH AM]\t0.0014526739322814487\t83196.5284396939\nPgxVertex[ID=NORRISS, SISTER BARB]\t0.0014517768051237323\t77554.6187772426\nPgxVertex[ID=MOCKINGBIRD/DR. BARB]\t0.0014361692999171343\t43812.380642493314\nPgxVertex[ID=SPEEDBALL/ROBBIE BAL]\t0.001434256862685574\t186685.55727636444\nPgxVertex[ID=CAPTAIN BRITAIN/BRIA]\t0.0013695630412068351\t255259.70411405474"}]},"apps":[],"jobName":"paragraph_1585819814505_1747190902","id":"20160714-174236_815314577","dateCreated":"2020-04-02T09:30:14+0000","dateStarted":"2020-05-06T11:43:49+0000","dateFinished":"2020-05-06T11:43:50+0000","status":"FINISHED","progressUpdateIntervalMs":500,"$$hashKey":"object:198899"},{"text":"%md\nNow let's compare that with the same data, but ordered by *betweenness centrality* score instead:","user":"oracle","dateUpdated":"2020-04-02T09:30:14+0000","config":{"tableHide":false,"colWidth":12,"editorMode":"ace/mode/markdown","editorHide":true,"results":[{"graph":{"mode":"table","height":300,"optionOpen":false,"keys":[],"values":[],"groups":[],"scatter":{}}}],"enabled":true,"fontSize":9,"editorSetting":{}},"settings":{"params":{},"forms":{}},"results":{"code":"SUCCESS","msg":[{"type":"HTML","data":"<p>Now let's compare that with the same data, but ordered by <em>betweenness centrality</em> score instead:</p>\n"}]},"apps":[],"jobName":"paragraph_1585819814506_1880156880","id":"20160714-174245_1441057055","dateCreated":"2020-04-02T09:30:14+0000","status":"READY","errorMessage":"","progressUpdateIntervalMs":500,"$$hashKey":"object:198900"},{"text":"%pgx\ngraph.queryPgql(\"SELECT n, n.pagerank, n.betweenness WHERE (n) ORDER BY n.betweenness DESC\")","user":"oracle","dateUpdated":"2020-05-06T11:43:58+0000","config":{"colWidth":12,"editorMode":"ace/mode/scala","tableHide":false,"results":[{"graph":{"mode":"table","height":300,"optionOpen":false,"keys":[],"values":[],"groups":[],"scatter":{},"setting":{"table":{"tableGridState":{},"tableColumnTypeState":{"names":{"n":"string","n.pagerank":"string","n.betweenness":"string"},"updated":false},"tableOptionSpecHash":"[{\"name\":\"useFilter\",\"valueType\":\"boolean\",\"defaultValue\":false,\"widget\":\"checkbox\",\"description\":\"Enable filter for columns\"},{\"name\":\"showPagination\",\"valueType\":\"boolean\",\"defaultValue\":false,\"widget\":\"checkbox\",\"description\":\"Enable pagination for better navigation\"},{\"name\":\"showAggregationFooter\",\"valueType\":\"boolean\",\"defaultValue\":false,\"widget\":\"checkbox\",\"description\":\"Enable a footer for displaying aggregated values\"}]","tableOptionValue":{"useFilter":false,"showPagination":false,"showAggregationFooter":false},"updated":false,"initialized":false}},"commonSetting":{}}}],"enabled":true,"fontSize":9,"editorSetting":{"language":"scala","editOnDblClick":false,"completionKey":"TAB","completionSupport":true}},"settings":{"params":{},"forms":{}},"results":{"code":"SUCCESS","msg":[{"type":"TABLE","data":"n\tn.pagerank\tn.betweenness\nPgxVertex[ID=SPIDER-MAN/PETER PAR]\t0.010883248192971052\t5358034.226807169\nPgxVertex[ID=CAPTAIN AMERICA]\t0.011065830748883301\t3879925.0255827624\nPgxVertex[ID=IRON MAN/TONY STARK ]\t0.00822400232340639\t2136707.9309698716\nPgxVertex[ID=WOLVERINE/LOGAN ]\t0.007184179121356004\t2128411.7635667347\nPgxVertex[ID=DR. STRANGE/STEPHEN ]\t0.004430547838645417\t1695310.6266366702\nPgxVertex[ID=HAVOK/ALEX SUMMERS ]\t0.0031846267944861954\t1627470.9985449584\nPgxVertex[ID=THOR/DR. DONALD BLAK]\t0.007111076442093899\t1542352.9408411724\nPgxVertex[ID=HULK/DR. ROBERT BRUC]\t0.00550332137830238\t1490075.2090063922\nPgxVertex[ID=THING/BENJAMIN J. GR]\t0.007040224708813351\t1365684.8347242433\nPgxVertex[ID=DAREDEVIL/MATT MURDO]\t0.0041480217972017204\t1356349.10782244\nPgxVertex[ID=BEAST/HENRY &HANK& P]\t0.00596784497279845\t1321901.0419328394\nPgxVertex[ID=HAWK]\t0.0057215529739533715\t1247378.338021098\nPgxVertex[ID=MR. FANTASTIC/REED R]\t0.006474776413326844\t1132323.109192209\nPgxVertex[ID=HUMAN TORCH/JOHNNY S]\t0.006715685790441994\t1079956.6513928273\nPgxVertex[ID=FURY, COL. NICHOLAS ]\t0.0031245622684197283\t986295.1038159592\nPgxVertex[ID=SILVER SURFER/NORRIN]\t0.002614637261053318\t880467.8478322952\nPgxVertex[ID=SCARLET WITCH/WANDA ]\t0.006292296186722285\t833361.703925102\nPgxVertex[ID=SUB-MARINER/NAMOR MA]\t0.003950386980516164\t793169.4866755359\nPgxVertex[ID=PUNISHER II/FRANK CA]\t0.0018382059682872866\t792073.1550417867\nPgxVertex[ID=SHE-HULK/JENNIFER WA]\t0.004090865855064805\t778642.3327076702\nPgxVertex[ID=INVISIBLE WOMAN/SUE ]\t0.00607097561105347\t733228.771096845\nPgxVertex[ID=STORM/ORORO MUNROE S]\t0.005437057141539544\t662366.0412209615\nPgxVertex[ID=CYCLOPS/SCOTT SUMMER]\t0.0056199491992990494\t650802.6530140596\nPgxVertex[ID=PROFESSOR X/CHARLES ]\t0.004884569069150944\t631465.2329513027\nPgxVertex[ID=JAMESON, J. JONAH]\t0.004316769615958448\t602630.310807016\nPgxVertex[ID=ANGEL/WARREN KENNETH]\t0.004400027683849308\t580577.8651310711\nPgxVertex[ID=MARVEL GIRL/JEAN GRE]\t0.004484548387273353\t567014.870898319\nPgxVertex[ID=VISION ]\t0.005997411641152789\t564540.6800871264\nPgxVertex[ID=WONDER MAN/SIMON WIL]\t0.004280842186775137\t501626.69012790464\nPgxVertex[ID=BLACK WIDOW/NATASHA ]\t0.003380832065395758\t498551.441224294\nPgxVertex[ID=NIGHTCRAWLER/KURT WA]\t0.003937473843632186\t492107.2449276908\nPgxVertex[ID=COLOSSUS II/PETER RA]\t0.004810143966814322\t461949.7600971048\nPgxVertex[ID=CANNONBALL II/SAM GU]\t0.002939964953309065\t436723.1765184592\nPgxVertex[ID=DR. DOOM/VICTOR VON ]\t0.0022580487683672213\t429175.8107054065\nPgxVertex[ID=SUMMERS, NATHAN CHRI]\t0.002364542133535144\t423496.46939774544\nPgxVertex[ID=ANT-MAN/DR. HENRY J.]\t0.004679634952928117\t417149.8626815326\nPgxVertex[ID=WASP/JANET VAN DYNE ]\t0.0052733333587136775\t410743.45511589275\nPgxVertex[ID=NOVA/RICHARD RIDER]\t0.0023043158232135996\t403002.9092854327\nPgxVertex[ID=CAGE, LUKE/CARL LUCA]\t0.001763722295879512\t390511.9607105814\nPgxVertex[ID=QUICKSILVER/PIETRO M]\t0.003433179164374279\t381449.5855098908\nPgxVertex[ID=ICEMAN/ROBERT BOBBY ]\t0.0041015486798230095\t381190.59625027014\nPgxVertex[ID=HERCULES [GREEK GOD]]\t0.003599284810865002\t379351.9817773042\nPgxVertex[ID=GAMBIT/REMY LEBEAU ]\t0.002419058112603183\t379075.99841533945\nPgxVertex[ID=X-MAN/NATHAN GREY ]\t8.971233274574477E-4\t370484.2181578221\nPgxVertex[ID=BLACK PANTHER/T'CHAL]\t0.0024987475149771156\t357187.77931621467\nPgxVertex[ID=WATSON-PARKER, MARY ]\t0.004410090569134543\t336075.94710508\nPgxVertex[ID=ROGUE /]\t0.003730517971278543\t327274.08986353205\nPgxVertex[ID=SPIDER-MAN CLONE/BEN]\t0.001479544622752839\t323400.36544697237\nPgxVertex[ID=IRON FIST/DANIEL RAN]\t0.0016268136400579961\t321548.98573343485\nPgxVertex[ID=FIRESTAR/ANGELICA JO]\t0.0019744293956553043\t303710.13639300066\nPgxVertex[ID=MOON KNIGHT/MARC SPE]\t0.0013613805010391975\t295563.1824805394\nPgxVertex[ID=JONES, RICHARD MILHO]\t0.002011498457469748\t278584.6832545382\nPgxVertex[ID=GHOST RIDER III/DAN ]\t0.0010676358753974053\t275807.9582302804\nPgxVertex[ID=STARSHINE II/BRANDY ]\t6.609802434596808E-4\t273091.0786605199\nPgxVertex[ID=JARVIS, EDWIN ]\t0.0032278525688065013\t271616.4036047813\nPgxVertex[ID=QUASAR III/WENDELL V]\t0.002318165344838592\t270103.045826446\nPgxVertex[ID=BISHOP /]\t0.0013022193726698796\t266079.1586893099\nPgxVertex[ID=JUBILEE/JUBILATION L]\t0.0017635013645616118\t265046.85657917877\nPgxVertex[ID=CAPTAIN BRITAIN/BRIA]\t0.0013695630412068351\t255259.70411405474\nPgxVertex[ID=BANSHEE/SEAN CASSIDY]\t0.0019741623032229045\t248048.5400577858\nPgxVertex[ID=IRON MAN IV/JAMES R.]\t0.0017644769026038641\t242466.49098324543\nPgxVertex[ID=SUNSPOT/ROBERTO DACO]\t0.0020621129006480345\t241180.81315058045\nPgxVertex[ID=SHADOWCAT/KATHERINE ]\t0.0028549523886982784\t241180.64297748427\nPgxVertex[ID=NAMORITA/NITA PRENTI]\t0.0018663597373622207\t233400.6243238955\nPgxVertex[ID=DARKHAWK/CHRIS POWEL]\t0.0010131688997719892\t211483.85568836928\nPgxVertex[ID=KINGPIN/WILSON FISK]\t0.0017075075104465464\t201283.40071362155\nPgxVertex[ID=MOONDRAGON/HEATHER D]\t0.0018166782371459556\t197121.87288552648\nPgxVertex[ID=CRYSTAL [INHUMAN]]\t0.0025016073779654635\t196980.16278839522\nPgxVertex[ID=BOOMER/TABITHA SMITH]\t0.0019041760668233796\t196274.20570805814\nPgxVertex[ID=HUDSON, HEATHER]\t0.0016491728651033125\t193221.88200148792\nPgxVertex[ID=PSYLOCKE/ELISABETH B]\t0.0026346534502333365\t191549.82195452316\nPgxVertex[ID=GHOST RIDER II/JOHNN]\t9.256736259582466E-4\t189622.39563993292\nPgxVertex[ID=SPEEDBALL/ROBBIE BAL]\t0.001434256862685574\t186685.55727636444\nPgxVertex[ID=BLACK KNIGHT V/DANE ]\t0.002333659057563919\t181905.05544376833\nPgxVertex[ID=DUGAN, TIMOTHY ALOYI]\t0.0014905369925129893\t178001.24751467313\nPgxVertex[ID=ROM, SPACEKNIGHT]\t7.080209724565892E-4\t175359.56788577224\nPgxVertex[ID=THUNDERSTRIKE/ERIC K]\t0.0016462503504147189\t167337.56048572782\nPgxVertex[ID=HELLSTORM/DAIMON HEL]\t7.866338336554165E-4\t166652.84116403447\nPgxVertex[ID=THUNDERBIRD II/JAMES]\t0.0014614661476728189\t165925.81294191233\nPgxVertex[ID=SERSI/SYLVIA]\t0.0015906685522634704\t160574.35100879325\nPgxVertex[ID=PUCK/EUGENE MILTON J]\t0.0013686235086943636\t159562.05904473292\nPgxVertex[ID=WHITE QUEEN/EMMA FRO]\t0.0012730646466915139\t159191.7424136084\nPgxVertex[ID=USAGENT/CAPTAIN JOHN]\t0.001840340752081566\t156713.26530445646\nPgxVertex[ID=MIRAGE II/DANIELLE M]\t0.0015717650596821444\t151948.61486710576\nPgxVertex[ID=ROBERTSON, JOE]\t0.002861868910707397\t151504.09609233603\nPgxVertex[ID=SASQUATCH/WALTER LAN]\t0.001660694458167797\t149581.2704141388\nPgxVertex[ID=ABOMINATION/EMIL BLO]\t3.5076911079823757E-4\t147768.26865096463\nPgxVertex[ID=SHANG-CHI]\t7.022436563813896E-4\t143899.7623888178\nPgxVertex[ID=JUSTICE II/VANCE AST]\t0.001482746736573872\t140676.22186282946\nPgxVertex[ID=NELSON, FRANKLIN FOG]\t0.0017016174479271252\t134007.10379597926\nPgxVertex[ID=WOLFSBANE/RAHNE SINC]\t0.0021616777328545213\t132211.23189936578\nPgxVertex[ID=SHANNA/SHANNA O'HARA]\t6.757307771582175E-4\t126042.65745139052\nPgxVertex[ID=THANOS]\t0.0010851311429392466\t123710.72947208991\nPgxVertex[ID=SUNFIRE/SHIRO YOSHID]\t7.575629579949121E-4\t121454.50958475577\nPgxVertex[ID=DRACULA/VLAD TEPES]\t5.694023871276978E-4\t121315.44802453637\nPgxVertex[ID=LONGSHOT]\t6.842509689500815E-4\t118538.6923181394\nPgxVertex[ID=RICHARDS, FRANKLIN B]\t0.0021463512939599583\t117654.79355121186\nPgxVertex[ID=MEPHISTO]\t8.870031387226763E-4\t114139.09254825812\nPgxVertex[ID=POLARIS/LORNA DANE]\t0.0020180371279027733\t112056.0472822576\nPgxVertex[ID=DEADPOOL/JACK/WADE W]\t6.272119977386197E-4\t109431.11728270582"}]},"apps":[],"jobName":"paragraph_1585819814507_-20385281","id":"20160714-175342_2018498179","dateCreated":"2020-04-02T09:30:14+0000","dateStarted":"2020-05-06T11:43:58+0000","dateFinished":"2020-05-06T11:43:58+0000","status":"FINISHED","progressUpdateIntervalMs":500,"$$hashKey":"object:198901"},{"text":"%md\nThe differences here are subtle but important:  Both lists include the most popular characters; but in the *pagerank* sorting, characters that are members of popular hero teams (Avengers and Fantastic Four) are emphasized.  In the *betweenness* sorting, it's the characters who act as a bridge between different groups - the ones that glue the network together - that are emphasized.\n\nNow, say you were analyzing a social network or set of customer referrals - both lists are interesting, but the linchpins of your network are the \"bridge\" characters - they are the ones that connect you to new audiences and are critical to retain, while the groups can likely take care of themselves.  On the other hand, understanding the groups within your network will let you better address their needs.","user":"oracle","dateUpdated":"2020-04-02T09:30:14+0000","config":{"tableHide":false,"colWidth":12,"editorMode":"ace/mode/markdown","editorHide":true,"results":[{"graph":{"mode":"table","height":300,"optionOpen":false,"keys":[],"values":[],"groups":[],"scatter":{}}}],"enabled":true,"fontSize":9,"editorSetting":{}},"settings":{"params":{},"forms":{}},"results":{"code":"SUCCESS","msg":[{"type":"HTML","data":"<p>The differences here are subtle but important:  Both lists include the most popular characters; but in the <em>pagerank</em> sorting, characters that are members of popular hero teams (Avengers and Fantastic Four) are emphasized.  In the <em>betweenness</em> sorting, it's the characters who act as a bridge between different groups - the ones that glue the network together - that are emphasized.</p>\n<p>Now, say you were analyzing a social network or set of customer referrals - both lists are interesting, but the linchpins of your network are the &ldquo;bridge&rdquo; characters - they are the ones that connect you to new audiences and are critical to retain, while the groups can likely take care of themselves.  On the other hand, understanding the groups within your network will let you better address their needs.</p>\n"}]},"apps":[],"jobName":"paragraph_1585819814507_1299672733","id":"20160714-175357_1002147537","dateCreated":"2020-04-02T09:30:14+0000","status":"READY","errorMessage":"","progressUpdateIntervalMs":500,"$$hashKey":"object:198902"},{"title":"Finding Common Neighbors","text":"%md\nPGQL also allows us to drill down and ask pattern-matching queries about specific vertices in our graph - to really get detailed, granular information out of a graph the same way SQL does with a relational database.  Here, using PGQL, we will ask the question *Shang-chi, White Tiger and Iron Fists are three characters in Marvel comic books whose power is based on martial arts. Are there any characters who are linked to all of the three characters? If so, who are they?*:","user":"oracle","dateUpdated":"2020-04-02T09:30:14+0000","config":{"tableHide":false,"colWidth":12,"editorMode":"ace/mode/markdown","editorHide":true,"title":true,"results":[{"graph":{"mode":"table","height":300,"optionOpen":false,"keys":[],"values":[],"groups":[],"scatter":{}}}],"enabled":true,"fontSize":9,"editorSetting":{}},"settings":{"params":{},"forms":{}},"results":{"code":"SUCCESS","msg":[{"type":"HTML","data":"<p>PGQL also allows us to drill down and ask pattern-matching queries about specific vertices in our graph - to really get detailed, granular information out of a graph the same way SQL does with a relational database.  Here, using PGQL, we will ask the question <em>Shang-chi, White Tiger and Iron Fists are three characters in Marvel comic books whose power is based on martial arts. Are there any characters who are linked to all of the three characters? If so, who are they?</em>:</p>\n"}]},"apps":[],"jobName":"paragraph_1585819814508_864573602","id":"20160714-175943_733304191","dateCreated":"2020-04-02T09:30:14+0000","status":"READY","errorMessage":"","progressUpdateIntervalMs":500,"$$hashKey":"object:198903"},{"text":"%pgx\n\n\nresults = graph.queryPgql(\"SELECT x MATCH (a)-[e]-(x) where a='SHANG-CHI' or a='WHITE TIGER/HECTOR A' or a='IRON FIST/DANIEL RAN'\" )","user":"oracle","dateUpdated":"2020-05-06T11:44:09+0000","config":{"colWidth":12,"editorMode":"ace/mode/scala","tableHide":false,"results":[{"graph":{"mode":"table","height":300,"optionOpen":false,"keys":[],"values":[],"groups":[],"scatter":{},"setting":{"table":{"tableGridState":{},"tableColumnTypeState":{"names":{"x":"string"},"updated":false},"tableOptionSpecHash":"[{\"name\":\"useFilter\",\"valueType\":\"boolean\",\"defaultValue\":false,\"widget\":\"checkbox\",\"description\":\"Enable filter for columns\"},{\"name\":\"showPagination\",\"valueType\":\"boolean\",\"defaultValue\":false,\"widget\":\"checkbox\",\"description\":\"Enable pagination for better navigation\"},{\"name\":\"showAggregationFooter\",\"valueType\":\"boolean\",\"defaultValue\":false,\"widget\":\"checkbox\",\"description\":\"Enable a footer for displaying aggregated values\"}]","tableOptionValue":{"useFilter":false,"showPagination":false,"showAggregationFooter":false},"updated":false,"initialized":false}},"commonSetting":{}}}],"enabled":true,"fontSize":9,"editorSetting":{"language":"scala","editOnDblClick":false,"completionKey":"TAB","completionSupport":true}},"settings":{"params":{},"forms":{}},"results":{"code":"SUCCESS","msg":[{"type":"TABLE","data":"x\nPgxVertex[ID=IRON MAN/TONY STARK ]\nPgxVertex[ID=IRON MAN/TONY STARK ]\nPgxVertex[ID=FU MANCHU]\nPgxVertex[ID=FU MANCHU]\nPgxVertex[ID=FU MANCHU]\nPgxVertex[ID=FU MANCHU]\nPgxVertex[ID=FU MANCHU]\nPgxVertex[ID=FU MANCHU]\nPgxVertex[ID=FU MANCHU]\nPgxVertex[ID=FU MANCHU]\nPgxVertex[ID=FU MANCHU]\nPgxVertex[ID=FU MANCHU]\nPgxVertex[ID=FU MANCHU]\nPgxVertex[ID=FU MANCHU]\nPgxVertex[ID=FU MANCHU]\nPgxVertex[ID=FU MANCHU]\nPgxVertex[ID=FU MANCHU]\nPgxVertex[ID=FU MANCHU]\nPgxVertex[ID=FU MANCHU]\nPgxVertex[ID=FU MANCHU]\nPgxVertex[ID=FU MANCHU]\nPgxVertex[ID=FU MANCHU]\nPgxVertex[ID=FU MANCHU]\nPgxVertex[ID=FU MANCHU]\nPgxVertex[ID=FU MANCHU]\nPgxVertex[ID=FU MANCHU]\nPgxVertex[ID=FU MANCHU]\nPgxVertex[ID=FU MANCHU]\nPgxVertex[ID=FU MANCHU]\nPgxVertex[ID=FU MANCHU]\nPgxVertex[ID=FU MANCHU]\nPgxVertex[ID=FU MANCHU]\nPgxVertex[ID=FU MANCHU]\nPgxVertex[ID=FU MANCHU]\nPgxVertex[ID=FU MANCHU]\nPgxVertex[ID=FU MANCHU]\nPgxVertex[ID=FU MANCHU]\nPgxVertex[ID=FU MANCHU]\nPgxVertex[ID=FU MANCHU]\nPgxVertex[ID=FU MANCHU]\nPgxVertex[ID=FU MANCHU]\nPgxVertex[ID=FU MANCHU]\nPgxVertex[ID=FU MANCHU]\nPgxVertex[ID=FU MANCHU]\nPgxVertex[ID=FU MANCHU]\nPgxVertex[ID=FU MANCHU]\nPgxVertex[ID=FU MANCHU]\nPgxVertex[ID=FU MANCHU]\nPgxVertex[ID=FU MANCHU]\nPgxVertex[ID=FU MANCHU]\nPgxVertex[ID=SMITH, SIR DENIS NAY]\nPgxVertex[ID=SMITH, SIR DENIS NAY]\nPgxVertex[ID=SMITH, SIR DENIS NAY]\nPgxVertex[ID=SMITH, SIR DENIS NAY]\nPgxVertex[ID=SMITH, SIR DENIS NAY]\nPgxVertex[ID=SMITH, SIR DENIS NAY]\nPgxVertex[ID=SMITH, SIR DENIS NAY]\nPgxVertex[ID=SMITH, SIR DENIS NAY]\nPgxVertex[ID=SMITH, SIR DENIS NAY]\nPgxVertex[ID=SMITH, SIR DENIS NAY]\nPgxVertex[ID=SMITH, SIR DENIS NAY]\nPgxVertex[ID=SMITH, SIR DENIS NAY]\nPgxVertex[ID=SMITH, SIR DENIS NAY]\nPgxVertex[ID=SMITH, SIR DENIS NAY]\nPgxVertex[ID=SMITH, SIR DENIS NAY]\nPgxVertex[ID=SMITH, SIR DENIS NAY]\nPgxVertex[ID=SMITH, SIR DENIS NAY]\nPgxVertex[ID=SMITH, SIR DENIS NAY]\nPgxVertex[ID=SMITH, SIR DENIS NAY]\nPgxVertex[ID=SMITH, SIR DENIS NAY]\nPgxVertex[ID=SMITH, SIR DENIS NAY]\nPgxVertex[ID=SMITH, SIR DENIS NAY]\nPgxVertex[ID=SMITH, SIR DENIS NAY]\nPgxVertex[ID=SMITH, SIR DENIS NAY]\nPgxVertex[ID=SMITH, SIR DENIS NAY]\nPgxVertex[ID=SMITH, SIR DENIS NAY]\nPgxVertex[ID=SMITH, SIR DENIS NAY]\nPgxVertex[ID=SMITH, SIR DENIS NAY]\nPgxVertex[ID=SMITH, SIR DENIS NAY]\nPgxVertex[ID=SMITH, SIR DENIS NAY]\nPgxVertex[ID=SMITH, SIR DENIS NAY]\nPgxVertex[ID=SMITH, SIR DENIS NAY]\nPgxVertex[ID=SMITH, SIR DENIS NAY]\nPgxVertex[ID=SMITH, SIR DENIS NAY]\nPgxVertex[ID=SMITH, SIR DENIS NAY]\nPgxVertex[ID=SMITH, SIR DENIS NAY]\nPgxVertex[ID=SMITH, SIR DENIS NAY]\nPgxVertex[ID=SMITH, SIR DENIS NAY]\nPgxVertex[ID=SMITH, SIR DENIS NAY]\nPgxVertex[ID=SMITH, SIR DENIS NAY]\nPgxVertex[ID=SMITH, SIR DENIS NAY]\nPgxVertex[ID=SMITH, SIR DENIS NAY]\nPgxVertex[ID=SMITH, SIR DENIS NAY]\nPgxVertex[ID=SMITH, SIR DENIS NAY]\nPgxVertex[ID=SMITH, SIR DENIS NAY]\nPgxVertex[ID=SMITH, SIR DENIS NAY]\nPgxVertex[ID=SMITH, SIR DENIS NAY]\nPgxVertex[ID=SMITH, SIR DENIS NAY]\nPgxVertex[ID=SMITH, SIR DENIS NAY]\nPgxVertex[ID=SMITH, SIR DENIS NAY]"}]},"apps":[],"jobName":"paragraph_1585819814508_-146667115","id":"20160714-180328_275937454","dateCreated":"2020-04-02T09:30:14+0000","dateStarted":"2020-05-06T11:44:09+0000","dateFinished":"2020-05-06T11:44:09+0000","status":"FINISHED","progressUpdateIntervalMs":500,"$$hashKey":"object:198904"},{"text":"%md\nThe results of this are rather unsatisfying, since, as is possible can with SQL, we wound up with a result that contains many duplicates of the same answer.  So what we need to do is *simplify* the graph, removing\n\n    * Self-edges - edges that say a character appears with themselves\n    * Multi-edges - duplicates of the same edge\n    * Trivial-nodes - nodes that stand alone, unconnected to anything\n\nThe result is a simplified version of the graph, containing all properties of the original, minus the pruned edges and nodes.","user":"oracle","dateUpdated":"2020-04-02T09:30:14+0000","config":{"tableHide":false,"colWidth":12,"editorMode":"ace/mode/markdown","editorHide":true,"results":[{"graph":{"mode":"table","height":300,"optionOpen":false,"keys":[],"values":[],"groups":[],"scatter":{}}}],"enabled":true,"fontSize":9,"editorSetting":{}},"settings":{"params":{},"forms":{}},"results":{"code":"SUCCESS","msg":[{"type":"HTML","data":"<p>The results of this are rather unsatisfying, since, as is possible can with SQL, we wound up with a result that contains many duplicates of the same answer.  So what we need to do is <em>simplify</em> the graph, removing</p>\n<pre><code>* Self-edges - edges that say a character appears with themselves\n* Multi-edges - duplicates of the same edge\n* Trivial-nodes - nodes that stand alone, unconnected to anything\n</code></pre>\n<p>The result is a simplified version of the graph, containing all properties of the original, minus the pruned edges and nodes.</p>\n"}]},"apps":[],"jobName":"paragraph_1585819814509_-1028094372","id":"20160714-180403_477363043","dateCreated":"2020-04-02T09:30:14+0000","status":"READY","errorMessage":"","progressUpdateIntervalMs":500,"$$hashKey":"object:198905"},{"text":"%pgx\n\nsimplified = graph.simplify(MultiEdges.REMOVE_MULTI_EDGES, SelfEdges.REMOVE_SELF_EDGES, TrivialVertices.REMOVE_TRIVIAL_VERTICES, Mode.CREATE_COPY,null)","user":"oracle","dateUpdated":"2020-05-06T11:44:22+0000","config":{"colWidth":12,"editorMode":"ace/mode/scala","tableHide":false,"results":[{"graph":{"mode":"table","height":300,"optionOpen":false,"keys":[],"values":[],"groups":[],"scatter":{}}}],"enabled":true,"fontSize":9,"editorSetting":{"language":"scala","editOnDblClick":false,"completionKey":"TAB","completionSupport":true}},"settings":{"params":{},"forms":{}},"results":{"code":"SUCCESS","msg":[{"type":"TEXT","data":"PgxGraph[name=sub-graph_129,N=6426,E=167207,created=1588765462667]"}]},"apps":[],"jobName":"paragraph_1585819814510_1657274975","id":"20160714-180545_764942075","dateCreated":"2020-04-02T09:30:14+0000","dateStarted":"2020-05-06T11:44:22+0000","dateFinished":"2020-05-06T11:44:22+0000","status":"FINISHED","progressUpdateIntervalMs":500,"$$hashKey":"object:198906"},{"text":"%md\nThat gets us a much more useful answer to our question:","user":"oracle","dateUpdated":"2020-04-02T09:30:14+0000","config":{"tableHide":false,"colWidth":12,"editorMode":"ace/mode/markdown","editorHide":true,"results":[{"graph":{"mode":"table","height":300,"optionOpen":false,"keys":[],"values":[],"groups":[],"scatter":{}}}],"enabled":true,"fontSize":9,"editorSetting":{}},"settings":{"params":{},"forms":{}},"results":{"code":"SUCCESS","msg":[{"type":"HTML","data":"<p>That gets us a much more useful answer to our question:</p>\n"}]},"apps":[],"jobName":"paragraph_1585819814510_288723905","id":"20160714-180739_1693416726","dateCreated":"2020-04-02T09:30:14+0000","status":"READY","errorMessage":"","progressUpdateIntervalMs":500,"$$hashKey":"object:198907"},{"text":"%pgx\n\nresults = simplified.queryPgql(\"SELECT x MATCH (a)-[e]-(x) where a='SHANG-CHI' or a='WHITE TIGER/HECTOR A' or a='IRON FIST/DANIEL RAN'\" )","user":"oracle","dateUpdated":"2020-05-06T11:44:27+0000","config":{"colWidth":12,"editorMode":"ace/mode/scala","tableHide":false,"results":[{"graph":{"mode":"table","height":300,"optionOpen":false,"keys":[],"values":[],"groups":[],"scatter":{},"setting":{"table":{"tableGridState":{},"tableColumnTypeState":{"names":{"x":"string"},"updated":false},"tableOptionSpecHash":"[{\"name\":\"useFilter\",\"valueType\":\"boolean\",\"defaultValue\":false,\"widget\":\"checkbox\",\"description\":\"Enable filter for columns\"},{\"name\":\"showPagination\",\"valueType\":\"boolean\",\"defaultValue\":false,\"widget\":\"checkbox\",\"description\":\"Enable pagination for better navigation\"},{\"name\":\"showAggregationFooter\",\"valueType\":\"boolean\",\"defaultValue\":false,\"widget\":\"checkbox\",\"description\":\"Enable a footer for displaying aggregated values\"}]","tableOptionValue":{"useFilter":false,"showPagination":false,"showAggregationFooter":false},"updated":false,"initialized":false}},"commonSetting":{}}}],"enabled":true,"fontSize":9,"editorSetting":{"language":"scala","editOnDblClick":false,"completionKey":"TAB","completionSupport":true}},"settings":{"params":{},"forms":{}},"results":{"code":"SUCCESS","msg":[{"type":"TABLE","data":"x\nPgxVertex[ID=IRON MAN/TONY STARK ]\nPgxVertex[ID=FU MANCHU]\nPgxVertex[ID=SMITH, SIR DENIS NAY]\nPgxVertex[ID=STARSHINE II/BRANDY ]\nPgxVertex[ID=MAN-THING/THEODORE T]\nPgxVertex[ID=TARR, BLACK JACK]\nPgxVertex[ID=WU, LEIKO]\nPgxVertex[ID=JACKSON, STEVE]\nPgxVertex[ID=RESTON, CLIVE]\nPgxVertex[ID=ROM, SPACEKNIGHT]\nPgxVertex[ID=DOCTOR DREDD]\nPgxVertex[ID=SUB-MARINER/NAMOR MA]\nPgxVertex[ID=NOVA/RICHARD RIDER]\nPgxVertex[ID=SPIDER-MAN/PETER PAR]\nPgxVertex[ID=HULK/DR. ROBERT BRUC]\nPgxVertex[ID=QUICKSILVER/PIETRO M]\nPgxVertex[ID=SCARLET WITCH/WANDA ]\nPgxVertex[ID=CYCLOPS/SCOTT SUMMER]\nPgxVertex[ID=BEAST/HENRY &HANK& P]\nPgxVertex[ID=PUNISHER II/FRANK CA]\nPgxVertex[ID=INVISIBLE WOMAN/SUE ]\nPgxVertex[ID=THING/BENJAMIN J. GR]\nPgxVertex[ID=JUBILEE/JUBILATION L]\nPgxVertex[ID=MR. FANTASTIC/REED R]\nPgxVertex[ID=STORM/ORORO MUNROE S]\nPgxVertex[ID=MARVEL GIRL/JEAN GRE]\nPgxVertex[ID=VISION ]\nPgxVertex[ID=SHE-HULK/JENNIFER WA]\nPgxVertex[ID=WOLVERINE/LOGAN ]\nPgxVertex[ID=WONDER MAN/SIMON WIL]\nPgxVertex[ID=NIGHTMARE/EDVARD HAB]\nPgxVertex[ID=SPIDER-WOMAN II/JULI]\nPgxVertex[ID=BANNER, BETTY ROSS T]\nPgxVertex[ID=CRYSTAL [INHUMAN]]\nPgxVertex[ID=KINGPIN/WILSON FISK]\nPgxVertex[ID=THOR/DR. DONALD BLAK]\nPgxVertex[ID=HUMAN TORCH/JOHNNY S]\nPgxVertex[ID=CANNONBALL II/SAM GU]\nPgxVertex[ID=CAGE, LUKE/CARL LUCA]\nPgxVertex[ID=CAPTAIN AMERICA]\nPgxVertex[ID=ANT-MAN/DR. HENRY J.]\nPgxVertex[ID=ARBOGAST, BAMBI]\nPgxVertex[ID=MOON KNIGHT/MARC SPE]\nPgxVertex[ID=BLACK WIDOW/NATASHA ]\nPgxVertex[ID=TOMBSTONE/LONNIE THO]\nPgxVertex[ID=DR. STRANGE/STEPHEN ]\nPgxVertex[ID=MASTERS, ALICIA REIS]\nPgxVertex[ID=DR. DOOM/VICTOR VON ]\nPgxVertex[ID=HUMAN TORCH ANDROID/]\nPgxVertex[ID=DAGGER/TANDY BOWEN]\nPgxVertex[ID=FURY, COL. NICHOLAS ]\nPgxVertex[ID=MASTER MOLD II]\nPgxVertex[ID=ANT-MAN II/SCOTT HAR]\nPgxVertex[ID=JACK OF HEARTS/JACK ]\nPgxVertex[ID=USAGENT/CAPTAIN JOHN]\nPgxVertex[ID=DAREDEVIL/MATT MURDO]\nPgxVertex[ID=D'ANGELO, LIEUTENANT]\nPgxVertex[ID=CLOAK/TYRONE JOHNSON]\nPgxVertex[ID=BOOMERANG/FRED MYERS]\nPgxVertex[ID=DUGAN, TIMOTHY ALOYI]\nPgxVertex[ID=HERCULES [GREEK GOD]]\nPgxVertex[ID=CAPTAIN MARVEL/CAPTA]\nPgxVertex[ID=JONES, GABE]\nPgxVertex[ID=DE LA FONTAINE, CONT]\nPgxVertex[ID=QUARTERMAIN, CLAY]\nPgxVertex[ID=KOENIG, ERIC]\nPgxVertex[ID=ULIK]\nPgxVertex[ID=ZARAN/MAXIMILLIAN ZA]\nPgxVertex[ID=SILVER SAMURAI/KENYU]\nPgxVertex[ID=KNIGHT, MISTY]\nPgxVertex[ID=IRON FIST/DANIEL RAN]\nPgxVertex[ID=VIPER II]\nPgxVertex[ID=ELEKTRA/ELEKTRA NATC]\nPgxVertex[ID=BLACK KING/SEBASTIAN]\nPgxVertex[ID=DUCHARME]\nPgxVertex[ID=BROWN, ABE]\nPgxVertex[ID=SUN, LIN]\nPgxVertex[ID=CAT III/SHEN KUEI]\nPgxVertex[ID=MANELLI, DINO]\nPgxVertex[ID=PRIME MOVER]\nPgxVertex[ID=SHINCHUKO, LOTUS]\nPgxVertex[ID=BYRD, NATHANIEL ALEX]\nPgxVertex[ID=RORY, RICHARD]\nPgxVertex[ID=WING, COLLEEN]\nPgxVertex[ID=SPIDER-WOMAN/JESSICA]\nPgxVertex[ID=DIAMOND, BOB]\nPgxVertex[ID=THENA]\nPgxVertex[ID=WHITE TIGER/HECTOR A]\nPgxVertex[ID=MCCABE, NINA]\nPgxVertex[ID=CLINTON, BILL]\nPgxVertex[ID=SUEE, FAH LO]\nPgxVertex[ID=SHOCKWAVE/LANCASTER ]\nPgxVertex[ID=AYALA, FILIPPO]\nPgxVertex[ID=RAZORFIST III]\nPgxVertex[ID=MIDNIGHT/M'NAI]\nPgxVertex[ID=RAZORFIST II]\nPgxVertex[ID=DEATHCRY [SHI'AR]]\nPgxVertex[ID=BULLET]\nPgxVertex[ID=ZARAN II]\nPgxVertex[ID=KORREK]"}]},"apps":[],"jobName":"paragraph_1585819814511_1302543220","id":"20160714-180817_882906649","dateCreated":"2020-04-02T09:30:14+0000","dateStarted":"2020-05-06T11:44:27+0000","dateFinished":"2020-05-06T11:44:27+0000","status":"FINISHED","progressUpdateIntervalMs":500,"$$hashKey":"object:198908"},{"text":"%pgx\n\nsimplified.destroy()\ngraph.destroy()","user":"oracle","dateUpdated":"2020-05-06T11:44:55+0000","config":{"colWidth":12,"editorMode":"ace/mode/scala","tableHide":false,"results":[],"enabled":true,"fontSize":9,"editorSetting":{"language":"scala","editOnDblClick":false,"completionKey":"TAB","completionSupport":true}},"settings":{"params":{},"forms":{}},"results":{"code":"SUCCESS","msg":[{"type":"TEXT","data":"(no output)"}]},"apps":[],"jobName":"paragraph_1585819814513_579719112","id":"20160714-181515_262918660","dateCreated":"2020-04-02T09:30:14+0000","dateStarted":"2020-05-06T11:44:55+0000","dateFinished":"2020-05-06T11:44:55+0000","status":"FINISHED","progressUpdateIntervalMs":500,"$$hashKey":"object:198909"},{"text":"%pgx\n","user":"oracle","dateUpdated":"2020-05-06T11:44:55+0000","config":{"colWidth":12,"fontSize":9,"enabled":true,"results":{},"editorSetting":{"language":"scala","editOnDblClick":false,"completionKey":"TAB","completionSupport":true},"editorMode":"ace/mode/scala"},"settings":{"params":{},"forms":{}},"apps":[],"jobName":"paragraph_1588765495283_501338138","id":"20200506-114455_844255637","dateCreated":"2020-05-06T11:44:55+0000","status":"READY","progressUpdateIntervalMs":500,"$$hashKey":"object:198910"}],"name":"PGX/5. Superhero Network","id":"2F4669SPP","noteParams":{},"noteForms":{},"angularObjects":{"md:shared_process":[],"python:shared_process":[],"sh:shared_process":[],"pgx:shared_process":[],"spark:shared_process":[]},"config":{"isZeppelinNotebookCronEnable":false,"looknfeel":"default","personalizedMode":"false"},"info":{}}