﻿{"paragraphs":[{"text":"%md\n\n## Social connections analysis\n\nLoad another property graph already created and stored in Oracle Database (hr schema).\n\n```\nSQL> select table_name from user_tables where table_name like 'CONNECTIO%';\n\nTABLE_NAME\n--------------------------------------------------------------------------------\nCONNECTIONSIT$\nCONNECTIONSSS$\nCONNECTIONSGE$\nCONNECTIONSGT$\nCONNECTIONSVT$\n```\n","user":"oracle","dateUpdated":"2020-05-06T11:12:47+0000","config":{"tableHide":false,"editorSetting":{"language":"markdown","editOnDblClick":true,"completionKey":"TAB","completionSupport":false},"colWidth":12,"editorMode":"ace/mode/markdown","fontSize":9,"editorHide":true,"results":{},"enabled":true},"settings":{"params":{},"forms":{}},"apps":[],"jobName":"paragraph_1588758750586_739575849","id":"20200504-145201_1200858546","dateCreated":"2020-05-06T09:52:30+0000","dateStarted":"2020-05-06T11:12:47+0000","dateFinished":"2020-05-06T11:12:47+0000","status":"FINISHED","errorMessage":"","progressUpdateIntervalMs":500,"focus":true,"$$hashKey":"object:185912"},{"text":"\n%pgx\n\njdbcUrl = \"jdbc:oracle:thin:@localhost:1521/orclpdb\" \nuser = \"hr\"\npass = \"welcome1\"\n\nbuilder=GraphConfigBuilder.forPropertyGraphRdbms();\nbuilder.setJdbcUrl(jdbcUrl);","user":"oracle","dateUpdated":"2020-05-06T10:04:48+0000","config":{"colWidth":12,"fontSize":9,"enabled":true,"results":{},"editorSetting":{"language":"scala","editOnDblClick":false,"completionKey":"TAB","completionSupport":false},"editorMode":"ace/mode/scala"},"settings":{"params":{},"forms":{}},"results":{"code":"SUCCESS","msg":[{"type":"TEXT","data":"oracle.pgx.config.PgRdbmsGraphConfigBuilder@69df0441"}]},"apps":[],"jobName":"paragraph_1588758772503_277547546","id":"20200506-095252_1975294709","dateCreated":"2020-05-06T09:52:52+0000","dateStarted":"2020-05-06T10:04:48+0000","dateFinished":"2020-05-06T10:04:55+0000","status":"FINISHED","progressUpdateIntervalMs":500,"$$hashKey":"object:185913"},{"text":"%pgx\nbuilder.setUsername(user);\nbuilder.setPassword(pass);\nbuilder.setName(\"connections\");\nbuilder.addVertexProperty(\"role\", PropertyType.STRING);\nbuilder.addVertexProperty(\"occupation\", PropertyType.STRING);\nbuilder.addVertexProperty(\"political\", PropertyType.STRING);\nbuilder.addVertexProperty(\"name\", PropertyType.STRING);\nbuilder.addVertexProperty(\"religion\", PropertyType.STRING);\nbuilder.addVertexProperty(\"country\", PropertyType.STRING);\nbuilder.addEdgeProperty(\"label\", PropertyType.STRING);\nbuilder.addEdgeProperty(\"weight\", PropertyType.DOUBLE);\n//EdgeProperty[name=label,type=string,graph=connections]\n//EdgeProperty[name=weight,type=double,graph=connections]\n\nbuilder.setLoadVertexLabels(true);\nbuilder.setLoadEdgeLabel(true);\nbuilder.setKeystoreAlias(\"alias\");\ngraphConf = builder.build()","user":"oracle","dateUpdated":"2020-05-06T10:04:58+0000","config":{"colWidth":12,"fontSize":9,"enabled":true,"results":{},"editorSetting":{"language":"scala","editOnDblClick":false,"completionKey":"TAB"},"editorMode":"ace/mode/scala"},"settings":{"params":{},"forms":{}},"results":{"code":"SUCCESS","msg":[{"type":"TEXT","data":"{\"password\":\"*******\",\"edge_props\":[{\"type\":\"string\",\"name\":\"label\",\"dimension\":0},{\"type\":\"double\",\"name\":\"weight\",\"dimension\":0}],\"name\":\"connections\",\"db_engine\":\"RDBMS\",\"vertex_props\":[{\"type\":\"string\",\"name\":\"role\",\"dimension\":0},{\"type\":\"string\",\"name\":\"occupation\",\"dimension\":0},{\"type\":\"string\",\"name\":\"political\",\"dimension\":0},{\"type\":\"string\",\"name\":\"name\",\"dimension\":0},{\"type\":\"string\",\"name\":\"religion\",\"dimension\":0},{\"type\":\"string\",\"name\":\"country\",\"dimension\":0}],\"format\":\"pg\",\"vertex_id_type\":\"long\",\"username\":\"hr\",\"error_handling\":{},\"keystore_alias\":\"alias\",\"loading\":{\"load_edge_label\":true,\"load_vertex_labels\":true},\"attributes\":{},\"jdbc_url\":\"jdbc:oracle:thin:@localhost:1521/orclpdb\"}"}]},"apps":[],"jobName":"paragraph_1588758818020_-1175084158","id":"20200506-095338_1404099846","dateCreated":"2020-05-06T09:53:38+0000","dateStarted":"2020-05-06T10:04:58+0000","dateFinished":"2020-05-06T10:04:59+0000","status":"FINISHED","progressUpdateIntervalMs":500,"$$hashKey":"object:185914"},{"text":"%pgx\ng = session.readGraphWithProperties(graphConf)","user":"oracle","dateUpdated":"2020-05-06T10:05:07+0000","config":{"colWidth":12,"fontSize":9,"enabled":true,"results":{},"editorSetting":{"language":"scala","editOnDblClick":false,"completionKey":"TAB"},"editorMode":"ace/mode/scala"},"settings":{"params":{},"forms":{}},"results":{"code":"SUCCESS","msg":[{"type":"TEXT","data":"PgxGraph[name=connections,N=78,E=164,created=1588759510089]"}]},"apps":[],"jobName":"paragraph_1588758832353_-67083221","id":"20200506-095352_2101443819","dateCreated":"2020-05-06T09:53:52+0000","dateStarted":"2020-05-06T10:05:07+0000","dateFinished":"2020-05-06T10:05:11+0000","status":"FINISHED","progressUpdateIntervalMs":500,"$$hashKey":"object:185915"},{"title":"Load graph to memory","text":"%pgx\n\n\ng = session.readGraphWithProperties(\"/home/oracle/graphdata/connections/connections_config.json\");","user":"oracle","dateUpdated":"2020-05-06T09:52:30+0000","config":{"editorSetting":{"language":"scala","editOnDblClick":false,"completionKey":"TAB"},"colWidth":12,"editorMode":"ace/mode/scala","fontSize":9,"title":true,"results":{},"enabled":true},"settings":{"params":{},"forms":{}},"results":{"code":"SUCCESS","msg":[{"type":"TEXT","data":"PgxGraph[name=connections_2,N=78,E=164,created=1588603560186]"}]},"apps":[],"jobName":"paragraph_1588758750587_59560664","id":"20200504-144123_2070283860","dateCreated":"2020-05-06T09:52:30+0000","status":"READY","errorMessage":"","progressUpdateIntervalMs":500,"$$hashKey":"object:185916"},{"title":"How do vertices look like?","text":"%pgx\n\ng.getVertexProperties();","user":"oracle","dateUpdated":"2020-05-06T10:05:15+0000","config":{"editorSetting":{"language":"scala","editOnDblClick":false,"completionKey":"TAB"},"colWidth":12,"editorMode":"ace/mode/scala","fontSize":9,"title":true,"results":{},"enabled":true},"settings":{"params":{},"forms":{}},"results":{"code":"SUCCESS","msg":[{"type":"TEXT","data":"VertexProperty[name=occupation,type=string,graph=connections]\nVertexProperty[name=role,type=string,graph=connections]\nVertexProperty[name=political,type=string,graph=connections]\nVertexProperty[name=name,type=string,graph=connections]\nVertexProperty[name=religion,type=string,graph=connections]\nVertexProperty[name=country,type=string,graph=connections]"}]},"apps":[],"jobName":"paragraph_1588758750588_1850178085","id":"20200504-144533_221501947","dateCreated":"2020-05-06T09:52:30+0000","dateStarted":"2020-05-06T10:05:15+0000","dateFinished":"2020-05-06T10:05:15+0000","status":"FINISHED","progressUpdateIntervalMs":500,"$$hashKey":"object:185917"},{"title":"How do edges look like?","text":"%pgx\ng.getEdgeProperties();","user":"oracle","dateUpdated":"2020-05-06T10:05:20+0000","config":{"editorSetting":{"language":"scala","editOnDblClick":false,"completionKey":"TAB"},"colWidth":12,"editorMode":"ace/mode/scala","fontSize":9,"title":true,"results":{},"enabled":true},"settings":{"params":{},"forms":{}},"results":{"code":"SUCCESS","msg":[{"type":"TEXT","data":"EdgeProperty[name=label,type=string,graph=connections]\nEdgeProperty[name=weight,type=double,graph=connections]"}]},"apps":[],"jobName":"paragraph_1588758750589_-517917411","id":"20200504-144615_32387734","dateCreated":"2020-05-06T09:52:30+0000","dateStarted":"2020-05-06T10:05:20+0000","dateFinished":"2020-05-06T10:05:20+0000","status":"FINISHED","progressUpdateIntervalMs":500,"$$hashKey":"object:185918"},{"title":"How large is the graph? get number of edges","text":"%pgx\n\n\ng.getNumEdges();","user":"oracle","dateUpdated":"2020-05-06T10:05:25+0000","config":{"editorSetting":{"language":"scala","editOnDblClick":false,"completionKey":"TAB"},"colWidth":12,"editorMode":"ace/mode/scala","fontSize":9,"title":true,"results":{},"enabled":true},"settings":{"params":{},"forms":{}},"results":{"code":"SUCCESS","msg":[{"type":"TEXT","data":"164"}]},"apps":[],"jobName":"paragraph_1588758750590_-1454805362","id":"20200504-144629_620338805","dateCreated":"2020-05-06T09:52:30+0000","dateStarted":"2020-05-06T10:05:25+0000","dateFinished":"2020-05-06T10:05:25+0000","status":"FINISHED","progressUpdateIntervalMs":500,"$$hashKey":"object:185919"},{"title":"Get number of vertices","text":"%pgx\ng.getNumVertices();","user":"oracle","dateUpdated":"2020-05-06T10:05:30+0000","config":{"editorSetting":{"language":"scala","editOnDblClick":false,"completionKey":"TAB"},"colWidth":12,"editorMode":"ace/mode/scala","fontSize":9,"title":true,"results":{},"enabled":true},"settings":{"params":{},"forms":{}},"results":{"code":"SUCCESS","msg":[{"type":"TEXT","data":"78"}]},"apps":[],"jobName":"paragraph_1588758750591_-1024549120","id":"20200504-144643_402829280","dateCreated":"2020-05-06T09:52:30+0000","dateStarted":"2020-05-06T10:05:30+0000","dateFinished":"2020-05-06T10:05:30+0000","status":"FINISHED","progressUpdateIntervalMs":500,"$$hashKey":"object:185920"},{"title":"Publish the graph in GraphViz","text":"%pgx\n\n\ng.publish(VertexProperty.ALL, EdgeProperty.ALL)","user":"oracle","dateUpdated":"2020-05-06T10:06:39+0000","config":{"editorSetting":{"language":"scala","editOnDblClick":false,"completionKey":"TAB"},"colWidth":12,"editorMode":"ace/mode/scala","fontSize":9,"title":true,"results":{},"enabled":true},"settings":{"params":{},"forms":{}},"results":{"code":"ERROR","msg":[{"type":"ANGULAR","data":"<details><summary style='cursor: pointer; cursor: hand;'> &nbsp;<em><strong>CompletionException:</strong></em> java.lang.IllegalArgumentException: graph connections is already published code: PGX-ERROR-3R16OFRQHYWAC <em><span style='color: #9A9A9A;'> &mdash; click for stack trace</span></em>\n</summary><div style='margin-top:1em; color: #AC0000;'><div style='margin-left: 3.75em; font-size: 0.9em; letter-spacing: 0.05em;'>java.util.concurrent.CompletionException <strong>java.lang.IllegalArgumentException: graph connections is already published code: PGX-ERROR-3R16OFRQHYWAC</strong>\n<div style='margin-left: 3em;'><span style='color: #AC8888'>java.util.concurrent</span>.<span style='color: black'>CompletableFuture</span>.<strong><span style='color: #AA0000'>reportJoin</span></strong> <span style='color: #CACACA;'> (CompletableFuture.java : 375)</span><br>\n<span style='color: #AC8888'>java.util.concurrent</span>.<span style='color: black'>CompletableFuture</span>.<strong><span style='color: #AA0000'>join</span></strong> <span style='color: #CACACA;'> (CompletableFuture.java : 1947)</span><br>\n<span style='color: #AC8888'>oracle.pgx.api</span>.<span style='color: black'>PgxFuture</span>.<strong><span style='color: #AA0000'>join</span></strong> <span style='color: #CACACA;'> (PgxFuture.java : 135)</span><br>\n<span style='color: #AC8888'>oracle.pgx.api</span>.<span style='color: black'>PgxGraph</span>.<strong><span style='color: #AA0000'>publish</span></strong> <span style='color: #CACACA;'> (PgxGraph.java : 4485)</span><br>\n<span style='color: #AC8888'>oracle.pgx.api.PgxGraph$publish</span>.<span style='color: black'>3</span>.<strong><span style='color: #AA0000'>call</span></strong> <br>\n<span style='color: #AC8888'>org.codehaus.groovy.runtime.callsite</span>.<span style='color: black'>CallSiteArray</span>.<strong><span style='color: #AA0000'>defaultCall</span></strong> <span style='color: #CACACA;'> (CallSiteArray.java : 47)</span><br>\n<span style='color: #AC8888'>org.codehaus.groovy.runtime.callsite</span>.<span style='color: black'>AbstractCallSite</span>.<strong><span style='color: #AA0000'>call</span></strong> <span style='color: #CACACA;'> (AbstractCallSite.java : 116)</span><br>\n<span style='color: #AC8888'>org.codehaus.groovy.runtime.callsite</span>.<span style='color: black'>AbstractCallSite</span>.<strong><span style='color: #AA0000'>call</span></strong> <span style='color: #CACACA;'> (AbstractCallSite.java : 136)</span><br>\ngroovysh_evaluate.<strong><span style='color: #AA0000'>run</span></strong> <span style='color: #CACACA;'> (groovysh_evaluate : 3)</span><br>\n<span style='color: #AC8888'>groovysh_evaluate</span>.<span style='color: black'>run</span>.<strong><span style='color: #AA0000'>call</span></strong> <br>\n<span style='color: #AC8888'>org.codehaus.groovy.runtime.callsite</span>.<span style='color: black'>CallSiteArray</span>.<strong><span style='color: #AA0000'>defaultCall</span></strong> <span style='color: #CACACA;'> (CallSiteArray.java : 47)</span><br>\n<span style='color: #AC8888'>groovysh_evaluate</span>.<span style='color: black'>run</span>.<strong><span style='color: #AA0000'>call</span></strong> <br>\n<span style='color: #AC8888'>org.codehaus.groovy.tools.shell</span>.<span style='color: black'>Interpreter</span>.<strong><span style='color: #AA0000'>evaluate</span></strong> <span style='color: #CACACA;'> (Interpreter.groovy : 71)</span><br>\n<span style='color: #AC8888'>org.codehaus.groovy.tools.shell.Evaluator</span>.<span style='color: black'>evaluate</span>.<strong><span style='color: #AA0000'>call</span></strong> <br>\n<span style='color: #AC8888'>org.codehaus.groovy.tools.shell</span>.<span style='color: black'>Groovysh</span>.<strong><span style='color: #AA0000'>execute</span></strong> <span style='color: #CACACA;'> (Groovysh.groovy : 196)</span><br>\n<span style='color: #AC8888'>oracle.pgx.shell</span>.<span style='color: black'>Shell</span>.<strong><span style='color: #AA0000'>execute</span></strong> <span style='color: #CACACA;'> (Shell.java : 47)</span><br>\n<span style='color: #AC8888'>oracle.pgx.shell</span>.<span style='color: black'>AbstractConsole</span>.<strong><span style='color: #AA0000'>execute</span></strong> <span style='color: #CACACA;'> (AbstractConsole.java : 233)</span><br>\n<span style='color: #AC8888'>oracle.pgx.zeppelin</span>.<span style='color: black'>PgxInterpreter</span>.<strong><span style='color: #AA0000'>executeLine</span></strong> <span style='color: #CACACA;'> (PgxInterpreter.java : 201)</span><br>\n<span style='color: #AC8888'>java.util.stream.ReferencePipeline$3</span>.<span style='color: black'>1</span>.<strong><span style='color: #AA0000'>accept</span></strong> <span style='color: #CACACA;'> (ReferencePipeline.java : 193)</span><br>\n<span style='color: #AC8888'>java.util.Spliterators</span>.<span style='color: black'>ArraySpliterator</span>.<strong><span style='color: #AA0000'>forEachRemaining</span></strong> <span style='color: #CACACA;'> (Spliterators.java : 948)</span><br>\n<span style='color: #AC8888'>java.util.stream</span>.<span style='color: black'>AbstractPipeline</span>.<strong><span style='color: #AA0000'>copyInto</span></strong> <span style='color: #CACACA;'> (AbstractPipeline.java : 482)</span><br>\n<span style='color: #AC8888'>java.util.stream</span>.<span style='color: black'>AbstractPipeline</span>.<strong><span style='color: #AA0000'>wrapAndCopyInto</span></strong> <span style='color: #CACACA;'> (AbstractPipeline.java : 472)</span><br>\n<span style='color: #AC8888'>java.util.stream.ReduceOps</span>.<span style='color: black'>ReduceOp</span>.<strong><span style='color: #AA0000'>evaluateSequential</span></strong> <span style='color: #CACACA;'> (ReduceOps.java : 708)</span><br>\n<span style='color: #AC8888'>java.util.stream</span>.<span style='color: black'>AbstractPipeline</span>.<strong><span style='color: #AA0000'>evaluate</span></strong> <span style='color: #CACACA;'> (AbstractPipeline.java : 234)</span><br>\n<span style='color: #AC8888'>java.util.stream</span>.<span style='color: black'>ReferencePipeline</span>.<strong><span style='color: #AA0000'>collect</span></strong> <span style='color: #CACACA;'> (ReferencePipeline.java : 566)</span><br>\n<span style='color: #AC8888'>oracle.pgx.zeppelin</span>.<span style='color: black'>PgxInterpreter</span>.<strong><span style='color: #AA0000'>shellExecute</span></strong> <span style='color: #CACACA;'> (PgxInterpreter.java : 191)</span><br>\n<span style='color: #AC8888'>oracle.pgx.zeppelin</span>.<span style='color: black'>PgxInterpreter</span>.<strong><span style='color: #AA0000'>doInterpret</span></strong> <span style='color: #CACACA;'> (PgxInterpreter.java : 187)</span><br>\n<span style='color: #AC8888'>oracle.pgx.zeppelin</span>.<span style='color: black'>PgxInterpreter</span>.<strong><span style='color: #AA0000'>interpret</span></strong> <span style='color: #CACACA;'> (PgxInterpreter.java : 148)</span><br>\n<span style='color: #AC8888'>org.apache.zeppelin.interpreter</span>.<span style='color: black'>LazyOpenInterpreter</span>.<strong><span style='color: #AA0000'>interpret</span></strong> <span style='color: #CACACA;'> (LazyOpenInterpreter.java : 103)</span><br>\n<span style='color: #AC8888'>org.apache.zeppelin.interpreter.remote.RemoteInterpreterServer</span>.<span style='color: black'>InterpretJob</span>.<strong><span style='color: #AA0000'>jobRun</span></strong> <span style='color: #CACACA;'> (RemoteInterpreterServer.java : 632)</span><br>\n<span style='color: #AC8888'>org.apache.zeppelin.scheduler</span>.<span style='color: black'>Job</span>.<strong><span style='color: #AA0000'>run</span></strong> <span style='color: #CACACA;'> (Job.java : 188)</span><br>\n<span style='color: #AC8888'>org.apache.zeppelin.scheduler.FIFOScheduler</span>.<span style='color: black'>1</span>.<strong><span style='color: #AA0000'>run</span></strong> <span style='color: #CACACA;'> (FIFOScheduler.java : 140)</span><br>\n<span style='color: #AC8888'>java.util.concurrent.Executors</span>.<span style='color: black'>RunnableAdapter</span>.<strong><span style='color: #AA0000'>call</span></strong> <span style='color: #CACACA;'> (Executors.java : 511)</span><br>\n<span style='color: #AC8888'>java.util.concurrent</span>.<span style='color: black'>FutureTask</span>.<strong><span style='color: #AA0000'>run</span></strong> <span style='color: #CACACA;'> (FutureTask.java : 266)</span><br>\n<span style='color: #AC8888'>java.util.concurrent.ScheduledThreadPoolExecutor</span>.<span style='color: black'>ScheduledFutureTask</span>.<strong><span style='color: #AA0000'>access$201</span></strong> <span style='color: #CACACA;'> (ScheduledThreadPoolExecutor.java : 180)</span><br>\n<span style='color: #AC8888'>java.util.concurrent.ScheduledThreadPoolExecutor</span>.<span style='color: black'>ScheduledFutureTask</span>.<strong><span style='color: #AA0000'>run</span></strong> <span style='color: #CACACA;'> (ScheduledThreadPoolExecutor.java : 293)</span><br>\n<span style='color: #AC8888'>java.util.concurrent</span>.<span style='color: black'>ThreadPoolExecutor</span>.<strong><span style='color: #AA0000'>runWorker</span></strong> <span style='color: #CACACA;'> (ThreadPoolExecutor.java : 1149)</span><br>\n<span style='color: #AC8888'>java.util.concurrent.ThreadPoolExecutor</span>.<span style='color: black'>Worker</span>.<strong><span style='color: #AA0000'>run</span></strong> <span style='color: #CACACA;'> (ThreadPoolExecutor.java : 624)</span><br>\n<span style='color: #AC8888'>java.lang</span>.<span style='color: black'>Thread</span>.<strong><span style='color: #AA0000'>run</span></strong> <span style='color: #CACACA;'> (Thread.java : 748)</span><br>\n</div><i>caused by</i></div><div style='margin-left: 3.75em; font-size: 0.9em; letter-spacing: 0.05em;'>java.lang.IllegalArgumentException <strong>graph connections is already published code: PGX-ERROR-3R16OFRQHYWAC</strong>\n<div style='margin-left: 3em;'><span style='color: #AC8888'>oracle.pgx.common.marshalers</span>.<span style='color: black'>ExceptionMarshaler</span>.<strong><span style='color: #AA0000'>toUnserializedException</span></strong> <span style='color: #CACACA;'> (ExceptionMarshaler.java : 77)</span><br>\n<span style='color: #AC8888'>oracle.pgx.common.marshalers</span>.<span style='color: black'>ExceptionMarshaler</span>.<strong><span style='color: #AA0000'>unmarshal</span></strong> <span style='color: #CACACA;'> (ExceptionMarshaler.java : 113)</span><br>\n<span style='color: #AC8888'>oracle.pgx.client</span>.<span style='color: black'>RemoteUtils</span>.<strong><span style='color: #AA0000'>parseExceptionalResponse</span></strong> <span style='color: #CACACA;'> (RemoteUtils.java : 132)</span><br>\n<span style='color: #AC8888'>oracle.pgx.client</span>.<span style='color: black'>RemoteUtils</span>.<strong><span style='color: #AA0000'>getResponseContent</span></strong> <span style='color: #CACACA;'> (RemoteUtils.java : 100)</span><br>\n<span style='color: #AC8888'>oracle.pgx.client</span>.<span style='color: black'>RemoteUtils</span>.<strong><span style='color: #AA0000'>getResponseContent</span></strong> <span style='color: #CACACA;'> (RemoteUtils.java : 68)</span><br>\n<span style='color: #AC8888'>oracle.pgx.client</span>.<span style='color: black'>RemoteUtils</span>.<strong><span style='color: #AA0000'>parse</span></strong> <span style='color: #CACACA;'> (RemoteUtils.java : 155)</span><br>\n<span style='color: #AC8888'>oracle.pgx.client</span>.<span style='color: black'>PgxRemoteFuture</span>.<strong><span style='color: #AA0000'>executeRequest</span></strong> <span style='color: #CACACA;'> (PgxRemoteFuture.java : 106)</span><br>\n<span style='color: #AC8888'>oracle.pgx.client</span>.<span style='color: black'>PgxRemoteFuture</span>.<strong><span style='color: #AA0000'>lambda$fetchRemoteResultAsync$3</span></strong> <span style='color: #CACACA;'> (PgxRemoteFuture.java : 218)</span><br>\n<span style='color: #AC8888'>java.util.concurrent</span>.<span style='color: black'>ThreadPoolExecutor</span>.<strong><span style='color: #AA0000'>runWorker</span></strong> <span style='color: #CACACA;'> (ThreadPoolExecutor.java : 1149)</span><br>\n<span style='color: #AC8888'>java.util.concurrent.ThreadPoolExecutor</span>.<span style='color: black'>Worker</span>.<strong><span style='color: #AA0000'>run</span></strong> <span style='color: #CACACA;'> (ThreadPoolExecutor.java : 624)</span><br>\n<span style='color: #AC8888'>java.lang</span>.<span style='color: black'>Thread</span>.<strong><span style='color: #AA0000'>run</span></strong> <span style='color: #CACACA;'> (Thread.java : 748)</span><br>\n</div></div></div></details>"}]},"apps":[],"jobName":"paragraph_1588758750592_-2064396727","id":"20200504-144653_1292228680","dateCreated":"2020-05-06T09:52:30+0000","dateStarted":"2020-05-06T10:06:39+0000","dateFinished":"2020-05-06T10:06:40+0000","status":"ERROR","progressUpdateIntervalMs":500,"$$hashKey":"object:185921"},{"title":"How many triangles are there in the graph?","text":"%pgx\n// Simple analytic: count triangles\nanalyst.countTriangles(g,true)","user":"oracle","dateUpdated":"2020-05-06T10:06:52+0000","config":{"editorSetting":{"language":"scala","editOnDblClick":false,"completionKey":"TAB"},"colWidth":12,"editorMode":"ace/mode/scala","fontSize":9,"title":true,"results":{},"enabled":true},"settings":{"params":{},"forms":{}},"results":{"code":"SUCCESS","msg":[{"type":"TEXT","data":"22"}]},"apps":[],"jobName":"paragraph_1588758750593_1553349953","id":"20200504-150511_514351859","dateCreated":"2020-05-06T09:52:30+0000","dateStarted":"2020-05-06T10:06:52+0000","dateFinished":"2020-05-06T10:06:52+0000","status":"FINISHED","progressUpdateIntervalMs":500,"$$hashKey":"object:185922"},{"text":"%pgx\ng.queryPgql(\"\"\"\n SELECT label(e), count(*) \n MATCH (x) -[e]- (y) \n GROUP BY label(e) \n\"\"\")","user":"oracle","dateUpdated":"2020-05-06T10:07:10+0000","config":{"editorSetting":{"language":"scala","editOnDblClick":false,"completionKey":"TAB"},"colWidth":12,"editorMode":"ace/mode/scala","fontSize":9,"results":{"0":{"graph":{"mode":"table","height":300,"optionOpen":false,"setting":{"table":{"tableGridState":{},"tableColumnTypeState":{"names":{"label(e)":"string","count(*)":"string"},"updated":false},"tableOptionSpecHash":"[{\"name\":\"useFilter\",\"valueType\":\"boolean\",\"defaultValue\":false,\"widget\":\"checkbox\",\"description\":\"Enable filter for columns\"},{\"name\":\"showPagination\",\"valueType\":\"boolean\",\"defaultValue\":false,\"widget\":\"checkbox\",\"description\":\"Enable pagination for better navigation\"},{\"name\":\"showAggregationFooter\",\"valueType\":\"boolean\",\"defaultValue\":false,\"widget\":\"checkbox\",\"description\":\"Enable a footer for displaying aggregated values\"}]","tableOptionValue":{"useFilter":false,"showPagination":false,"showAggregationFooter":false},"updated":false,"initialized":false}},"commonSetting":{}}}},"enabled":true},"settings":{"params":{},"forms":{}},"results":{"code":"SUCCESS","msg":[{"type":"TABLE","data":"label(e)\tcount(*)\nadmires\t56\nleads\t18\ncollaborates\t164\nfeuds\t90"}]},"apps":[],"jobName":"paragraph_1588758750594_2017951127","id":"20200504-144738_1642716621","dateCreated":"2020-05-06T09:52:30+0000","dateStarted":"2020-05-06T10:07:10+0000","dateFinished":"2020-05-06T10:07:10+0000","status":"FINISHED","progressUpdateIntervalMs":500,"$$hashKey":"object:185923"},{"title":"Examine relationships in the graph","text":"%pgx\n\ng.queryPgql(\"\"\" \n  SELECT e.label(),COUNT(*) \n  WHERE (n) -[e]-> (m) \n  GROUP BY e.label() \n  ORDER BY COUNT(*) DESC \n\"\"\");","user":"oracle","dateUpdated":"2020-05-06T10:07:18+0000","config":{"editorSetting":{"language":"scala","editOnDblClick":false,"completionKey":"TAB"},"colWidth":6,"editorMode":"ace/mode/scala","fontSize":9,"title":true,"results":{"0":{"graph":{"mode":"pieChart","height":300,"optionOpen":false,"setting":{"table":{"tableGridState":{},"tableColumnTypeState":{"names":{"e.label()":"string","COUNT(*)":"string"},"updated":false},"tableOptionSpecHash":"[{\"name\":\"useFilter\",\"valueType\":\"boolean\",\"defaultValue\":false,\"widget\":\"checkbox\",\"description\":\"Enable filter for columns\"},{\"name\":\"showPagination\",\"valueType\":\"boolean\",\"defaultValue\":false,\"widget\":\"checkbox\",\"description\":\"Enable pagination for better navigation\"},{\"name\":\"showAggregationFooter\",\"valueType\":\"boolean\",\"defaultValue\":false,\"widget\":\"checkbox\",\"description\":\"Enable a footer for displaying aggregated values\"}]","tableOptionValue":{"useFilter":false,"showPagination":false,"showAggregationFooter":false},"updated":false,"initialized":false},"multiBarChart":{"rotate":{"degree":"-45"},"xLabelStatus":"default"}},"commonSetting":{},"keys":[{"name":"e.label()","index":0,"aggr":"sum"}],"groups":[],"values":[{"name":"COUNT(*)","index":1,"aggr":"sum"}]},"helium":{}}},"enabled":true},"settings":{"params":{},"forms":{}},"results":{"code":"SUCCESS","msg":[{"type":"TABLE","data":"e.label()\tCOUNT(*)\ncollaborates\t82\nfeuds\t45\nadmires\t28\nleads\t9"}]},"apps":[],"jobName":"paragraph_1588758750595_131698008","id":"20200504-152954_962688769","dateCreated":"2020-05-06T09:52:30+0000","dateStarted":"2020-05-06T10:07:18+0000","dateFinished":"2020-05-06T10:07:18+0000","status":"FINISHED","progressUpdateIntervalMs":500,"$$hashKey":"object:185924"},{"title":"Most collaborative vertices","text":"%pgx\n\ng.queryPgql(\"\"\" \n  SELECT n.name,COUNT(*) \n  WHERE (n) -[e:collaborates]-> (m) \n  GROUP BY n \n  ORDER BY COUNT(*) DESC\n  LIMIT 10\n\"\"\");","user":"oracle","dateUpdated":"2020-05-06T10:07:22+0000","config":{"editorSetting":{"language":"scala","editOnDblClick":false,"completionKey":"TAB"},"colWidth":6,"editorMode":"ace/mode/scala","fontSize":9,"title":true,"results":{"0":{"graph":{"mode":"multiBarChart","height":300,"optionOpen":false,"setting":{"table":{"tableGridState":{},"tableColumnTypeState":{"names":{"n.name":"string","COUNT(*)":"string"},"updated":false},"tableOptionSpecHash":"[{\"name\":\"useFilter\",\"valueType\":\"boolean\",\"defaultValue\":false,\"widget\":\"checkbox\",\"description\":\"Enable filter for columns\"},{\"name\":\"showPagination\",\"valueType\":\"boolean\",\"defaultValue\":false,\"widget\":\"checkbox\",\"description\":\"Enable pagination for better navigation\"},{\"name\":\"showAggregationFooter\",\"valueType\":\"boolean\",\"defaultValue\":false,\"widget\":\"checkbox\",\"description\":\"Enable a footer for displaying aggregated values\"}]","tableOptionValue":{"useFilter":false,"showPagination":false,"showAggregationFooter":false},"updated":false,"initialized":false},"multiBarChart":{"rotate":{"degree":"-45"},"xLabelStatus":"default"}},"commonSetting":{},"keys":[{"name":"n.name","index":0,"aggr":"sum"}],"groups":[],"values":[{"name":"COUNT(*)","index":1,"aggr":"sum"}]},"helium":{}}},"enabled":true},"settings":{"params":{},"forms":{}},"results":{"code":"SUCCESS","msg":[{"type":"TABLE","data":"n.name\tCOUNT(*)\nBarack Obama\t10\nCharlie Rose\t4\nOmar Kobine Layama\t3\nNicolas Guerekoyame Gbangou\t3\nPope Francis\t3\nDieudonne Nzapalainga\t3\nNBC\t3\nSteve McQueen\t2\nNetflix\t2\nPharrell Williams\t2"}]},"apps":[],"jobName":"paragraph_1588758750597_-323095043","id":"20200504-145426_1017751513","dateCreated":"2020-05-06T09:52:30+0000","dateStarted":"2020-05-06T10:07:22+0000","dateFinished":"2020-05-06T10:07:22+0000","status":"FINISHED","progressUpdateIntervalMs":500,"$$hashKey":"object:185925"},{"title":"Most admired vertices","text":"%pgx\n\ng.queryPgql(\"\"\" \n  SELECT m.name,COUNT(*) \n  WHERE (n) -[e:admires]-> (m) \n  GROUP BY m\n  ORDER BY COUNT(*) DESC\n  LIMIT 10\n\"\"\");","user":"oracle","dateUpdated":"2020-05-06T10:07:53+0000","config":{"editorSetting":{"language":"scala","editOnDblClick":false,"completionKey":"TAB"},"colWidth":6,"editorMode":"ace/mode/scala","fontSize":9,"title":true,"results":{"0":{"graph":{"mode":"table","height":300,"optionOpen":false,"setting":{"table":{"tableGridState":{},"tableColumnTypeState":{"names":{"m.name":"string","COUNT(*)":"string"},"updated":false},"tableOptionSpecHash":"[{\"name\":\"useFilter\",\"valueType\":\"boolean\",\"defaultValue\":false,\"widget\":\"checkbox\",\"description\":\"Enable filter for columns\"},{\"name\":\"showPagination\",\"valueType\":\"boolean\",\"defaultValue\":false,\"widget\":\"checkbox\",\"description\":\"Enable pagination for better navigation\"},{\"name\":\"showAggregationFooter\",\"valueType\":\"boolean\",\"defaultValue\":false,\"widget\":\"checkbox\",\"description\":\"Enable a footer for displaying aggregated values\"}]","tableOptionValue":{"useFilter":false,"showPagination":false,"showAggregationFooter":false},"updated":false,"initialized":false}},"commonSetting":{}}}},"enabled":true},"settings":{"params":{},"forms":{}},"results":{"code":"SUCCESS","msg":[{"type":"TABLE","data":"m.name\tCOUNT(*)\nBarack Obama\t3\nHillary Clinton\t3\nPope Francis\t3\nHouse of Cards\t2\nAmy Adams\t1\nBenedict Cumberbatch\t1\nKristen Anderson-Lopez\t1\nMary Barra\t1\nSteve McQueen\t1\nJason Collins\t1"}]},"apps":[],"jobName":"paragraph_1588758750598_1025074831","id":"20200504-154524_873606125","dateCreated":"2020-05-06T09:52:30+0000","dateStarted":"2020-05-06T10:07:53+0000","dateFinished":"2020-05-06T10:07:54+0000","status":"FINISHED","progressUpdateIntervalMs":500,"$$hashKey":"object:185926"},{"title":"Most collaborative countries","text":"%pgx\n\ng.queryPgql(\"\"\" \n  SELECT n.country,COUNT(*) \n  WHERE (n) -[e:collaborates]-> (m) \n  GROUP BY n \n  ORDER BY COUNT(*) DESC\n  LIMIT 10\n\"\"\");","user":"oracle","dateUpdated":"2020-05-06T10:07:57+0000","config":{"editorSetting":{"language":"scala","editOnDblClick":false,"completionKey":"TAB"},"colWidth":6,"editorMode":"ace/mode/scala","fontSize":9,"title":true,"results":{"0":{"graph":{"mode":"pieChart","height":300,"optionOpen":false,"setting":{"table":{"tableGridState":{},"tableColumnTypeState":{"names":{"n.country":"string","COUNT(*)":"string"},"updated":false},"tableOptionSpecHash":"[{\"name\":\"useFilter\",\"valueType\":\"boolean\",\"defaultValue\":false,\"widget\":\"checkbox\",\"description\":\"Enable filter for columns\"},{\"name\":\"showPagination\",\"valueType\":\"boolean\",\"defaultValue\":false,\"widget\":\"checkbox\",\"description\":\"Enable pagination for better navigation\"},{\"name\":\"showAggregationFooter\",\"valueType\":\"boolean\",\"defaultValue\":false,\"widget\":\"checkbox\",\"description\":\"Enable a footer for displaying aggregated values\"}]","tableOptionValue":{"useFilter":false,"showPagination":false,"showAggregationFooter":false},"updated":false,"initialized":false}},"commonSetting":{}},"helium":{}}},"enabled":true},"settings":{"params":{},"forms":{}},"results":{"code":"SUCCESS","msg":[{"type":"TABLE","data":"n.country\tCOUNT(*)\nUnited States\t10\nUnited States\t4\n\t3\n\t3\nItaly\t3\n\t3\nUnited States\t3\nUnited States\t2\nUnited States\t2\nUnited States\t2"}]},"apps":[],"jobName":"paragraph_1588758750599_1255619234","id":"20200504-154928_2028951416","dateCreated":"2020-05-06T09:52:30+0000","dateStarted":"2020-05-06T10:07:57+0000","dateFinished":"2020-05-06T10:07:57+0000","status":"FINISHED","progressUpdateIntervalMs":500,"$$hashKey":"object:185927"},{"text":"%md\n\n### Enemy of My Enemy is My Friend\n\nNow, we will find a graph pattern inspired by the famous ancient proverb 'The enemy of my enemy is my friend'. Specifically, you will find two entities which are connected by two edges of the 'feuds' edge label. A pair of vertices which are feuding with each other will have an edge with the feuds edge label.","user":"oracle","dateUpdated":"2020-05-06T09:52:30+0000","config":{"tableHide":false,"editorSetting":{"language":"markdown","editOnDblClick":true,"completionKey":"TAB","completionSupport":false},"colWidth":12,"editorMode":"ace/mode/markdown","fontSize":9,"editorHide":true,"results":{},"enabled":true},"settings":{"params":{},"forms":{}},"results":{"code":"SUCCESS","msg":[{"type":"HTML","data":"<div class=\"markdown-body\">\n<h3>Enemy of My Enemy is My Friend</h3>\n<p>Now, we will find a graph pattern inspired by the famous ancient proverb &lsquo;The enemy of my enemy is my friend&rsquo;. Specifically, you will find two entities which are connected by two edges of the &lsquo;feuds&rsquo; edge label. A pair of vertices which are feuding with each other will have an edge with the feuds edge label.</p>\n</div>"}]},"apps":[],"jobName":"paragraph_1588758750600_252986367","id":"20200504-160958_277297009","dateCreated":"2020-05-06T09:52:30+0000","status":"READY","errorMessage":"","progressUpdateIntervalMs":500,"$$hashKey":"object:185928"},{"text":"%pgx\n\ng.queryPgql(\"\"\"\n  SELECT x.name, y.name, z.name\n  WHERE\n    (x) -[e1:feuds]-> (y),\n    (y) -[e2:feuds]-> (z),\n    x != z\n  ORDER BY x.name, y.name, z.name\n\"\"\")\n","user":"oracle","dateUpdated":"2020-05-06T10:08:04+0000","config":{"editorSetting":{"language":"scala","editOnDblClick":false,"completionKey":"TAB","completionSupport":false},"colWidth":12,"editorMode":"ace/mode/scala","fontSize":9,"results":{"0":{"graph":{"mode":"table","height":300,"optionOpen":false,"setting":{"table":{"tableGridState":{},"tableColumnTypeState":{"names":{"x.name":"string","y.name":"string","z.name":"string"},"updated":false},"tableOptionSpecHash":"[{\"name\":\"useFilter\",\"valueType\":\"boolean\",\"defaultValue\":false,\"widget\":\"checkbox\",\"description\":\"Enable filter for columns\"},{\"name\":\"showPagination\",\"valueType\":\"boolean\",\"defaultValue\":false,\"widget\":\"checkbox\",\"description\":\"Enable pagination for better navigation\"},{\"name\":\"showAggregationFooter\",\"valueType\":\"boolean\",\"defaultValue\":false,\"widget\":\"checkbox\",\"description\":\"Enable a footer for displaying aggregated values\"}]","tableOptionValue":{"useFilter":false,"showPagination":false,"showAggregationFooter":false},"updated":false,"initialized":false}},"commonSetting":{}}}},"enabled":true},"settings":{"params":{},"forms":{}},"results":{"code":"SUCCESS","msg":[{"type":"TABLE","data":"x.name\ty.name\tz.name\nABC\tCBS\tNBC\nABC\tNBC\tCBS\nAlibaba\tAmazon\tBeyonce\nAlibaba\tAmazon\tGoogle\nAlibaba\tAmazon\teBay\nAmazon\tAlibaba\tTencent\nAmazon\tGoogle\tFacebook\nAmazon\teBay\tCarl Icahn\nAngela Merkel\tVladimir Putin\tBarack Obama\nAngela Merkel\tVladimir Putin\tJohn Kerry\nBarack Obama\tEdward Snowden\tJohn Kerry\nBarack Obama\tVladimir Putin\tAngela Merkel\nBarack Obama\tVladimir Putin\tJohn Kerry\nBeyonce\tAmazon\tAlibaba\nBeyonce\tAmazon\tGoogle\nBeyonce\tAmazon\teBay\nCBS\tABC\tNBC\nCBS\tNBC\tABC\nCarl Icahn\teBay\tAmazon\nCharles Koch\tBarack Obama\tDavid Koch\nCharles Koch\tBarack Obama\tEdward Snowden\nCharles Koch\tBarack Obama\tRand Paul\nCharles Koch\tBarack Obama\tVladimir Putin\nDavid Koch\tBarack Obama\tCharles Koch\nDavid Koch\tBarack Obama\tEdward Snowden\nDavid Koch\tBarack Obama\tRand Paul\nDavid Koch\tBarack Obama\tVladimir Putin\nEdward Snowden\tBarack Obama\tCharles Koch\nEdward Snowden\tBarack Obama\tDavid Koch\nEdward Snowden\tBarack Obama\tRand Paul\nEdward Snowden\tBarack Obama\tVladimir Putin\nEdward Snowden\tJohn Kerry\tKim Jong Un\nEdward Snowden\tJohn Kerry\tVladimir Putin\nFacebook\tGoogle\tAmazon\nGoogle\tAmazon\tAlibaba\nGoogle\tAmazon\tBeyonce\nGoogle\tAmazon\teBay\nGoogle\tFacebook\tSnapchat\nJohn Kerry\tEdward Snowden\tBarack Obama\nJohn Kerry\tVladimir Putin\tAngela Merkel\nJohn Kerry\tVladimir Putin\tBarack Obama\nKim Jong Un\tJohn Kerry\tEdward Snowden\nKim Jong Un\tJohn Kerry\tVladimir Putin\nNBC\tABC\tCBS\nNBC\tCBS\tABC\nRand Paul\tBarack Obama\tCharles Koch\nRand Paul\tBarack Obama\tDavid Koch\nRand Paul\tBarack Obama\tEdward Snowden\nRand Paul\tBarack Obama\tVladimir Putin\nTencent\tAlibaba\tAmazon\nVladimir Putin\tBarack Obama\tCharles Koch\nVladimir Putin\tBarack Obama\tDavid Koch\nVladimir Putin\tBarack Obama\tEdward Snowden\nVladimir Putin\tBarack Obama\tRand Paul\nVladimir Putin\tJohn Kerry\tEdward Snowden\nVladimir Putin\tJohn Kerry\tKim Jong Un\neBay\tAmazon\tAlibaba\neBay\tAmazon\tBeyonce\neBay\tAmazon\tGoogle"}]},"apps":[],"jobName":"paragraph_1588758750601_-286998014","id":"20200504-161019_951904735","dateCreated":"2020-05-06T09:52:30+0000","dateStarted":"2020-05-06T10:08:04+0000","dateFinished":"2020-05-06T10:08:04+0000","status":"FINISHED","progressUpdateIntervalMs":500,"$$hashKey":"object:185929"},{"text":"%md\n\nLet's take a look at the results:\n\n - Beyonce  (`x.name = Beyonce`) could be friends with Alibaba, Google and eBay since they all feud with Amazon.\n - Barack Obama (`x.name = Barack Obama`) can be friends with John Kerry because both Obama and Kerry feud with Edward Snowden and Vladimir Putin. Obama can also be friends with Angela Merkel since both feud with Putin too.\n","user":"oracle","dateUpdated":"2020-05-06T09:52:30+0000","config":{"tableHide":false,"editorSetting":{"language":"markdown","editOnDblClick":true,"completionKey":"TAB","completionSupport":false},"colWidth":12,"editorMode":"ace/mode/markdown","fontSize":9,"editorHide":true,"results":{},"enabled":true},"settings":{"params":{},"forms":{}},"results":{"code":"SUCCESS","msg":[{"type":"HTML","data":"<div class=\"markdown-body\">\n<p>Let&rsquo;s take a look at the results:</p>\n<ul>\n  <li>Beyonce (<code>x.name = Beyonce</code>) could be friends with Alibaba, Google and eBay since they all feud with Amazon.</li>\n  <li>Barack Obama (<code>x.name = Barack Obama</code>) can be friends with John Kerry because both Obama and Kerry feud with Edward Snowden and Vladimir Putin. Obama can also be friends with Angela Merkel since both feud with Putin too.</li>\n</ul>\n</div>"}]},"apps":[],"jobName":"paragraph_1588758750602_403522377","id":"20200504-161555_636251018","dateCreated":"2020-05-06T09:52:30+0000","status":"READY","errorMessage":"","progressUpdateIntervalMs":500,"$$hashKey":"object:185930"},{"text":"%md \nNow let's run the query below. This query searches for potential friends via 'feuds' edges but this time via _transitive reachability_. This means that we even search for people who are potential friends of potential friends, etc.\nLet's have a look at the results again:\n\n- for Beyonce, we find an additional result because she transitively connects to 'Snapchat' via 'Alibaba'.\n- for Barack Obama, we get one fewer result. That's because reachability is not concerned with the ways in which two vertices are reachable. Note that although John Kerry is reachable via two paths (through Edward Snowden and Vladimir Putin), Kerry only shows up once.\n","user":"oracle","dateUpdated":"2020-05-06T09:52:30+0000","config":{"tableHide":false,"editorSetting":{"language":"markdown","editOnDblClick":true,"completionKey":"TAB","completionSupport":false},"colWidth":12,"editorMode":"ace/mode/markdown","fontSize":9,"editorHide":true,"results":{},"enabled":true},"settings":{"params":{},"forms":{}},"results":{"code":"SUCCESS","msg":[{"type":"HTML","data":"<div class=\"markdown-body\">\n<p>Now let&rsquo;s run the query below. This query searches for potential friends via &lsquo;feuds&rsquo; edges but this time via <em>transitive reachability</em>. This means that we even search for people who are potential friends of potential friends, etc.<br/>Let&rsquo;s have a look at the results again:</p>\n<ul>\n  <li>for Beyonce, we find an additional result because she transitively connects to &lsquo;Snapchat&rsquo; via &lsquo;Alibaba&rsquo;.</li>\n  <li>for Barack Obama, we get one fewer result. That&rsquo;s because reachability is not concerned with the ways in which two vertices are reachable. Note that although John Kerry is reachable via two paths (through Edward Snowden and Vladimir Putin), Kerry only shows up once.</li>\n</ul>\n</div>"}]},"apps":[],"jobName":"paragraph_1588758750603_1685520256","id":"20200504-161426_248000940","dateCreated":"2020-05-06T09:52:30+0000","status":"READY","errorMessage":"","progressUpdateIntervalMs":500,"$$hashKey":"object:185931"},{"text":"%pgx\ng.queryPgql(\"\"\"\n  PATH has_potential_friend := () -[:feuds]-> () -[:feuds]-> ()\n  SELECT x.name, y.name\n  WHERE\n    (x) -/:has_potential_friend*/-> (y),\n    x != y\n  ORDER BY x.name, y.name\n\"\"\")","user":"oracle","dateUpdated":"2020-05-06T10:08:11+0000","config":{"editorSetting":{"language":"scala","editOnDblClick":false,"completionKey":"TAB"},"colWidth":12,"editorMode":"ace/mode/scala","fontSize":9,"results":{"0":{"graph":{"mode":"table","height":300,"optionOpen":false,"setting":{"table":{"tableGridState":{},"tableColumnTypeState":{"names":{"x.name":"string","y.name":"string"},"updated":false},"tableOptionSpecHash":"[{\"name\":\"useFilter\",\"valueType\":\"boolean\",\"defaultValue\":false,\"widget\":\"checkbox\",\"description\":\"Enable filter for columns\"},{\"name\":\"showPagination\",\"valueType\":\"boolean\",\"defaultValue\":false,\"widget\":\"checkbox\",\"description\":\"Enable pagination for better navigation\"},{\"name\":\"showAggregationFooter\",\"valueType\":\"boolean\",\"defaultValue\":false,\"widget\":\"checkbox\",\"description\":\"Enable a footer for displaying aggregated values\"}]","tableOptionValue":{"useFilter":false,"showPagination":false,"showAggregationFooter":false},"updated":false,"initialized":false}},"commonSetting":{}}}},"enabled":true},"settings":{"params":{},"forms":{}},"results":{"code":"SUCCESS","msg":[{"type":"TABLE","data":"x.name\ty.name\nABC\tCBS\nABC\tNBC\nAlibaba\tBeyonce\nAlibaba\tGoogle\nAlibaba\tSnapchat\nAlibaba\teBay\nAmazon\tCarl Icahn\nAmazon\tFacebook\nAmazon\tTencent\nAngela Merkel\tBarack Obama\nAngela Merkel\tJohn Kerry\nBarack Obama\tAngela Merkel\nBarack Obama\tJohn Kerry\nBeyonce\tAlibaba\nBeyonce\tGoogle\nBeyonce\tSnapchat\nBeyonce\teBay\nCBS\tABC\nCBS\tNBC\nCarl Icahn\tAmazon\nCarl Icahn\tFacebook\nCarl Icahn\tTencent\nCharles Koch\tDavid Koch\nCharles Koch\tEdward Snowden\nCharles Koch\tKim Jong Un\nCharles Koch\tRand Paul\nCharles Koch\tVladimir Putin\nDavid Koch\tCharles Koch\nDavid Koch\tEdward Snowden\nDavid Koch\tKim Jong Un\nDavid Koch\tRand Paul\nDavid Koch\tVladimir Putin\nEdward Snowden\tCharles Koch\nEdward Snowden\tDavid Koch\nEdward Snowden\tKim Jong Un\nEdward Snowden\tRand Paul\nEdward Snowden\tVladimir Putin\nFacebook\tAmazon\nFacebook\tCarl Icahn\nFacebook\tTencent\nGoogle\tAlibaba\nGoogle\tBeyonce\nGoogle\tSnapchat\nGoogle\teBay\nJohn Kerry\tAngela Merkel\nJohn Kerry\tBarack Obama\nKim Jong Un\tCharles Koch\nKim Jong Un\tDavid Koch\nKim Jong Un\tEdward Snowden\nKim Jong Un\tRand Paul\nKim Jong Un\tVladimir Putin\nNBC\tABC\nNBC\tCBS\nRand Paul\tCharles Koch\nRand Paul\tDavid Koch\nRand Paul\tEdward Snowden\nRand Paul\tKim Jong Un\nRand Paul\tVladimir Putin\nTencent\tAmazon\nTencent\tCarl Icahn\nTencent\tFacebook\nVladimir Putin\tCharles Koch\nVladimir Putin\tDavid Koch\nVladimir Putin\tEdward Snowden\nVladimir Putin\tKim Jong Un\nVladimir Putin\tRand Paul\neBay\tAlibaba\neBay\tBeyonce\neBay\tGoogle\neBay\tSnapchat"}]},"apps":[],"jobName":"paragraph_1588758750605_-1359134729","id":"20200504-161416_361834947","dateCreated":"2020-05-06T09:52:30+0000","dateStarted":"2020-05-06T10:08:11+0000","dateFinished":"2020-05-06T10:08:11+0000","status":"FINISHED","progressUpdateIntervalMs":500,"$$hashKey":"object:185932"},{"text":"%md\n\n## PageRank algorithm\n\nPageRank is an algorithm that computes ranking scores for the vertices using the network created by the incoming edges in the graph. Thus it is intended for directed graphs, although undirected graphs can be treated as well by converting them into directed graphs with reciprocated edges (i.e. keeping the original edge and creating a second one going in the opposite direction). The edges on the graph will define the relevance of each vertex in the graph, reflecting this on the scores, meaning that **greater scores will correspond to vertices with greater relevance**.\n","user":"oracle","dateUpdated":"2020-05-06T09:52:30+0000","config":{"tableHide":false,"editorSetting":{"language":"markdown","editOnDblClick":true,"completionKey":"TAB","completionSupport":false},"colWidth":12,"editorMode":"ace/mode/markdown","fontSize":9,"editorHide":true,"results":{},"enabled":true},"settings":{"params":{},"forms":{}},"results":{"code":"SUCCESS","msg":[{"type":"HTML","data":"<div class=\"markdown-body\">\n<h2>PageRank algorithm</h2>\n<p>PageRank is an algorithm that computes ranking scores for the vertices using the network created by the incoming edges in the graph. Thus it is intended for directed graphs, although undirected graphs can be treated as well by converting them into directed graphs with reciprocated edges (i.e. keeping the original edge and creating a second one going in the opposite direction). The edges on the graph will define the relevance of each vertex in the graph, reflecting this on the scores, meaning that <strong>greater scores will correspond to vertices with greater relevance</strong>.</p>\n</div>"}]},"apps":[],"jobName":"paragraph_1588758750606_-948573688","id":"20200504-155110_1737166","dateCreated":"2020-05-06T09:52:30+0000","status":"READY","errorMessage":"","progressUpdateIntervalMs":500,"$$hashKey":"object:185933"},{"title":"Pagerank analysis","text":"%pgx\n\nrank=analyst.pagerank(graph:g, max:1000, variant:'APPROXIMATE')\nrank.getTopKValues(3)","user":"oracle","dateUpdated":"2020-05-06T11:11:21+0000","config":{"editorSetting":{"language":"scala","editOnDblClick":false,"completionKey":"TAB"},"colWidth":12,"editorMode":"ace/mode/scala","fontSize":9,"title":true,"results":{"0":{"graph":{"mode":"table","height":300,"optionOpen":false,"setting":{"table":{"tableGridState":{},"tableColumnTypeState":{"names":{"ID":"string","value":"string"},"updated":false},"tableOptionSpecHash":"[{\"name\":\"useFilter\",\"valueType\":\"boolean\",\"defaultValue\":false,\"widget\":\"checkbox\",\"description\":\"Enable filter for columns\"},{\"name\":\"showPagination\",\"valueType\":\"boolean\",\"defaultValue\":false,\"widget\":\"checkbox\",\"description\":\"Enable pagination for better navigation\"},{\"name\":\"showAggregationFooter\",\"valueType\":\"boolean\",\"defaultValue\":false,\"widget\":\"checkbox\",\"description\":\"Enable a footer for displaying aggregated values\"}]","tableOptionValue":{"useFilter":false,"showPagination":false,"showAggregationFooter":false},"updated":false,"initialized":false}},"commonSetting":{}}}},"enabled":true},"settings":{"params":{},"forms":{}},"results":{"code":"SUCCESS","msg":[{"type":"TABLE","data":"ID\tvalue\n1\t0.060886899891998914\n60\t0.03445628038301776\n42\t0.027831790283775117"}]},"apps":[],"jobName":"paragraph_1588758750607_1352327353","id":"20200504-153145_127321073","dateCreated":"2020-05-06T09:52:30+0000","dateStarted":"2020-05-06T11:11:21+0000","dateFinished":"2020-05-06T11:11:21+0000","status":"FINISHED","progressUpdateIntervalMs":500,"$$hashKey":"object:185934"},{"title":"Get name of attribute added by PageRank engine","text":"%pgx\nrank.getName()","user":"oracle","dateUpdated":"2020-05-06T11:11:26+0000","config":{"editorSetting":{"language":"scala","editOnDblClick":false,"completionKey":"TAB"},"colWidth":12,"editorMode":"ace/mode/scala","fontSize":9,"title":true,"results":{},"enabled":true},"settings":{"params":{},"forms":{}},"results":{"code":"SUCCESS","msg":[{"type":"TEXT","data":"approx_pagerank"}]},"apps":[],"jobName":"paragraph_1588758750608_-1774523688","id":"20200504-153803_1765719157","dateCreated":"2020-05-06T09:52:30+0000","dateStarted":"2020-05-06T11:11:27+0000","dateFinished":"2020-05-06T11:11:27+0000","status":"FINISHED","progressUpdateIntervalMs":500,"$$hashKey":"object:185935"},{"title":"Assert there's a new vertices property with that name","text":"%pgx\n\ng.getVertexProperties();","user":"oracle","dateUpdated":"2020-05-06T11:11:37+0000","config":{"editorSetting":{"language":"scala","editOnDblClick":false,"completionKey":"TAB"},"colWidth":12,"editorMode":"ace/mode/scala","fontSize":9,"title":true,"results":{},"enabled":true},"settings":{"params":{},"forms":{}},"results":{"code":"SUCCESS","msg":[{"type":"TEXT","data":"VertexProperty[name=occupation,type=string,graph=connections]\nVertexProperty[name=role,type=string,graph=connections]\nVertexProperty[name=political,type=string,graph=connections]\nVertexProperty[name=approx_pagerank,type=double,graph=connections]\nVertexProperty[name=name,type=string,graph=connections]\nVertexProperty[name=religion,type=string,graph=connections]\nVertexProperty[name=country,type=string,graph=connections]"}]},"apps":[],"jobName":"paragraph_1588758750609_-1902816948","id":"20200504-155342_238439013","dateCreated":"2020-05-06T09:52:30+0000","dateStarted":"2020-05-06T11:11:37+0000","dateFinished":"2020-05-06T11:11:37+0000","status":"FINISHED","progressUpdateIntervalMs":500,"$$hashKey":"object:185936"},{"title":"Get names for the 10 most important vertices for PageRank","text":"%pgx\n\ng.queryPgql(\"\"\"\n   SELECT x.name, x.approx_pagerank \n   MATCH (x) \n   ORDER BY x.approx_pagerank \n   DESC limit 10\n   \"\"\");","user":"oracle","dateUpdated":"2020-05-06T11:11:44+0000","config":{"editorSetting":{"language":"scala","editOnDblClick":false,"completionKey":"TAB"},"colWidth":12,"editorMode":"ace/mode/scala","fontSize":9,"title":true,"results":{"0":{"graph":{"mode":"table","height":300,"optionOpen":false,"setting":{"table":{"tableGridState":{},"tableColumnTypeState":{"names":{"x.name":"string","x.approx_pagerank":"string"},"updated":false},"tableOptionSpecHash":"[{\"name\":\"useFilter\",\"valueType\":\"boolean\",\"defaultValue\":false,\"widget\":\"checkbox\",\"description\":\"Enable filter for columns\"},{\"name\":\"showPagination\",\"valueType\":\"boolean\",\"defaultValue\":false,\"widget\":\"checkbox\",\"description\":\"Enable pagination for better navigation\"},{\"name\":\"showAggregationFooter\",\"valueType\":\"boolean\",\"defaultValue\":false,\"widget\":\"checkbox\",\"description\":\"Enable a footer for displaying aggregated values\"}]","tableOptionValue":{"useFilter":false,"showPagination":false,"showAggregationFooter":false},"updated":false,"initialized":false},"multiBarChart":{"rotate":{"degree":"-45"},"xLabelStatus":"default"}},"commonSetting":{},"keys":[{"name":"x.name","index":0,"aggr":"sum"}],"groups":[],"values":[{"name":"x.approx_pagerank","index":1,"aggr":"sum"}]},"helium":{}}},"enabled":true},"settings":{"params":{},"forms":{}},"results":{"code":"SUCCESS","msg":[{"type":"TABLE","data":"x.name\tx.approx_pagerank\nBarack Obama\t0.060886899891998914\nNicolas Maduro\t0.03445628038301776\nNBC\t0.027831790283775117\nAmazon\t0.025848763054771094\nHouse of Cards\t0.025020481394189883\nPope Francis\t0.022681215952817014\nCharlie Rose\t0.021665073518388547\nThe Vatican\t0.02143391178013699\nNetflix\t0.02064607883488582\nAlibaba\t0.020576581268414877"}]},"apps":[],"jobName":"paragraph_1588758750610_-1733124719","id":"20200504-153326_1747316938","dateCreated":"2020-05-06T09:52:30+0000","dateStarted":"2020-05-06T11:11:44+0000","dateFinished":"2020-05-06T11:11:44+0000","status":"FINISHED","progressUpdateIntervalMs":500,"$$hashKey":"object:185937"},{"text":"%md\n\n## In-Degree Centrality\n\nIn-Degree centrality returns the sum of the number of incoming edges for each vertex in the graph. \n","user":"oracle","dateUpdated":"2020-05-06T09:52:30+0000","config":{"tableHide":false,"editorSetting":{"language":"markdown","editOnDblClick":true,"completionKey":"TAB","completionSupport":false},"colWidth":12,"editorMode":"ace/mode/markdown","fontSize":9,"editorHide":true,"results":{},"enabled":true},"settings":{"params":{},"forms":{}},"results":{"code":"SUCCESS","msg":[{"type":"HTML","data":"<div class=\"markdown-body\">\n<h2>In-Degree Centrality</h2>\n<p>In-Degree centrality returns the sum of the number of incoming edges for each vertex in the graph.</p>\n</div>"}]},"apps":[],"jobName":"paragraph_1588758750612_316585098","id":"20200504-160448_1815730959","dateCreated":"2020-05-06T09:52:30+0000","status":"READY","errorMessage":"","progressUpdateIntervalMs":500,"$$hashKey":"object:185938"},{"text":"%pgx\n\n//Add centrality metric, we can see the significance of each node in the network.\ncentrality = analyst.degreeCentrality(g)\n","user":"oracle","dateUpdated":"2020-05-06T11:11:54+0000","config":{"editorSetting":{"language":"scala","editOnDblClick":false,"completionKey":"TAB"},"colWidth":12,"editorMode":"ace/mode/scala","fontSize":9,"results":{},"enabled":true},"settings":{"params":{},"forms":{}},"results":{"code":"SUCCESS","msg":[{"type":"TEXT","data":"VertexProperty[name=degree,type=integer,graph=connections]"}]},"apps":[],"jobName":"paragraph_1588758750613_306055264","id":"20200504-153730_1950785149","dateCreated":"2020-05-06T09:52:30+0000","dateStarted":"2020-05-06T11:11:54+0000","dateFinished":"2020-05-06T11:11:55+0000","status":"FINISHED","progressUpdateIntervalMs":500,"$$hashKey":"object:185939"},{"text":"%pgx\n\ng.queryPgql(\"SELECT x.name AS Person, x.degree AS Top_Degree WHERE (x) ORDER BY x.degree DESC LIMIT 10\"  )","user":"oracle","dateUpdated":"2020-05-06T11:12:00+0000","config":{"editorSetting":{"language":"scala","editOnDblClick":false,"completionKey":"TAB"},"colWidth":12,"editorMode":"ace/mode/scala","fontSize":9,"results":{"0":{"graph":{"mode":"table","height":300,"optionOpen":false,"setting":{"table":{"tableGridState":{},"tableColumnTypeState":{"names":{"Person":"string","Top_Degree":"string"},"updated":false},"tableOptionSpecHash":"[{\"name\":\"useFilter\",\"valueType\":\"boolean\",\"defaultValue\":false,\"widget\":\"checkbox\",\"description\":\"Enable filter for columns\"},{\"name\":\"showPagination\",\"valueType\":\"boolean\",\"defaultValue\":false,\"widget\":\"checkbox\",\"description\":\"Enable pagination for better navigation\"},{\"name\":\"showAggregationFooter\",\"valueType\":\"boolean\",\"defaultValue\":false,\"widget\":\"checkbox\",\"description\":\"Enable a footer for displaying aggregated values\"}]","tableOptionValue":{"useFilter":false,"showPagination":false,"showAggregationFooter":false},"updated":false,"initialized":false},"multiBarChart":{"rotate":{"degree":"-45"},"xLabelStatus":"default"}},"commonSetting":{},"keys":[{"name":"Person","index":0,"aggr":"sum"}],"groups":[],"values":[{"name":"Top_Degree","index":1,"aggr":"sum"}]},"helium":{}}},"enabled":true},"settings":{"params":{},"forms":{}},"results":{"code":"SUCCESS","msg":[{"type":"TABLE","data":"Person\tTop_Degree\nBarack Obama\t38\nPope Francis\t10\nNBC\t10\nJohn Kerry\t10\nAmazon\t9\nVladimir Putin\t9\nHillary Clinton\t9\nCharlie Rose\t8\nAngela Merkel\t8\nBeyonce\t8"}]},"apps":[],"jobName":"paragraph_1588758750614_734472006","id":"20200504-155957_1802849327","dateCreated":"2020-05-06T09:52:30+0000","dateStarted":"2020-05-06T11:12:00+0000","dateFinished":"2020-05-06T11:12:01+0000","status":"FINISHED","progressUpdateIntervalMs":500,"$$hashKey":"object:185940"},{"text":"%md\n\n### Run Betweenness Centrality\n\nBetweenness centrality helps to identify entities in a graph that are vital for the flow of information. It is designed to find important people in a social network. \n\nThe Betweenness Centrality of a vertex `V` in a graph is the sum of the fraction of shortests paths that pass through `V` from all the possible shortest paths connecting every possible pair of nodes `S`, `T` in the graph, such that `V` is different from `S` and `T`. Because of its definition, the algorithm is meant for connected graphs.","user":"oracle","dateUpdated":"2020-05-06T09:52:30+0000","config":{"tableHide":false,"editorSetting":{"language":"markdown","editOnDblClick":true,"completionKey":"TAB","completionSupport":false},"colWidth":12,"editorMode":"ace/mode/markdown","fontSize":9,"editorHide":true,"results":{},"enabled":true},"settings":{"params":{},"forms":{}},"results":{"code":"SUCCESS","msg":[{"type":"HTML","data":"<div class=\"markdown-body\">\n<h3>Run Betweenness Centrality</h3>\n<p>Betweenness centrality helps to identify entities in a graph that are vital for the flow of information. It is designed to find important people in a social network. </p>\n<p>The Betweenness Centrality of a vertex <code>V</code> in a graph is the sum of the fraction of shortests paths that pass through <code>V</code> from all the possible shortest paths connecting every possible pair of nodes <code>S</code>, <code>T</code> in the graph, such that <code>V</code> is different from <code>S</code> and <code>T</code>. Because of its definition, the algorithm is meant for connected graphs.</p>\n</div>"}]},"apps":[],"jobName":"paragraph_1588758750616_1867966396","id":"20200504-160118_1855001328","dateCreated":"2020-05-06T09:52:30+0000","status":"READY","errorMessage":"","progressUpdateIntervalMs":500,"$$hashKey":"object:185941"},{"text":"%pgx\n\nanalyst.vertexBetweennessCentrality(g)\ng.queryPgql(\"\"\"\n  SELECT n.name, n.betweenness\n  WHERE (n)\n  ORDER BY n.betweenness DESC\n  LIMIT 5\n\"\"\")","user":"oracle","dateUpdated":"2020-05-06T11:12:10+0000","config":{"editorSetting":{"language":"scala","editOnDblClick":false,"completionKey":"TAB","completionSupport":false},"colWidth":12,"editorMode":"ace/mode/scala","fontSize":9,"results":{"0":{"graph":{"mode":"table","height":300,"optionOpen":false,"setting":{"table":{"tableGridState":{},"tableColumnTypeState":{"names":{"n.name":"string","n.betweenness":"string"},"updated":false},"tableOptionSpecHash":"[{\"name\":\"useFilter\",\"valueType\":\"boolean\",\"defaultValue\":false,\"widget\":\"checkbox\",\"description\":\"Enable filter for columns\"},{\"name\":\"showPagination\",\"valueType\":\"boolean\",\"defaultValue\":false,\"widget\":\"checkbox\",\"description\":\"Enable pagination for better navigation\"},{\"name\":\"showAggregationFooter\",\"valueType\":\"boolean\",\"defaultValue\":false,\"widget\":\"checkbox\",\"description\":\"Enable a footer for displaying aggregated values\"}]","tableOptionValue":{"useFilter":false,"showPagination":false,"showAggregationFooter":false},"updated":false,"initialized":false}},"commonSetting":{}}}},"enabled":true},"settings":{"params":{},"forms":{}},"results":{"code":"SUCCESS","msg":[{"type":"TABLE","data":"n.name\tn.betweenness\nBarack Obama\t2225.6666666666665\nBeyonce\t1029.0\nCharlie Rose\t876.5\nAmazon\t797.0\nCBS\t456.0"}]},"apps":[],"jobName":"paragraph_1588758750617_-812183889","id":"20200504-161829_1557587033","dateCreated":"2020-05-06T09:52:30+0000","dateStarted":"2020-05-06T11:12:10+0000","dateFinished":"2020-05-06T11:12:11+0000","status":"FINISHED","progressUpdateIntervalMs":500,"$$hashKey":"object:185942"},{"text":"%pgx\ng.destroy()","user":"oracle","dateUpdated":"2020-05-06T11:12:34+0000","config":{"colWidth":12,"fontSize":9,"enabled":true,"results":{},"editorSetting":{"language":"scala","editOnDblClick":false,"completionKey":"TAB"},"editorMode":"ace/mode/scala"},"settings":{"params":{},"forms":{}},"results":{"code":"SUCCESS","msg":[{"type":"TEXT","data":"(no output)"}]},"apps":[],"jobName":"paragraph_1588758750618_2032883575","id":"20200504-161848_1109935041","dateCreated":"2020-05-06T09:52:30+0000","dateStarted":"2020-05-06T11:12:34+0000","dateFinished":"2020-05-06T11:12:34+0000","status":"FINISHED","progressUpdateIntervalMs":500,"$$hashKey":"object:185943"},{"text":"%pgx\n","user":"oracle","dateUpdated":"2020-05-06T11:12:34+0000","config":{"colWidth":12,"fontSize":9,"enabled":true,"results":{},"editorSetting":{"language":"scala","editOnDblClick":false,"completionKey":"TAB"},"editorMode":"ace/mode/scala"},"settings":{"params":{},"forms":{}},"apps":[],"jobName":"paragraph_1588763554618_-749339083","id":"20200506-111234_1275428936","dateCreated":"2020-05-06T11:12:34+0000","status":"READY","progressUpdateIntervalMs":500,"$$hashKey":"object:185944"}],"name":"PGX/3. social connections (rdbms version)","id":"2FAKGBJUE","noteParams":{},"noteForms":{},"angularObjects":{"md:shared_process":[],"python:shared_process":[],"sh:shared_process":[],"pgx:shared_process":[],"spark:shared_process":[]},"config":{"isZeppelinNotebookCronEnable":false,"looknfeel":"default","personalizedMode":"false"},"info":{}}