﻿{"paragraphs":[{"text":"%md\n\n\n# From relational to graph\n\nThis notebook shows how to convert a relational model to a graph.\nIt will use the sample HR schema described in the following picture:\n\n\n![atl text](http://pgql-lang.org/images/example_graphs/hr_schema.png \"hr schema\")\n\nIt uses PGQL to convert tables to nodes and edges.\n\n","user":"oracle","dateUpdated":"2020-05-06T08:22:38+0000","config":{"colWidth":12,"fontSize":9,"enabled":true,"results":{},"editorSetting":{"language":"markdown","editOnDblClick":true,"completionKey":"TAB","completionSupport":false},"editorMode":"ace/mode/markdown","editorHide":true,"tableHide":false},"settings":{"params":{},"forms":{}},"results":{"code":"SUCCESS","msg":[{"type":"HTML","data":"<div class=\"markdown-body\">\n<h1>From relational to graph</h1>\n<p>This notebook shows how to convert a relational model to a graph.<br/>It will use the sample HR schema described in the following picture:</p>\n<p><img src=\"http://pgql-lang.org/images/example_graphs/hr_schema.png\" alt=\"atl text\" title=\"schema\" /></p>\n<p>It uses PGQL to convert tables to nodes and edges.</p>\n</div>"}]},"apps":[],"jobName":"paragraph_1585750979380_-1334402097","id":"20200401-142259_1193591258","dateCreated":"2020-04-01T14:22:59+0000","dateStarted":"2020-04-01T16:31:57+0000","dateFinished":"2020-04-01T16:31:57+0000","status":"FINISHED","progressUpdateIntervalMs":500,"focus":true,"$$hashKey":"object:171362"},{"text":"%md\n\nFirst create a connection to the Oracle database, HR schema that contains the tables","user":"oracle","dateUpdated":"2020-04-01T16:26:51+0000","config":{"colWidth":12,"fontSize":9,"enabled":true,"results":{},"editorSetting":{"language":"markdown","editOnDblClick":true,"completionKey":"TAB","completionSupport":false},"editorMode":"ace/mode/markdown","editorHide":true,"tableHide":false},"settings":{"params":{},"forms":{}},"results":{"code":"SUCCESS","msg":[{"type":"HTML","data":"<div class=\"markdown-body\">\n<p>First create a connection to the Oracle database, HR schema that contains the tables</p>\n</div>"}]},"apps":[],"jobName":"paragraph_1585758382064_228757564","id":"20200401-162622_1003433079","dateCreated":"2020-04-01T16:26:22+0000","dateStarted":"2020-04-01T16:26:51+0000","dateFinished":"2020-04-01T16:26:51+0000","status":"FINISHED","progressUpdateIntervalMs":500,"$$hashKey":"object:171363"},{"text":"%pgx\n\njdbcUrl = \"jdbc:oracle:thin:@localhost:1521/orclpdb\" \nuser = \"hr\"\npass = \"welcome1\"\n","user":"oracle","dateUpdated":"2020-04-01T16:32:57+0000","config":{"colWidth":12,"fontSize":9,"enabled":true,"results":{},"editorSetting":{"language":"scala","editOnDblClick":false,"completionKey":"TAB","completionSupport":true},"editorMode":"ace/mode/scala"},"settings":{"params":{},"forms":{}},"results":{"code":"SUCCESS","msg":[{"type":"TEXT","data":"welcome1"}]},"apps":[],"jobName":"paragraph_1585751044646_-1047530473","id":"20200401-142404_1950435080","dateCreated":"2020-04-01T14:24:04+0000","dateStarted":"2020-04-01T16:32:57+0000","dateFinished":"2020-04-01T16:33:04+0000","status":"FINISHED","progressUpdateIntervalMs":500,"$$hashKey":"object:171364"},{"text":"%pgx\n\ndatabase = new oracle.pg.rdbms.Oracle(jdbcUrl, user, pass)\nconn = database.getConnection()","user":"oracle","dateUpdated":"2020-04-01T16:33:09+0000","config":{"colWidth":12,"fontSize":9,"enabled":true,"results":{},"editorSetting":{"language":"scala","editOnDblClick":false,"completionKey":"TAB","completionSupport":true},"editorMode":"ace/mode/scala"},"settings":{"params":{},"forms":{}},"results":{"code":"SUCCESS","msg":[{"type":"TEXT","data":"oracle.jdbc.driver.T4CConnection@a280e62"}]},"apps":[],"jobName":"paragraph_1585751095351_1222739775","id":"20200401-142455_1896073164","dateCreated":"2020-04-01T14:24:55+0000","dateStarted":"2020-04-01T16:33:09+0000","dateFinished":"2020-04-01T16:33:10+0000","status":"FINISHED","progressUpdateIntervalMs":500,"$$hashKey":"object:171365"},{"text":"%pgx\npgql = oracle.pg.rdbms.pgql.PgqlConnection.getConnection(conn)","user":"oracle","dateUpdated":"2020-04-01T16:33:21+0000","config":{"colWidth":12,"fontSize":9,"enabled":true,"results":{},"editorSetting":{"language":"scala","editOnDblClick":false,"completionKey":"TAB","completionSupport":true},"editorMode":"ace/mode/scala"},"settings":{"params":{},"forms":{}},"results":{"code":"SUCCESS","msg":[{"type":"TEXT","data":"oracle.pg.rdbms.pgql.PgqlConnection@2969e03e"}]},"apps":[],"jobName":"paragraph_1585755741087_-2104443632","id":"20200401-154221_1017088003","dateCreated":"2020-04-01T15:42:21+0000","dateStarted":"2020-04-01T16:33:21+0000","dateFinished":"2020-04-01T16:33:21+0000","status":"FINISHED","progressUpdateIntervalMs":500,"$$hashKey":"object:171366"},{"text":"%md\n\nNow we're ready to execute PGQL to create the graph.\nThis code defines how to create VERTEX and EDGE tables from regular database tables and maps different columns to properties.\n","user":"oracle","dateUpdated":"2020-04-01T16:29:01+0000","config":{"colWidth":12,"fontSize":9,"enabled":true,"results":{},"editorSetting":{"language":"markdown","editOnDblClick":true,"completionKey":"TAB","completionSupport":false},"editorMode":"ace/mode/markdown","editorHide":true,"tableHide":false},"settings":{"params":{},"forms":{}},"results":{"code":"SUCCESS","msg":[{"type":"HTML","data":"<div class=\"markdown-body\">\n<p>Now we&rsquo;re ready to execute PGQL to create the graph.<br/>This code defines how to create VERTEX and EDGE tables from regular database tables and maps different columns to properties.</p>\n</div>"}]},"apps":[],"jobName":"paragraph_1585758160843_852821348","id":"20200401-162240_2132152657","dateCreated":"2020-04-01T16:22:40+0000","dateStarted":"2020-04-01T16:29:01+0000","dateFinished":"2020-04-01T16:29:01+0000","status":"FINISHED","progressUpdateIntervalMs":500,"$$hashKey":"object:171367"},{"text":"%pgx\n\ncreatehr2graph = \"CREATE PROPERTY GRAPH hr \\\n VERTEX TABLES ( \\\n   EMPLOYEES PROPERTIES ALL COLUMNS EXCEPT(EMPLOYEE_ID, JOB_ID, MANAGER_ID, DEPARTMENT_ID), \\\n   COUNTRIES PROPERTIES (COUNTRY_NAME), \\\n   REGIONS PROPERTIES (REGION_NAME), \\\n   LOCATIONS PROPERTIES ALL COLUMNS EXCEPT(LOCATION_ID, COUNTRY_ID), \\\n   JOBS PROPERTIES ALL COLUMNS EXCEPT(JOB_ID), \\\n   JOB_HISTORY PROPERTIES (START_DATE, END_DATE), \\\n   DEPARTMENTS PROPERTIES (DEPARTMENT_NAME) \\\n ) \\\n EDGE TABLES ( \\\n  EMPLOYEES \\\n   SOURCE EMPLOYEES \\\n    DESTINATION EMPLOYEES \\\n    LABEL WORKS_FOR, \\\n  WORKS_AS \\\n    SOURCE KEY(EMPLOYEE_ID) REFERENCES EMPLOYEES \\\n    DESTINATION KEY(JOB_ID) REFERENCES JOBS, \\\n  WORKS_AT \\\n    SOURCE KEY(EMPLOYEE_ID) REFERENCES EMPLOYEES \\\n    DESTINATION KEY(DEPARTMENT_ID) REFERENCES DEPARTMENTS, \\\n  JOB_HISTORY \\\n    SOURCE KEY(EMPLOYEE_ID) REFERENCES EMPLOYEES \\\n    DESTINATION DEPARTMENTS \\\n    LABEL WORKED_AT \\\n    PROPERTIES (START_DATE, END_DATE), \\\n  MANAGED_BY \\\n    SOURCE KEY(DEPARTMENT_ID) REFERENCES DEPARTMENTS \\\n    DESTINATION KEY(MANAGER_ID) REFERENCES EMPLOYEES, \\\n  DEPARTMENTS \\\n    SOURCE KEY(DEPARTMENT_ID) REFERENCES DEPARTMENTS \\\n    DESTINATION LOCATIONS \\\n    LABEL LOCATED_IN, \\\n  LOCATIONS \\\n    SOURCE KEY(LOCATION_ID) REFERENCES LOCATIONS \\\n    DESTINATION COUNTRIES \\\n    LABEL PART_OF, \\\n  COUNTRIES \\\n    SOURCE KEY(COUNTRY_ID) REFERENCES COUNTRIES \\\n    DESTINATION REGIONS \\\n    LABEL INCLUDED_IN \\\n )\"","user":"oracle","dateUpdated":"2020-04-01T16:36:46+0000","config":{"colWidth":12,"fontSize":9,"enabled":true,"results":{},"editorSetting":{"language":"scala","editOnDblClick":false,"completionKey":"TAB","completionSupport":true},"editorMode":"ace/mode/scala"},"settings":{"params":{},"forms":{}},"results":{"code":"SUCCESS","msg":[{"type":"TEXT","data":"CREATE PROPERTY GRAPH hr2  VERTEX TABLES (    EMPLOYEES PROPERTIES ALL COLUMNS EXCEPT(EMPLOYEE_ID, JOB_ID, MANAGER_ID, DEPARTMENT_ID),    COUNTRIES PROPERTIES (COUNTRY_NAME),    REGIONS PROPERTIES (REGION_NAME),    LOCATIONS PROPERTIES ALL COLUMNS EXCEPT(LOCATION_ID, COUNTRY_ID),    JOBS PROPERTIES ALL COLUMNS EXCEPT(JOB_ID),    JOB_HISTORY PROPERTIES (START_DATE, END_DATE),    DEPARTMENTS PROPERTIES (DEPARTMENT_NAME)  )  EDGE TABLES (   EMPLOYEES    SOURCE EMPLOYEES     DESTINATION EMPLOYEES     LABEL WORKS_FOR,   WORKS_AS     SOURCE KEY(EMPLOYEE_ID) REFERENCES EMPLOYEES     DESTINATION KEY(JOB_ID) REFERENCES JOBS,   WORKS_AT     SOURCE KEY(EMPLOYEE_ID) REFERENCES EMPLOYEES     DESTINATION KEY(DEPARTMENT_ID) REFERENCES DEPARTMENTS,   JOB_HISTORY     SOURCE KEY(EMPLOYEE_ID) REFERENCES EMPLOYEES     DESTINATION DEPARTMENTS     LABEL WORKED_AT     PROPERTIES (START_DATE, END_DATE),   MANAGED_BY     SOURCE KEY(DEPARTMENT_ID) REFERENCES DEPARTMENTS     DESTINATION KEY(MANAGER_ID) REFERENCES EMPLOYEES,   DEPARTMENTS     SOURCE KEY(DEPARTMENT_ID) REFERENCES DEPARTMENTS     DESTINATION LOCATIONS     LABEL LOCATED_IN,   LOCATIONS     SOURCE KEY(LOCATION_ID) REFERENCES LOCATIONS     DESTINATION COUNTRIES     LABEL PART_OF,   COUNTRIES     SOURCE KEY(COUNTRY_ID) REFERENCES COUNTRIES     DESTINATION REGIONS     LABEL INCLUDED_IN  )"}]},"apps":[],"jobName":"paragraph_1585756475708_1513609145","id":"20200401-155435_1444336346","dateCreated":"2020-04-01T15:54:35+0000","dateStarted":"2020-04-01T16:33:28+0000","dateFinished":"2020-04-01T16:33:28+0000","status":"FINISHED","progressUpdateIntervalMs":500,"$$hashKey":"object:171368"},{"text":"%pgx\n\npgql.prepareStatement(createhr2graph).execute()\n","user":"oracle","dateUpdated":"2020-04-01T16:33:36+0000","config":{"colWidth":12,"fontSize":9,"enabled":true,"results":{},"editorSetting":{"language":"scala","editOnDblClick":false,"completionKey":"TAB","completionSupport":true},"editorMode":"ace/mode/scala"},"settings":{"params":{},"forms":{}},"results":{"code":"SUCCESS","msg":[{"type":"TEXT","data":"false"}]},"apps":[],"jobName":"paragraph_1585756168523_-697644830","id":"20200401-154928_1485955937","dateCreated":"2020-04-01T15:49:28+0000","dateStarted":"2020-04-01T16:33:36+0000","dateFinished":"2020-04-01T16:33:44+0000","status":"FINISHED","progressUpdateIntervalMs":500,"$$hashKey":"object:171369"},{"text":"%md\n\nNow check the database schema, look for five new tables with names starting with the name of the graph.\n\nNow load the graph to the PGX engine to run PGQL queries and analist.\n\nGo now to the notebook: **2. Oracle Database Graph**","user":"oracle","dateUpdated":"2020-04-01T16:35:50+0000","config":{"colWidth":12,"fontSize":9,"enabled":true,"results":{},"editorSetting":{"language":"markdown","editOnDblClick":true,"completionKey":"TAB","completionSupport":false},"editorMode":"ace/mode/markdown","editorHide":true,"tableHide":false},"settings":{"params":{},"forms":{}},"results":{"code":"SUCCESS","msg":[{"type":"HTML","data":"<div class=\"markdown-body\">\n<p>Now check the database schema, look for five new tables with names starting with the name of the graph.</p>\n<p>Now load the graph to the PGX engine to run PGQL queries and analist.</p>\n<p>Go now to the notebook: <strong>2. Oracle Database Graph</strong></p>\n</div>"}]},"apps":[],"jobName":"paragraph_1585758551849_2081205034","id":"20200401-162911_1307938269","dateCreated":"2020-04-01T16:29:11+0000","dateStarted":"2020-04-01T16:35:50+0000","dateFinished":"2020-04-01T16:35:50+0000","status":"FINISHED","progressUpdateIntervalMs":500,"$$hashKey":"object:171370"},{"text":"%md\n\nDrop graph when finished, this is done using PGQL too.\n","user":"oracle","dateUpdated":"2020-04-01T16:30:37+0000","config":{"colWidth":12,"fontSize":9,"enabled":true,"results":{},"editorSetting":{"language":"markdown","editOnDblClick":true,"completionKey":"TAB","completionSupport":false},"editorMode":"ace/mode/markdown","editorHide":true,"tableHide":false},"settings":{"params":{},"forms":{}},"results":{"code":"SUCCESS","msg":[{"type":"HTML","data":"<div class=\"markdown-body\">\n<p>Drop graph when finished, this is done using PGQL too.</p>\n</div>"}]},"apps":[],"jobName":"paragraph_1585758098462_-1261161359","id":"20200401-162138_1376740122","dateCreated":"2020-04-01T16:21:38+0000","dateStarted":"2020-04-01T16:30:37+0000","dateFinished":"2020-04-01T16:30:37+0000","status":"FINISHED","progressUpdateIntervalMs":500,"$$hashKey":"object:171371"},{"text":"%pgx\npgql.prepareStatement(\"DROP PROPERTY GRAPH hr\").execute()","user":"oracle","dateUpdated":"2020-04-01T16:36:42+0000","config":{"colWidth":12,"fontSize":9,"enabled":true,"results":{},"editorSetting":{"language":"scala","editOnDblClick":false,"completionKey":"TAB","completionSupport":true},"editorMode":"ace/mode/scala"},"settings":{"params":{},"forms":{}},"results":{"code":"SUCCESS","msg":[{"type":"TEXT","data":"false"}]},"apps":[],"jobName":"paragraph_1585756187975_1004546677","id":"20200401-154947_1575434567","dateCreated":"2020-04-01T15:49:47+0000","dateStarted":"2020-04-01T16:36:16+0000","dateFinished":"2020-04-01T16:36:18+0000","status":"FINISHED","progressUpdateIntervalMs":500,"$$hashKey":"object:171372"},{"text":"%pgx\n","user":"oracle","dateUpdated":"2020-04-01T15:53:50+0000","config":{"colWidth":12,"fontSize":9,"enabled":true,"results":{},"editorSetting":{"language":"scala","editOnDblClick":false,"completionKey":"TAB","completionSupport":true},"editorMode":"ace/mode/scala"},"settings":{"params":{},"forms":{}},"apps":[],"jobName":"paragraph_1585756430223_-183809657","id":"20200401-155350_605569915","dateCreated":"2020-04-01T15:53:50+0000","status":"READY","progressUpdateIntervalMs":500,"$$hashKey":"object:171373"}],"name":"PGX/1. From Oracle tables to graph","id":"2F51SSBF9","noteParams":{},"noteForms":{},"angularObjects":{"md:shared_process":[],"python:shared_process":[],"sh:shared_process":[],"pgx:shared_process":[],"spark:shared_process":[]},"config":{"isZeppelinNotebookCronEnable":false,"looknfeel":"default","personalizedMode":"false"},"info":{}}