﻿{"paragraphs":[{"text":"%md\n\nLoad a graph from database.\nThis graph is created from HR sample schema.\n\nTypes of nodes:\n\n * EMPLOYEES\n * COUNTRIES\n * REGIONS\n * LOCATIONS\n \nTypes of edges:\n\n * WORKS_FOR\n * WORKS_AS\n * WORKS_AT\n * WORKED_AT\n * MANAGED_BY\n * LOCATED_IN\n * PART_OF\n * INCLUDED_IN\n \n\nThe following picture shows the relationships.\n\n![atl text](http://pgql-lang.org/images/example_graphs/hr_schema.png \"hr schema\")","user":"oracle","dateUpdated":"2020-04-01T16:40:29+0000","config":{"colWidth":12,"fontSize":9,"enabled":true,"results":{},"editorSetting":{"language":"markdown","editOnDblClick":true,"completionKey":"TAB","completionSupport":false},"editorMode":"ace/mode/markdown","editorHide":true,"tableHide":false},"settings":{"params":{},"forms":{}},"results":{"code":"SUCCESS","msg":[{"type":"HTML","data":"<div class=\"markdown-body\">\n<p>Load a graph from database.<br/>This graph is created from HR sample schema.</p>\n<p>Types of nodes:</p>\n<ul>\n  <li>EMPLOYEES</li>\n  <li>COUNTRIES</li>\n  <li>REGIONS</li>\n  <li>LOCATIONS</li>\n</ul>\n<p>Types of edges:</p>\n<ul>\n  <li>WORKS_FOR</li>\n  <li>WORKS_AS</li>\n  <li>WORKS_AT</li>\n  <li>WORKED_AT</li>\n  <li>MANAGED_BY</li>\n  <li>LOCATED_IN</li>\n  <li>PART_OF</li>\n  <li>INCLUDED_IN</li>\n</ul>\n<p>The following picture shows the relationships.</p>\n<p><img src=\"http://pgql-lang.org/images/example_graphs/hr_schema.png\" alt=\"atl text\" title=\"hr schema\" /></p>\n</div>"}]},"apps":[],"jobName":"paragraph_1585069042954_736555109","id":"20200324-165722_1258730145","dateCreated":"2020-03-24T16:57:22+0000","dateStarted":"2020-04-01T16:40:29+0000","dateFinished":"2020-04-01T16:40:29+0000","status":"FINISHED","progressUpdateIntervalMs":500,"focus":true,"$$hashKey":"object:173313"},{"text":"%md\n\nLet's create a graph builder using a database connection.","user":"oracle","dateUpdated":"2020-04-01T16:41:25+0000","config":{"colWidth":12,"fontSize":9,"enabled":true,"results":{},"editorSetting":{"language":"markdown","editOnDblClick":true,"completionKey":"TAB","completionSupport":false},"editorMode":"ace/mode/markdown","editorHide":true,"tableHide":false},"settings":{"params":{},"forms":{}},"results":{"code":"SUCCESS","msg":[{"type":"HTML","data":"<div class=\"markdown-body\">\n<p>Let&rsquo;s create a graph builder using a database connection.</p>\n</div>"}]},"apps":[],"jobName":"paragraph_1585759247003_1282314139","id":"20200401-164047_813775130","dateCreated":"2020-04-01T16:40:47+0000","dateStarted":"2020-04-01T16:41:25+0000","dateFinished":"2020-04-01T16:41:25+0000","status":"FINISHED","progressUpdateIntervalMs":500,"$$hashKey":"object:173314"},{"title":"Database credentials","text":"%pgx\n\njdbcUrl = \"jdbc:oracle:thin:@localhost:1521/orclpdb\" \nuser = \"hr\"\npass = \"welcome1\"\n","user":"oracle","dateUpdated":"2020-05-06T08:29:33+0000","config":{"colWidth":12,"fontSize":9,"enabled":true,"results":{},"editorSetting":{"language":"scala","editOnDblClick":false,"completionKey":"TAB","completionSupport":false},"editorMode":"ace/mode/scala","title":true},"settings":{"params":{},"forms":{}},"results":{"code":"SUCCESS","msg":[{"type":"TEXT","data":"welcome1"}]},"apps":[],"jobName":"paragraph_1585069051493_1353966500","id":"20200324-165731_1791260188","dateCreated":"2020-03-24T16:57:31+0000","dateStarted":"2020-05-06T08:29:12+0000","dateFinished":"2020-05-06T08:29:12+0000","status":"FINISHED","progressUpdateIntervalMs":500,"$$hashKey":"object:173315"},{"title":"Create a property graph builder from rdbms","text":"%pgx\n\nbuilder=GraphConfigBuilder.forPropertyGraphRdbms();","user":"oracle","dateUpdated":"2020-05-06T08:30:02+0000","config":{"colWidth":12,"fontSize":9,"enabled":true,"results":{},"editorSetting":{"language":"scala","editOnDblClick":false,"completionKey":"TAB"},"editorMode":"ace/mode/scala","title":true},"settings":{"params":{},"forms":{}},"results":{"code":"SUCCESS","msg":[{"type":"TEXT","data":"oracle.pgx.config.PgRdbmsGraphConfigBuilder@72bf95b0"}]},"apps":[],"jobName":"paragraph_1585069114405_1495884168","id":"20200324-165834_1556823713","dateCreated":"2020-03-24T16:58:34+0000","dateStarted":"2020-05-06T08:29:19+0000","dateFinished":"2020-05-06T08:29:19+0000","status":"FINISHED","progressUpdateIntervalMs":500,"$$hashKey":"object:173316"},{"text":"%pgx\n\nbuilder.setJdbcUrl(jdbcUrl);","user":"oracle","dateUpdated":"2020-05-06T08:30:08+0000","config":{"colWidth":12,"fontSize":9,"enabled":true,"results":{},"editorSetting":{"language":"scala","editOnDblClick":false,"completionKey":"TAB"},"editorMode":"ace/mode/scala"},"settings":{"params":{},"forms":{}},"results":{"code":"SUCCESS","msg":[{"type":"TEXT","data":"oracle.pgx.config.PgRdbmsGraphConfigBuilder@72bf95b0"}]},"apps":[],"jobName":"paragraph_1585069302113_-163587307","id":"20200324-170142_1864504379","dateCreated":"2020-03-24T17:01:42+0000","dateStarted":"2020-05-06T08:30:08+0000","dateFinished":"2020-05-06T08:30:08+0000","status":"FINISHED","progressUpdateIntervalMs":500,"$$hashKey":"object:173317"},{"text":"%pgx\n\nbuilder.setUsername(user);\nbuilder.setPassword(pass);\nbuilder.setName(\"hr\");\nbuilder.addVertexProperty(\"COUNTRY_NAME\", PropertyType.STRING);\nbuilder.addVertexProperty(\"DEPARTMENT_NAME\", PropertyType.STRING);\nbuilder.addVertexProperty(\"FIRST_NAME\", PropertyType.STRING);\nbuilder.addVertexProperty(\"LAST_NAME\", PropertyType.STRING);\nbuilder.addVertexProperty(\"EMAIL\", PropertyType.STRING);\nbuilder.addVertexProperty(\"PHONE_NUMBER\", PropertyType.STRING);\nbuilder.addVertexProperty(\"SALARY\", PropertyType.DOUBLE);\nbuilder.addVertexProperty(\"MIN_SALARY\", PropertyType.DOUBLE);\nbuilder.addVertexProperty(\"MAX_SALARY\", PropertyType.DOUBLE);\nbuilder.addVertexProperty(\"STREET_ADDRESS\", PropertyType.STRING);\nbuilder.addVertexProperty(\"JOB_TITLE\", PropertyType.STRING);\nbuilder.addVertexProperty(\"POSTAL_CODE\", PropertyType.STRING);\nbuilder.addVertexProperty(\"CITY\", PropertyType.STRING);\nbuilder.addVertexProperty(\"STATE_PROVINCE\", PropertyType.STRING);\nbuilder.addVertexProperty(\"REGION_NAME\", PropertyType.STRING);\nbuilder.setLoadVertexLabels(true);\nbuilder.setLoadEdgeLabel(true);\nbuilder.setKeystoreAlias(\"alias\");\n","user":"oracle","dateUpdated":"2020-05-06T08:30:26+0000","config":{"colWidth":12,"fontSize":9,"enabled":true,"results":{},"editorSetting":{"language":"scala","editOnDblClick":false,"completionKey":"TAB"},"editorMode":"ace/mode/scala","editorHide":false},"settings":{"params":{},"forms":{}},"results":{"code":"SUCCESS","msg":[{"type":"TEXT","data":"oracle.pgx.config.PgRdbmsGraphConfigBuilder@72bf95b0"}]},"apps":[],"jobName":"paragraph_1585760407683_161309839","id":"20200401-170007_2001753867","dateCreated":"2020-04-01T17:00:07+0000","dateStarted":"2020-05-06T08:30:26+0000","dateFinished":"2020-05-06T08:30:26+0000","status":"FINISHED","progressUpdateIntervalMs":500,"$$hashKey":"object:173318"},{"text":"%pgx\ngraphConf = builder.build()","user":"oracle","dateUpdated":"2020-05-06T08:30:34+0000","config":{"colWidth":12,"fontSize":9,"enabled":true,"results":{},"editorSetting":{"language":"scala","editOnDblClick":false,"completionKey":"TAB"},"editorMode":"ace/mode/scala"},"settings":{"params":{},"forms":{}},"results":{"code":"SUCCESS","msg":[{"type":"TEXT","data":"{\"name\":\"hr\",\"db_engine\":\"RDBMS\",\"edge_props\":[],\"password\":\"*******\",\"keystore_alias\":\"alias\",\"error_handling\":{},\"vertex_id_type\":\"long\",\"vertex_props\":[{\"name\":\"COUNTRY_NAME\",\"type\":\"string\",\"dimension\":0},{\"name\":\"DEPARTMENT_NAME\",\"type\":\"string\",\"dimension\":0},{\"name\":\"FIRST_NAME\",\"type\":\"string\",\"dimension\":0},{\"name\":\"LAST_NAME\",\"type\":\"string\",\"dimension\":0},{\"name\":\"EMAIL\",\"type\":\"string\",\"dimension\":0},{\"name\":\"PHONE_NUMBER\",\"type\":\"string\",\"dimension\":0},{\"name\":\"SALARY\",\"type\":\"double\",\"dimension\":0},{\"name\":\"MIN_SALARY\",\"type\":\"double\",\"dimension\":0},{\"name\":\"MAX_SALARY\",\"type\":\"double\",\"dimension\":0},{\"name\":\"STREET_ADDRESS\",\"type\":\"string\",\"dimension\":0},{\"name\":\"JOB_TITLE\",\"type\":\"string\",\"dimension\":0},{\"name\":\"POSTAL_CODE\",\"type\":\"string\",\"dimension\":0},{\"name\":\"CITY\",\"type\":\"string\",\"dimension\":0},{\"name\":\"STATE_PROVINCE\",\"type\":\"string\",\"dimension\":0},{\"name\":\"REGION_NAME\",\"type\":\"string\",\"dimension\":0}],\"jdbc_url\":\"jdbc:oracle:thin:@localhost:1521/orclpdb\",\"loading\":{\"load_vertex_labels\":true,\"load_edge_label\":true},\"username\":\"hr\",\"attributes\":{},\"format\":\"pg\"}"}]},"apps":[],"jobName":"paragraph_1585069619275_-398172131","id":"20200324-170659_170187105","dateCreated":"2020-03-24T17:06:59+0000","dateStarted":"2020-05-06T08:30:34+0000","dateFinished":"2020-05-06T08:30:34+0000","status":"FINISHED","progressUpdateIntervalMs":500,"$$hashKey":"object:173319"},{"text":"%md\n\nNow read the graph from the database to the PGX engine session.\n","user":"oracle","dateUpdated":"2020-04-01T16:42:36+0000","config":{"colWidth":12,"fontSize":9,"enabled":true,"results":{},"editorSetting":{"language":"markdown","editOnDblClick":true,"completionKey":"TAB","completionSupport":false},"editorMode":"ace/mode/markdown","editorHide":true,"tableHide":false},"settings":{"params":{},"forms":{}},"results":{"code":"SUCCESS","msg":[{"type":"HTML","data":"<div class=\"markdown-body\">\n<p>Now read the graph from the database to the PGX engine session.</p>\n</div>"}]},"apps":[],"jobName":"paragraph_1585759313469_-702890579","id":"20200401-164153_2122361764","dateCreated":"2020-04-01T16:41:53+0000","dateStarted":"2020-04-01T16:42:36+0000","dateFinished":"2020-04-01T16:42:36+0000","status":"FINISHED","progressUpdateIntervalMs":500,"$$hashKey":"object:173320"},{"text":"%pgx\ngraph = session.readGraphWithProperties(graphConf)","user":"oracle","dateUpdated":"2020-05-06T08:30:41+0000","config":{"colWidth":12,"fontSize":9,"enabled":true,"results":{},"editorSetting":{"language":"scala","editOnDblClick":false,"completionKey":"TAB"},"editorMode":"ace/mode/scala"},"settings":{"params":{},"forms":{}},"results":{"code":"SUCCESS","msg":[{"type":"TEXT","data":"PgxGraph[name=hr,N=215,E=415,created=1588753846109]"}]},"apps":[],"jobName":"paragraph_1585069670211_1346776542","id":"20200324-170750_798366410","dateCreated":"2020-03-24T17:07:50+0000","dateStarted":"2020-05-06T08:30:41+0000","dateFinished":"2020-05-06T08:30:48+0000","status":"FINISHED","progressUpdateIntervalMs":500,"$$hashKey":"object:173321"},{"text":"%md\n\n## PGQL queries\n\nLoaded graph is named **hr**, 215 vertices (or nodes) and 415 edges.\n\nLets run some PGQL queries using the graph object now in PGX engine.\n","user":"oracle","dateUpdated":"2020-05-06T08:32:07+0000","config":{"colWidth":12,"fontSize":9,"enabled":true,"results":{},"editorSetting":{"language":"markdown","editOnDblClick":true,"completionKey":"TAB","completionSupport":false},"editorMode":"ace/mode/markdown","editorHide":true,"tableHide":false},"settings":{"params":{},"forms":{}},"results":{"code":"SUCCESS","msg":[{"type":"HTML","data":"<div class=\"markdown-body\">\n<h2>PGQL queries</h2>\n<p>Loaded graph is named <strong>hr</strong>, 215 vertices (or nodes) and 415 edges.</p>\n<p>Lets run some PGQL queries using the graph object now in PGX engine.</p>\n</div>"}]},"apps":[],"jobName":"paragraph_1585759361641_-1271138819","id":"20200401-164241_1313525626","dateCreated":"2020-04-01T16:42:41+0000","dateStarted":"2020-05-06T08:32:07+0000","dateFinished":"2020-05-06T08:32:07+0000","status":"FINISHED","progressUpdateIntervalMs":500,"$$hashKey":"object:173322"},{"title":"Count the number of edges","text":"%pgx\ngraph.queryPgql(\"select count(e) from hr match ()-[e]->()\")","user":"oracle","dateUpdated":"2020-05-06T08:32:30+0000","config":{"colWidth":12,"fontSize":9,"enabled":true,"results":{"0":{"graph":{"mode":"table","height":300,"optionOpen":false,"setting":{"table":{"tableGridState":{},"tableColumnTypeState":{"names":{"count(e)":"string"},"updated":false},"tableOptionSpecHash":"[{\"name\":\"useFilter\",\"valueType\":\"boolean\",\"defaultValue\":false,\"widget\":\"checkbox\",\"description\":\"Enable filter for columns\"},{\"name\":\"showPagination\",\"valueType\":\"boolean\",\"defaultValue\":false,\"widget\":\"checkbox\",\"description\":\"Enable pagination for better navigation\"},{\"name\":\"showAggregationFooter\",\"valueType\":\"boolean\",\"defaultValue\":false,\"widget\":\"checkbox\",\"description\":\"Enable a footer for displaying aggregated values\"}]","tableOptionValue":{"useFilter":false,"showPagination":false,"showAggregationFooter":false},"updated":false,"initialized":false}},"commonSetting":{}}}},"editorSetting":{"language":"scala","editOnDblClick":false,"completionKey":"TAB"},"editorMode":"ace/mode/scala","title":true},"settings":{"params":{},"forms":{}},"results":{"code":"SUCCESS","msg":[{"type":"TABLE","data":"count(e)\n415"}]},"apps":[],"jobName":"paragraph_1585069730748_-1274364595","id":"20200324-170850_473900670","dateCreated":"2020-03-24T17:08:50+0000","dateStarted":"2020-05-06T08:32:14+0000","dateFinished":"2020-05-06T08:32:14+0000","status":"FINISHED","progressUpdateIntervalMs":500,"$$hashKey":"object:173323"},{"text":"%pgx\ngraph.queryPgql(\"select c.COUNTRY_NAME, count(*) from hr match ()-[e]->(c:COUNTRIES) group by c.COUNTRY_NAME\")","user":"oracle","dateUpdated":"2020-05-06T08:32:38+0000","config":{"colWidth":12,"fontSize":9,"enabled":true,"results":{"0":{"graph":{"mode":"multiBarChart","height":300,"optionOpen":false,"setting":{"table":{"tableGridState":{},"tableColumnTypeState":{"names":{"c.COUNTRY_NAME":"string","count(*)":"string"},"updated":false},"tableOptionSpecHash":"[{\"name\":\"useFilter\",\"valueType\":\"boolean\",\"defaultValue\":false,\"widget\":\"checkbox\",\"description\":\"Enable filter for columns\"},{\"name\":\"showPagination\",\"valueType\":\"boolean\",\"defaultValue\":false,\"widget\":\"checkbox\",\"description\":\"Enable pagination for better navigation\"},{\"name\":\"showAggregationFooter\",\"valueType\":\"boolean\",\"defaultValue\":false,\"widget\":\"checkbox\",\"description\":\"Enable a footer for displaying aggregated values\"}]","tableOptionValue":{"useFilter":false,"showPagination":false,"showAggregationFooter":false},"updated":false,"initialized":false},"multiBarChart":{"rotate":{"degree":"-45"},"xLabelStatus":"default"}},"commonSetting":{},"keys":[{"name":"c.COUNTRY_NAME","index":0,"aggr":"sum"}],"groups":[],"values":[{"name":"count(*)","index":1,"aggr":"sum"}]},"helium":{}}},"editorSetting":{"language":"scala","editOnDblClick":false,"completionKey":"TAB"},"editorMode":"ace/mode/scala"},"settings":{"params":{},"forms":{}},"results":{"code":"SUCCESS","msg":[{"type":"TABLE","data":"c.COUNTRY_NAME\tcount(*)\nAustralia\t1\nSingapore\t1\nJapan\t2\nUnited States of America\t4\nUnited Kingdom\t3\nSwitzerland\t2\nNetherlands\t1\nIndia\t1\nCanada\t2\nChina\t1\nMexico\t1\nItaly\t2\nBrazil\t1\nGermany\t1"}]},"apps":[],"jobName":"paragraph_1585069897194_-2120753082","id":"20200324-171137_559985195","dateCreated":"2020-03-24T17:11:37+0000","dateStarted":"2020-05-06T08:32:38+0000","dateFinished":"2020-05-06T08:32:38+0000","status":"FINISHED","progressUpdateIntervalMs":500,"$$hashKey":"object:173324"},{"text":"%pgx\ngraph.queryPgql(\"SELECT n.FIRST_NAME,n.LAST_NAME, m.DEPARTMENT_NAME MATCH (n:EMPLOYEES)-[e]->(m:DEPARTMENTS) where m.DEPARTMENT_NAME='Sales'\")","user":"oracle","dateUpdated":"2020-05-06T08:33:07+0000","config":{"colWidth":12,"fontSize":9,"enabled":true,"results":{"0":{"graph":{"mode":"table","height":300,"optionOpen":false,"setting":{"table":{"tableGridState":{},"tableColumnTypeState":{"names":{"n.FIRST_NAME":"string","n.LAST_NAME":"string","m.DEPARTMENT_NAME":"string"},"updated":false},"tableOptionSpecHash":"[{\"name\":\"useFilter\",\"valueType\":\"boolean\",\"defaultValue\":false,\"widget\":\"checkbox\",\"description\":\"Enable filter for columns\"},{\"name\":\"showPagination\",\"valueType\":\"boolean\",\"defaultValue\":false,\"widget\":\"checkbox\",\"description\":\"Enable pagination for better navigation\"},{\"name\":\"showAggregationFooter\",\"valueType\":\"boolean\",\"defaultValue\":false,\"widget\":\"checkbox\",\"description\":\"Enable a footer for displaying aggregated values\"}]","tableOptionValue":{"useFilter":false,"showPagination":false,"showAggregationFooter":false},"updated":false,"initialized":false}},"commonSetting":{}}}},"editorSetting":{"language":"scala","editOnDblClick":false,"completionKey":"TAB"},"editorMode":"ace/mode/scala"},"settings":{"params":{},"forms":{}},"results":{"code":"SUCCESS","msg":[{"type":"TABLE","data":"n.FIRST_NAME\tn.LAST_NAME\tm.DEPARTMENT_NAME\nSundita\tKumar\tSales\nCharles\tJohnson\tSales\nDavid\tLee\tSales\nJohn\tRussell\tSales\nJack\tLivingston\tSales\nOliver\tTuvault\tSales\nPeter\tHall\tSales\nPatrick\tSully\tSales\nMattea\tMarvins\tSales\nJanette\tKing\tSales\nSarath\tSewall\tSales\nAmit\tBanda\tSales\nClara\tVishney\tSales\nLisa\tOzer\tSales\nJonathon\tTaylor\tSales\nJonathon\tTaylor\tSales\nJonathon\tTaylor\tSales\nLouise\tDoran\tSales\nLindsey\tSmith\tSales\nElizabeth\tBates\tSales\nEleni\tZlotkey\tSales\nKaren\tPartners\tSales\nTayler\tFox\tSales\nWilliam\tSmith\tSales\nAllan\tMcEwen\tSales\nSundar\tAnde\tSales\nPeter\tTucker\tSales\nAlberto\tErrazuriz\tSales\nGerald\tCambrault\tSales\nHarrison\tBloom\tSales\nDanielle\tGreene\tSales\nChristopher\tOlsen\tSales\nNanette\tCambrault\tSales\nDavid\tBernstein\tSales\nEllen\tAbel\tSales\nAlyssa\tHutton\tSales"}]},"apps":[],"jobName":"paragraph_1585119214540_1636548502","id":"20200325-065334_2108664846","dateCreated":"2020-03-25T06:53:34+0000","dateStarted":"2020-05-06T08:33:07+0000","dateFinished":"2020-05-06T08:33:07+0000","status":"FINISHED","progressUpdateIntervalMs":500,"$$hashKey":"object:173325"},{"text":"%pgx\n\ngraph.queryPgql( \"SELECT label(n) AS srcLbl, label(e) AS edgeLbl, label(m) AS dstLbl, COUNT(*)     FROM MATCH (n) -[e]-> (m) GROUP BY srcLbl, edgeLbl, dstLbl ORDER BY COUNT(*) DESC\")","user":"oracle","dateUpdated":"2020-05-06T08:33:25+0000","config":{"colWidth":12,"fontSize":9,"enabled":true,"results":{"0":{"graph":{"mode":"table","height":300,"optionOpen":false,"setting":{"table":{"tableGridState":{},"tableColumnTypeState":{"names":{"SRCLBL":"string","EDGELBL":"string","DSTLBL":"string","COUNT(*)":"string"},"updated":false},"tableOptionSpecHash":"[{\"name\":\"useFilter\",\"valueType\":\"boolean\",\"defaultValue\":false,\"widget\":\"checkbox\",\"description\":\"Enable filter for columns\"},{\"name\":\"showPagination\",\"valueType\":\"boolean\",\"defaultValue\":false,\"widget\":\"checkbox\",\"description\":\"Enable pagination for better navigation\"},{\"name\":\"showAggregationFooter\",\"valueType\":\"boolean\",\"defaultValue\":false,\"widget\":\"checkbox\",\"description\":\"Enable a footer for displaying aggregated values\"}]","tableOptionValue":{"useFilter":false,"showPagination":false,"showAggregationFooter":false},"updated":false,"initialized":false}},"commonSetting":{}}}},"editorSetting":{"language":"scala","editOnDblClick":false,"completionKey":"TAB"},"editorMode":"ace/mode/scala"},"settings":{"params":{},"forms":{}},"results":{"code":"SUCCESS","msg":[{"type":"TABLE","data":"SRCLBL\tEDGELBL\tDSTLBL\tCOUNT(*)\nEMPLOYEES\tWORKS_AS\tJOBS\t107\nEMPLOYEES\tWORKS_AT\tDEPARTMENTS\t106\nEMPLOYEES\tWORKS_FOR\tEMPLOYEES\t106\nDEPARTMENTS\tLOCATED_IN\tLOCATIONS\t27\nCOUNTRIES\tINCLUDED_IN\tREGIONS\t25\nLOCATIONS\tPART_OF\tCOUNTRIES\t23\nDEPARTMENTS\tMANAGED_BY\tEMPLOYEES\t11\nEMPLOYEES\tWORKED_AT\tDEPARTMENTS\t10"}]},"apps":[],"jobName":"paragraph_1585752609879_1853098849","id":"20200401-145009_1178736101","dateCreated":"2020-04-01T14:50:09+0000","dateStarted":"2020-05-06T08:33:25+0000","dateFinished":"2020-05-06T08:33:25+0000","status":"FINISHED","progressUpdateIntervalMs":500,"$$hashKey":"object:173326"},{"text":"%md\n\n# Using the analyst\n\nRun some algorithms on the graph.\n\nFor instance let's run pagerank on the graph. It will modify the graph adding a new property on the Vextex with name **pagerank**, so a new PGQL query looking for it will get the answer.\n","user":"oracle","dateUpdated":"2020-05-06T08:34:19+0000","config":{"colWidth":12,"fontSize":9,"enabled":true,"results":{},"editorSetting":{"language":"markdown","editOnDblClick":true,"completionKey":"TAB","completionSupport":false},"editorMode":"ace/mode/markdown","editorHide":true,"tableHide":false},"settings":{"params":{},"forms":{}},"results":{"code":"SUCCESS","msg":[{"type":"HTML","data":"<div class=\"markdown-body\">\n<h1>Using the analyst</h1>\n<p>Run some algorithms on the graph.</p>\n<p>For instance let&rsquo;s run pagerank on the graph. It will modify the graph adding a new property on the Vextex with name <strong>pagerank</strong>, so a new PGQL query looking for it will get the answer.</p>\n</div>"}]},"apps":[],"jobName":"paragraph_1585759441122_131449871","id":"20200401-164401_1139072339","dateCreated":"2020-04-01T16:44:01+0000","dateStarted":"2020-05-06T08:34:19+0000","dateFinished":"2020-05-06T08:34:19+0000","status":"FINISHED","progressUpdateIntervalMs":500,"$$hashKey":"object:173327"},{"text":"%pgx\nanalyst.pagerank(graph)","user":"oracle","dateUpdated":"2020-05-06T08:34:27+0000","config":{"colWidth":12,"fontSize":9,"enabled":true,"results":{},"editorSetting":{"language":"scala","editOnDblClick":false,"completionKey":"TAB"},"editorMode":"ace/mode/scala"},"settings":{"params":{},"forms":{}},"results":{"code":"SUCCESS","msg":[{"type":"TEXT","data":"VertexProperty[name=pagerank,type=double,graph=hr]"}]},"apps":[],"jobName":"paragraph_1585759437287_2095194819","id":"20200401-164357_1327392614","dateCreated":"2020-04-01T16:43:57+0000","dateStarted":"2020-05-06T08:34:27+0000","dateFinished":"2020-05-06T08:34:27+0000","status":"FINISHED","progressUpdateIntervalMs":500,"$$hashKey":"object:173328"},{"text":"%md\n\nNow run the PGQL query.\n","user":"oracle","dateUpdated":"2020-04-01T16:52:46+0000","config":{"colWidth":12,"fontSize":9,"enabled":true,"results":{},"editorSetting":{"language":"markdown","editOnDblClick":true,"completionKey":"TAB","completionSupport":false},"editorMode":"ace/mode/markdown","editorHide":true,"tableHide":false},"settings":{"params":{},"forms":{}},"results":{"code":"SUCCESS","msg":[{"type":"HTML","data":"<div class=\"markdown-body\">\n<p>Now run the PGQL query.</p>\n</div>"}]},"apps":[],"jobName":"paragraph_1585759937003_-2094045037","id":"20200401-165217_1343375907","dateCreated":"2020-04-01T16:52:17+0000","dateStarted":"2020-04-01T16:52:46+0000","dateFinished":"2020-04-01T16:52:46+0000","status":"FINISHED","progressUpdateIntervalMs":500,"$$hashKey":"object:173329"},{"text":"%pgx\n\ngraph.queryPgql(\"select m.FIRST_NAME, m.LAST_NAME, m.pagerank from hr match (m:EMPLOYEES) order by m.pagerank desc limit 10\")\n","user":"oracle","dateUpdated":"2020-05-06T08:34:34+0000","config":{"colWidth":12,"fontSize":9,"enabled":true,"results":{"0":{"graph":{"mode":"table","height":300,"optionOpen":false,"setting":{"table":{"tableGridState":{},"tableColumnTypeState":{"names":{"m.FIRST_NAME":"string","m.LAST_NAME":"string","m.pagerank":"string"},"updated":false},"tableOptionSpecHash":"[{\"name\":\"useFilter\",\"valueType\":\"boolean\",\"defaultValue\":false,\"widget\":\"checkbox\",\"description\":\"Enable filter for columns\"},{\"name\":\"showPagination\",\"valueType\":\"boolean\",\"defaultValue\":false,\"widget\":\"checkbox\",\"description\":\"Enable pagination for better navigation\"},{\"name\":\"showAggregationFooter\",\"valueType\":\"boolean\",\"defaultValue\":false,\"widget\":\"checkbox\",\"description\":\"Enable a footer for displaying aggregated values\"}]","tableOptionValue":{"useFilter":false,"showPagination":false,"showAggregationFooter":false},"updated":false,"initialized":false}},"commonSetting":{}}}},"editorSetting":{"language":"scala","editOnDblClick":false,"completionKey":"TAB","completionSupport":false},"editorMode":"ace/mode/scala"},"settings":{"params":{},"forms":{}},"results":{"code":"SUCCESS","msg":[{"type":"TABLE","data":"m.FIRST_NAME\tm.LAST_NAME\tm.pagerank\nAdam\tFripp\t0.023718979858134308\nJohn\tRussell\t0.01626000759901955\nSteven\tKing\t0.005801599419851984\nNancy\tGreenberg\t0.004814811716786792\nAlexander\tHunold\t0.004265942109111018\nDen\tRaphaely\t0.0038503105210539136\nKevin\tMourgos\t0.002196656460266265\nShanta\tVollman\t0.002196656460266265\nMatthew\tWeiss\t0.002196656460266265\nShelley\tHiggins\t0.00205870268370012"}]},"apps":[],"jobName":"paragraph_1585759969448_268653004","id":"20200401-165249_1602504310","dateCreated":"2020-04-01T16:52:49+0000","dateStarted":"2020-05-06T08:34:34+0000","dateFinished":"2020-05-06T08:34:34+0000","status":"FINISHED","progressUpdateIntervalMs":500,"$$hashKey":"object:173330"},{"text":"%md\n\n# Use GraphViz\n\nLet's publish the graph for vistualization.\nPlay with the different options and try to run some queries, some examples below:\n\n```\nSELECT e MATCH (m:DEPARTMENTS)-[e]->() where m.DEPARTMENT_NAME='Sales'\nSELECT e MATCH (m:DEPARTMENTS)-[e]->(n:LOCATIONS)\nSELECT e MATCH (m:EMPLOYEES)-[e]->(n:JOBS)\n```\n","user":"oracle","dateUpdated":"2020-04-01T16:44:45+0000","config":{"colWidth":12,"fontSize":9,"enabled":true,"results":{},"editorSetting":{"language":"markdown","editOnDblClick":true,"completionKey":"TAB","completionSupport":false},"editorMode":"ace/mode/markdown","editorHide":true,"tableHide":false},"settings":{"params":{},"forms":{}},"results":{"code":"SUCCESS","msg":[{"type":"HTML","data":"<div class=\"markdown-body\">\n<h1>Use GraphViz</h1>\n<p>Let&rsquo;s publish the graph for vistualization.<br/>Play with the different options and try to run some queries, some examples below:</p>\n<pre><code>SELECT e MATCH (m:DEPARTMENTS)-[e]-&gt;() where m.DEPARTMENT_NAME=&#39;Sales&#39;\nSELECT e MATCH (m:DEPARTMENTS)-[e]-&gt;(n:LOCATIONS)\nSELECT e MATCH (m:EMPLOYEES)-[e]-&gt;(n:JOBS)\n</code></pre>\n</div>"}]},"apps":[],"jobName":"paragraph_1585119854461_-930358653","id":"20200325-070414_961124759","dateCreated":"2020-03-25T07:04:14+0000","dateStarted":"2020-03-25T07:24:51+0000","dateFinished":"2020-03-25T07:24:51+0000","status":"FINISHED","progressUpdateIntervalMs":500,"$$hashKey":"object:173331"},{"text":"%pgx\ngraph.publish(VertexProperty.ALL, EdgeProperty.ALL)","user":"oracle","dateUpdated":"2020-05-06T08:34:51+0000","config":{"colWidth":12,"fontSize":9,"enabled":true,"results":{},"editorSetting":{"language":"scala","editOnDblClick":false,"completionKey":"TAB"},"editorMode":"ace/mode/scala"},"settings":{"params":{},"forms":{}},"results":{"code":"SUCCESS","msg":[{"type":"TEXT","data":"(no output)"}]},"apps":[],"jobName":"paragraph_1585118370072_462003113","id":"20200325-063930_672648622","dateCreated":"2020-03-25T06:39:30+0000","dateStarted":"2020-05-06T08:34:51+0000","dateFinished":"2020-05-06T08:34:51+0000","status":"FINISHED","progressUpdateIntervalMs":500,"$$hashKey":"object:173332"},{"text":"%md\n\n# Store the graph in disk\n\nLet's store now the graph to disk, so that it can be loaded later.\n\nLet's store it to a file in pgb format.\n\nAs Zeppelin is connecting in client/server mode to the PGX, for security storing files to the server's filesystems is not allowed by default.\nFor this workshop, the following configuration was added to the server config /etc/oracle/graph/pgx.conf:\n\n```\n   \"allow_local_filesystem\": true,\n   \"datasource_dir_whitelist\" : [ \"/home/oracle\", \"/tmp\" ],\n```\n","user":"oracle","dateUpdated":"2020-05-06T08:38:10+0000","config":{"colWidth":12,"fontSize":9,"enabled":true,"results":{},"editorSetting":{"language":"markdown","editOnDblClick":true,"completionKey":"TAB","completionSupport":false},"editorMode":"ace/mode/markdown","editorHide":true,"tableHide":false},"settings":{"params":{},"forms":{}},"results":{"code":"SUCCESS","msg":[{"type":"HTML","data":"<div class=\"markdown-body\">\n<h1>Store the graph in disk</h1>\n<p>Let&rsquo;s store now the graph to disk, so that it can be loaded later.</p>\n<p>Let&rsquo;s store it to a file in pgb format.</p>\n<p>As Zeppelin is connecting in client/server mode to the PGX, for security storing files to the server&rsquo;s filesystems is not allowed by default.<br/>For this workshop, the following configuration was added to the server config /etc/oracle/graph/pgx.conf:</p>\n<pre><code>   &quot;allow_local_filesystem&quot;: true,\n   &quot;datasource_dir_whitelist&quot; : [ &quot;/home/oracle&quot;, &quot;/tmp&quot; ],\n</code></pre>\n</div>"}]},"apps":[],"jobName":"paragraph_1585760073320_-785046893","id":"20200401-165433_539981368","dateCreated":"2020-04-01T16:54:33+0000","dateStarted":"2020-05-06T08:38:10+0000","dateFinished":"2020-05-06T08:38:10+0000","status":"FINISHED","progressUpdateIntervalMs":500,"$$hashKey":"object:173333"},{"text":"%pgx\n\n\ngraphConfig = graph.store(Format.PGB, \"/tmp/hr.pgb\",true);\nconfigFile = new File(\"/tmp/hr.pgb.json\");\njson = graphConfig.toString(); // returns a JSON representation of the config object\nFileUtils.write(configFile, json);\n","user":"oracle","dateUpdated":"2020-05-06T08:35:54+0000","config":{"colWidth":12,"fontSize":9,"enabled":true,"results":{},"editorSetting":{"language":"scala","editOnDblClick":false,"completionKey":"TAB","completionSupport":false},"editorMode":"ace/mode/scala"},"settings":{"params":{},"forms":{}},"results":{"code":"SUCCESS","msg":[{"type":"TEXT","data":"(no output)"}]},"apps":[],"jobName":"paragraph_1585760171321_2085214192","id":"20200401-165611_800304591","dateCreated":"2020-04-01T16:56:11+0000","dateStarted":"2020-05-06T08:35:54+0000","dateFinished":"2020-05-06T08:35:55+0000","status":"FINISHED","progressUpdateIntervalMs":500,"$$hashKey":"object:173334"},{"text":"%md\n\nCheck the files were created:\n\n```\n[oracle@omlws ~]$ ls /tmp/hr.pgb*\n/tmp/hr.pgb  /tmp/hr.pgb.json\n```\n","user":"oracle","dateUpdated":"2020-05-06T08:39:25+0000","config":{"colWidth":12,"fontSize":9,"enabled":true,"results":{},"editorSetting":{"language":"markdown","editOnDblClick":true,"completionKey":"TAB","completionSupport":false},"editorMode":"ace/mode/markdown","editorHide":true,"tableHide":false},"settings":{"params":{},"forms":{}},"results":{"code":"SUCCESS","msg":[{"type":"HTML","data":"<div class=\"markdown-body\">\n<p>Check the files were created:</p>\n<pre><code>[oracle@omlws ~]$ ls /tmp/hr.pgb*\n/tmp/hr.pgb  /tmp/hr.pgb.json\n</code></pre>\n</div>"}]},"apps":[],"jobName":"paragraph_1588754298858_1906788343","id":"20200506-083818_1202613345","dateCreated":"2020-05-06T08:38:18+0000","dateStarted":"2020-05-06T08:39:25+0000","dateFinished":"2020-05-06T08:39:25+0000","status":"FINISHED","progressUpdateIntervalMs":500,"$$hashKey":"object:173335"},{"text":"%md\n\n# Remove the graph from PGX\n\n\nWhen finished, remove the graph from the PGX engine memory.","user":"oracle","dateUpdated":"2020-04-01T16:56:05+0000","config":{"colWidth":12,"fontSize":9,"enabled":true,"results":{},"editorSetting":{"language":"markdown","editOnDblClick":true,"completionKey":"TAB","completionSupport":false},"editorMode":"ace/mode/markdown","editorHide":true,"tableHide":false},"settings":{"params":{},"forms":{}},"results":{"code":"SUCCESS","msg":[{"type":"HTML","data":"<div class=\"markdown-body\">\n<h1>Remove the graph from PGX</h1>\n<p>When finished, remove the graph from the PGX engine memory.</p>\n</div>"}]},"apps":[],"jobName":"paragraph_1585760125273_372588318","id":"20200401-165525_1152067046","dateCreated":"2020-04-01T16:55:25+0000","dateStarted":"2020-04-01T16:56:05+0000","dateFinished":"2020-04-01T16:56:05+0000","status":"FINISHED","progressUpdateIntervalMs":500,"$$hashKey":"object:173336"},{"text":"%pgx\ngraph.destroy()","user":"oracle","dateUpdated":"2020-05-06T08:39:32+0000","config":{"colWidth":12,"fontSize":9,"enabled":true,"results":{},"editorSetting":{"language":"scala","editOnDblClick":false,"completionKey":"TAB"},"editorMode":"ace/mode/scala"},"settings":{"params":{},"forms":{}},"results":{"code":"SUCCESS","msg":[{"type":"TEXT","data":"(no output)"}]},"apps":[],"jobName":"paragraph_1585118461069_767445287","id":"20200325-064101_387846317","dateCreated":"2020-03-25T06:41:01+0000","dateStarted":"2020-05-06T08:39:32+0000","dateFinished":"2020-05-06T08:39:32+0000","status":"FINISHED","progressUpdateIntervalMs":500,"$$hashKey":"object:173337"},{"text":"%pgx\n","user":"oracle","dateUpdated":"2020-03-25T07:16:27+0000","config":{"colWidth":12,"fontSize":9,"enabled":true,"results":{},"editorSetting":{"language":"scala","editOnDblClick":false,"completionKey":"TAB"},"editorMode":"ace/mode/scala"},"settings":{"params":{},"forms":{}},"apps":[],"jobName":"paragraph_1585120587269_699059949","id":"20200325-071627_476086769","dateCreated":"2020-03-25T07:16:27+0000","status":"READY","progressUpdateIntervalMs":500,"$$hashKey":"object:173338"}],"name":"PGX/2. Oracle Database Graph","id":"2F56FJ8F1","noteParams":{},"noteForms":{},"angularObjects":{"md:shared_process":[],"python:shared_process":[],"sh:shared_process":[],"pgx:shared_process":[],"spark:shared_process":[]},"config":{"isZeppelinNotebookCronEnable":false,"looknfeel":"default","personalizedMode":"false"},"info":{}}