﻿{"paragraphs":[{"text":"%md\n\n## Your first hand-made property graph\n\nCreate a property graph from scratch.\nInpired from https://docs.oracle.com/cd/E56133_01/latest/getting-started/quickstart.html#create-a-graph-from-scratch","user":"oracle","dateUpdated":"2020-05-06T11:20:51+0000","config":{"colWidth":12,"fontSize":9,"enabled":true,"results":{},"editorSetting":{"language":"markdown","editOnDblClick":true,"completionKey":"TAB","completionSupport":false},"editorMode":"ace/mode/markdown","editorHide":true,"tableHide":false},"settings":{"params":{},"forms":{}},"results":{"code":"SUCCESS","msg":[{"type":"HTML","data":"<div class=\"markdown-body\">\n<h2>Your first hand-made property graph</h2>\n<p>Create a property graph from scratch.<br/>Inpired from <a href=\"https://docs.oracle.com/cd/E56133_01/latest/getting-started/quickstart.html#create-a-graph-from-scratch\">https://docs.oracle.com/cd/E56133_01/latest/getting-started/quickstart.html#create-a-graph-from-scratch</a></p>\n</div>"}]},"apps":[],"jobName":"paragraph_1584983543536_-1642285811","id":"20200323-171223_415239440","dateCreated":"2020-03-23T17:12:23+0000","dateStarted":"2020-05-06T11:20:51+0000","dateFinished":"2020-05-06T11:20:51+0000","status":"FINISHED","progressUpdateIntervalMs":500,"focus":true,"$$hashKey":"object:164233"},{"title":"Create a property graph builder ","text":"%pgx\n\nbuilder = session.createGraphBuilder(IdGenerationStrategy.USER_IDS, IdGenerationStrategy.USER_IDS)","user":"oracle","dateUpdated":"2020-05-06T11:23:35+0000","config":{"colWidth":12,"fontSize":9,"enabled":true,"results":{},"editorSetting":{"language":"scala","editOnDblClick":false,"completionKey":"TAB"},"editorMode":"ace/mode/scala","title":true},"settings":{"params":{},"forms":{}},"results":{"code":"SUCCESS","msg":[{"type":"TEXT","data":"GraphBuilderImpl[session=1322e62f-fbd2-4883-a9fb-9c03a912401d,vertexChanges=0,edgeChanges=0]"}]},"apps":[],"jobName":"paragraph_1584699392836_-560874797","id":"20200320-101632_310704965","dateCreated":"2020-03-20T10:16:32+0000","dateStarted":"2020-05-06T11:23:35+0000","dateFinished":"2020-05-06T11:23:35+0000","status":"FINISHED","progressUpdateIntervalMs":500,"$$hashKey":"object:164234"},{"text":"%md\n\nAdd some vertices to the graph, give them a name, a label and some properties.\n","user":"oracle","dateUpdated":"2020-03-24T09:21:10+0000","config":{"colWidth":12,"fontSize":9,"enabled":true,"results":{},"editorSetting":{"language":"markdown","editOnDblClick":true,"completionKey":"TAB","completionSupport":false},"editorMode":"ace/mode/markdown","editorHide":true,"tableHide":false},"settings":{"params":{},"forms":{}},"results":{"code":"SUCCESS","msg":[{"type":"HTML","data":"<div class=\"markdown-body\">\n<p>Add some vertices to the graph, give them a name, a label and some properties.</p>\n</div>"}]},"apps":[],"jobName":"paragraph_1584983571392_284363215","id":"20200323-171251_668536206","dateCreated":"2020-03-23T17:12:51+0000","dateStarted":"2020-03-24T09:21:10+0000","dateFinished":"2020-03-24T09:21:10+0000","status":"FINISHED","progressUpdateIntervalMs":500,"$$hashKey":"object:164235"},{"text":"%pgx\n\nbuilder.addVertex(1).setProperty(\"Name\", \"Anna\" ).setProperty(\"Height\", 3.1).addLabel(\"Person\")\nbuilder.addVertex(2).setProperty(\"Name\", \"Maria\").setProperty(\"Height\", 5.5).addLabel(\"Person\")\nbuilder.addVertex(3).setProperty(\"Name\", \"John\" ).setProperty(\"Height\", 8.4).addLabel(\"Person\")\nbuilder.addVertex(4).setProperty(\"Name\", \"Peter\").setProperty(\"Height\", 2.1).addLabel(\"Person\")\nbuilder.addVertex(5).setProperty(\"Name\", \"Larry\").setProperty(\"Height\", 6.5).addLabel(\"Person\")\nbuilder.addVertex(10).setProperty(\"Name\", \"Prague\").addLabel(\"City\")\nbuilder.addVertex(11).setProperty(\"Name\", \"Zurich\").addLabel(\"City\")","user":"oracle","dateUpdated":"2020-05-06T11:24:37+0000","config":{"colWidth":12,"fontSize":9,"enabled":true,"results":{},"editorSetting":{"language":"scala","editOnDblClick":false,"completionKey":"TAB"},"editorMode":"ace/mode/scala"},"settings":{"params":{},"forms":{}},"results":{"code":"SUCCESS","msg":[{"type":"TEXT","data":"VertexBuilderImpl[session=1322e62f-fbd2-4883-a9fb-9c03a912401d,vertexChanges=7,edgeChanges=0]"}]},"apps":[],"jobName":"paragraph_1584983117869_2072250571","id":"20200323-170517_902315006","dateCreated":"2020-03-23T17:05:17+0000","dateStarted":"2020-05-06T11:24:37+0000","dateFinished":"2020-05-06T11:24:37+0000","status":"FINISHED","progressUpdateIntervalMs":500,"$$hashKey":"object:164236"},{"text":"%md\n\nAdd some edges to connect the vertices.\nEdges also have properties and one label.","user":"oracle","dateUpdated":"2020-03-24T09:21:19+0000","config":{"colWidth":12,"fontSize":9,"enabled":true,"results":{},"editorSetting":{"language":"markdown","editOnDblClick":true,"completionKey":"TAB","completionSupport":false},"editorMode":"ace/mode/markdown","editorHide":true,"tableHide":false},"settings":{"params":{},"forms":{}},"results":{"code":"SUCCESS","msg":[{"type":"HTML","data":"<div class=\"markdown-body\">\n<p>Add some edges to connect the vertices.<br/>Edges also have properties and one label.</p>\n</div>"}]},"apps":[],"jobName":"paragraph_1584983621207_-2144226480","id":"20200323-171341_86932983","dateCreated":"2020-03-23T17:13:41+0000","dateStarted":"2020-03-24T09:21:19+0000","dateFinished":"2020-03-24T09:21:19+0000","status":"FINISHED","progressUpdateIntervalMs":500,"$$hashKey":"object:164237"},{"text":"%pgx\n\nbuilder.addEdge(101, 1, 2).setProperty(\"Strength\", \"friends\").setLabel(\"Relationship\")\nbuilder.addEdge(102, 2, 3).setProperty(\"Strength\", \"friends\").setLabel(\"Relationship\")\nbuilder.addEdge(103, 1, 4).setProperty(\"Strength\", \"classmates\").setLabel(\"Relationship\")\nbuilder.addEdge(104, 1, 5).setProperty(\"Strength\", \"classmates\").setLabel(\"Relationship\")\nbuilder.addEdge(110, 1, 10).setProperty(\"Strength\", \"\").setLabel(\"LivesIn\")\nbuilder.addEdge(111, 2, 10).setProperty(\"Strength\", \"\").setLabel(\"LivesIn\")\nbuilder.addEdge(112, 3, 11).setProperty(\"Strength\", \"\").setLabel(\"LivesIn\")\nbuilder.addEdge(113, 4, 11).setProperty(\"Strength\", \"\").setLabel(\"LivesIn\")\nbuilder.addEdge(114, 5, 11).setProperty(\"Strength\", \"\").setLabel(\"LivesIn\")","user":"oracle","dateUpdated":"2020-05-06T11:25:41+0000","config":{"colWidth":12,"fontSize":9,"enabled":true,"results":{},"editorSetting":{"language":"scala","editOnDblClick":false,"completionKey":"TAB"},"editorMode":"ace/mode/scala"},"settings":{"params":{},"forms":{}},"results":{"code":"SUCCESS","msg":[{"type":"TEXT","data":"EdgeBuilderImpl[session=1322e62f-fbd2-4883-a9fb-9c03a912401d,vertexChanges=7,edgeChanges=9]"}]},"apps":[],"jobName":"paragraph_1584983452794_1066825942","id":"20200323-171052_850733428","dateCreated":"2020-03-23T17:10:52+0000","dateStarted":"2020-05-06T11:25:41+0000","dateFinished":"2020-05-06T11:25:41+0000","status":"FINISHED","progressUpdateIntervalMs":500,"$$hashKey":"object:164238"},{"text":"%md\n\nFinally build the property graph and give it a name.\n","user":"oracle","dateUpdated":"2020-03-24T09:21:30+0000","config":{"colWidth":12,"fontSize":9,"enabled":true,"results":{},"editorSetting":{"language":"markdown","editOnDblClick":true,"completionKey":"TAB","completionSupport":false},"editorMode":"ace/mode/markdown","editorHide":true,"tableHide":false},"settings":{"params":{},"forms":{}},"results":{"code":"SUCCESS","msg":[{"type":"HTML","data":"<div class=\"markdown-body\">\n<p>Finally build the property graph and give it a name.</p>\n</div>"}]},"apps":[],"jobName":"paragraph_1584983664879_-696929380","id":"20200323-171424_1443073515","dateCreated":"2020-03-23T17:14:24+0000","dateStarted":"2020-03-24T09:21:30+0000","dateFinished":"2020-03-24T09:21:30+0000","status":"FINISHED","progressUpdateIntervalMs":500,"$$hashKey":"object:164239"},{"text":"%pgx\n\ncreatedGraph = builder.build(\"HandMadePropertyGraph\")","user":"oracle","dateUpdated":"2020-05-06T11:25:55+0000","config":{"colWidth":12,"fontSize":9,"enabled":true,"results":{},"editorSetting":{"language":"scala","editOnDblClick":false,"completionKey":"TAB"},"editorMode":"ace/mode/scala"},"settings":{"params":{},"forms":{}},"results":{"code":"SUCCESS","msg":[{"type":"TEXT","data":"PgxGraph[name=HandMadePropertyGraph,N=7,E=9,created=1588764355396]"}]},"apps":[],"jobName":"paragraph_1584983479839_737333675","id":"20200323-171119_2036289465","dateCreated":"2020-03-23T17:11:19+0000","dateStarted":"2020-05-06T11:25:55+0000","dateFinished":"2020-05-06T11:25:55+0000","status":"FINISHED","progressUpdateIntervalMs":500,"$$hashKey":"object:164240"},{"text":"%md\n\nThis is our first, very simple and hand-make property graph.\nLet's draw it so that we can see it.","user":"oracle","dateUpdated":"2020-05-05T17:28:54+0000","config":{"colWidth":12,"fontSize":9,"enabled":true,"results":{},"editorSetting":{"language":"markdown","editOnDblClick":true,"completionKey":"TAB","completionSupport":false},"editorMode":"ace/mode/markdown","editorHide":true,"tableHide":false},"settings":{"params":{},"forms":{}},"results":{"code":"SUCCESS","msg":[{"type":"HTML","data":"<div class=\"markdown-body\">\n<p>This is our first, very simple and hand-make property graph.<br/>Let&rsquo;s draw it so that we can see it.</p>\n</div>"}]},"apps":[],"jobName":"paragraph_1588699674272_-638593249","id":"20200505-172754_1202982764","dateCreated":"2020-05-05T17:27:54+0000","dateStarted":"2020-05-05T17:28:54+0000","dateFinished":"2020-05-05T17:28:54+0000","status":"FINISHED","progressUpdateIntervalMs":500,"$$hashKey":"object:164241"},{"title":"Helper function to render a simpe property graph","text":"%pgx\n\ncallGraphViz = { writerConsumer, postProcess = {it} ->\n    \n   def render = ${doRender=true,true|false}\n   \n   def proc = null\n   def writer = null\n   def array = null\n   \n   if(render) {\n     def procBuilder = [\"${renderer=circo,neato|dot|twopi|circo}\", \"-Tsvg\", \"-Gdpi=${dpi=20}\"]\n     proc = procBuilder.execute()\n     writer = proc.getOutputStream().newWriter()\n   } else {\n     array = new ByteArrayOutputStream()\n     writer = new PrintWriter(array)\n   }\n   \n   writerConsumer(writer)\n\n    writer.close()\n    \n    if(render) {\n        def text = proc.getText()\n        text = postProcess(text)\n        return text\n    } else {\n        return array.toString()\n    }\n}\n \n graphVizify = { graph, scale = null -> \n \n   def directed = graph.directed\n \n    text = callGraphViz ({ writer ->   \n\n       if(directed) {\n           writer.append(\"di\")\n       }\n       writer.append(\"graph G {\\n\")\n       writer.append(\"mindist=${mindist=2.0};\\n\")\n       \n       \n       edgeProps = graph.edgeProperties\n       \n       graph.edges.collect { e ->\n           dest = e.destination\n           src = e.source\n           srcVid = src.id\n           dstVid = dest.id\n           eId = e.id\n           \n           label = e.label\n           \n           props = edgeProps.collect { prop -> \n             name = prop.name\n             value = prop.get(e)\n             \"$name: $value\"\n           }.join(\"\\\\n\")\n           \n           if(directed){\n                writer.append(\"\\t$srcVid -> $dstVid\")\n           } else {\n                writer.append(\"\\t$srcVid -- $dstVid\")\n    \n           }\n           writer.append(\" [ label=  \\\"label: $label\\\\n$props\\\" , fontsize=${fontsize=10}];\\n\")\n         }\n       \n       \n       writer.append(\"}\")\n\n    }, { text -> \n        text = text.replaceFirst(\"width.* height=...pt.\",\"width=\\\"100%\\\" height=\\\"100%\\\"\");\n        if(scale == null) {\n            text = text.replaceFirst(\"viewBox=\\\".*\\\"\",\"viewBox=\\\"0.00 0.00 262.00 80.00\\\"\")\n        } else {\n            \n            def ratio = scale / 0.277778\n            def size = 80 * ratio\n            \n            text = text.replaceFirst(\"viewBox=\\\".*\\\"\",\"viewBox=\\\"0.00 0.00 262.00 $size\\\"\")\n            text = text.replaceFirst(\"scale\\\\(0\\\\.277778 0\\\\.277778\\\\)\", \"scale($scale $scale)\")\n        }\n        \n    })\n\n   \"\"\n   \"%html\\n<div style=\\\"width:1000; height:1000;\\\"$text\\n\"\n}\n","user":"oracle","dateUpdated":"2020-05-06T11:26:29+0000","config":{"colWidth":5,"fontSize":9,"enabled":true,"results":{},"editorSetting":{"language":"scala","editOnDblClick":false,"completionKey":"TAB"},"editorMode":"ace/mode/scala","runOnSelectionChange":true,"editorHide":true,"title":true},"settings":{"params":{"doRender":"true","renderer":"twopi","dpi":"20","mindist":"2.0","fontsize":"8"},"forms":{"doRender":{"type":"Select","options":[{"value":"true","$$hashKey":"object:164773"},{"value":"false","$$hashKey":"object:164774"}],"name":"doRender","defaultValue":"true","hidden":false,"$$hashKey":"object:164748"},"renderer":{"type":"Select","options":[{"value":"neato","$$hashKey":"object:164781"},{"value":"dot","$$hashKey":"object:164782"},{"value":"twopi","$$hashKey":"object:164783"},{"value":"circo","$$hashKey":"object:164784"}],"name":"renderer","defaultValue":"circo","hidden":false,"$$hashKey":"object:164749"},"dpi":{"type":"TextBox","name":"dpi","defaultValue":"20","hidden":false,"$$hashKey":"object:164750"},"mindist":{"type":"TextBox","name":"mindist","defaultValue":"2.0","hidden":false,"$$hashKey":"object:164751"},"fontsize":{"type":"TextBox","name":"fontsize","defaultValue":"10","hidden":false,"$$hashKey":"object:164752"}}},"results":{"code":"SUCCESS","msg":[{"type":"TEXT","data":"groovysh_evaluate$_run_closure1@5392465b"}]},"apps":[],"jobName":"paragraph_1588699381960_89902213","id":"20200505-172301_2026926665","dateCreated":"2020-05-05T17:23:01+0000","dateStarted":"2020-05-06T11:26:23+0000","dateFinished":"2020-05-06T11:26:23+0000","status":"FINISHED","progressUpdateIntervalMs":500,"$$hashKey":"object:164242"},{"title":"Draw our first graph","text":"%pgx\ngraphVizify(createdGraph, 0.9)","user":"oracle","dateUpdated":"2020-05-06T11:26:33+0000","config":{"colWidth":7,"fontSize":9,"enabled":true,"results":{},"editorSetting":{"language":"scala","editOnDblClick":false,"completionKey":"TAB"},"editorMode":"ace/mode/scala","title":true},"settings":{"params":{},"forms":{}},"results":{"code":"SUCCESS","msg":[{"type":"HTML","data":"<div style=\"width:1000; height:1000;\"<?xml version=\"1.0\" encoding=\"UTF-8\" standalone=\"no\"?>\n<!DOCTYPE svg PUBLIC \"-//W3C//DTD SVG 1.1//EN\"\n \"http://www.w3.org/Graphics/SVG/1.1/DTD/svg11.dtd\">\n<!-- Generated by graphviz version 2.30.1 (20180223.0356)\n -->\n<!-- Title: G Pages: 1 -->\n<svg width=\"100%\" height=\"100%\"\n viewBox=\"0.00 0.00 262.00 259.1997926400\">\n<g id=\"graph0\" class=\"graph\" transform=\"scale(0.9 0.9) rotate(0) translate(4 192.735)\">\n<title>G</title>\n<polygon fill=\"white\" stroke=\"white\" points=\"-4,5 -4,-192.735 267.579,-192.735 267.579,5 -4,5\"/>\n<!-- 1 -->\n<g id=\"node1\" class=\"node\"><title>1</title>\n<ellipse fill=\"none\" stroke=\"black\" cx=\"133.756\" cy=\"-68.9117\" rx=\"27\" ry=\"18\"/>\n<text text-anchor=\"middle\" x=\"133.756\" y=\"-65.2117\" font-family=\"Times,serif\" font-size=\"14.00\">1</text>\n</g>\n<!-- 2 -->\n<g id=\"node2\" class=\"node\"><title>2</title>\n<ellipse fill=\"none\" stroke=\"black\" cx=\"184.668\" cy=\"-119.823\" rx=\"27\" ry=\"18\"/>\n<text text-anchor=\"middle\" x=\"184.668\" y=\"-116.123\" font-family=\"Times,serif\" font-size=\"14.00\">2</text>\n</g>\n<!-- 1&#45;&gt;2 -->\n<g id=\"edge1\" class=\"edge\"><title>1&#45;&gt;2</title>\n<path fill=\"none\" stroke=\"black\" d=\"M148.756,-83.9115C153.067,-88.2232 157.864,-93.0194 162.511,-97.6663\"/>\n<polygon fill=\"black\" stroke=\"black\" points=\"160.053,-100.159 169.599,-104.755 165.003,-95.2089 160.053,-100.159\"/>\n<text text-anchor=\"middle\" x=\"196.633\" y=\"-84.3889\" font-family=\"Times,serif\" font-size=\"8.00\">label: Relationship</text>\n<text text-anchor=\"middle\" x=\"196.633\" y=\"-75.3889\" font-family=\"Times,serif\" font-size=\"8.00\">Strength: friends</text>\n</g>\n<!-- 4 -->\n<g id=\"node3\" class=\"node\"><title>4</title>\n<ellipse fill=\"none\" stroke=\"black\" cx=\"82.8443\" cy=\"-119.823\" rx=\"27\" ry=\"18\"/>\n<text text-anchor=\"middle\" x=\"82.8443\" y=\"-116.123\" font-family=\"Times,serif\" font-size=\"14.00\">4</text>\n</g>\n<!-- 1&#45;&gt;4 -->\n<g id=\"edge2\" class=\"edge\"><title>1&#45;&gt;4</title>\n<path fill=\"none\" stroke=\"black\" d=\"M118.756,-83.9115C114.444,-88.2232 109.648,-93.0194 105.001,-97.6663\"/>\n<polygon fill=\"black\" stroke=\"black\" points=\"102.509,-95.2089 97.9128,-104.755 107.459,-100.159 102.509,-95.2089\"/>\n<text text-anchor=\"middle\" x=\"66.3787\" y=\"-84.3889\" font-family=\"Times,serif\" font-size=\"8.00\">label: Relationship</text>\n<text text-anchor=\"middle\" x=\"66.3787\" y=\"-75.3889\" font-family=\"Times,serif\" font-size=\"8.00\">Strength: classmates</text>\n</g>\n<!-- 5 -->\n<g id=\"node4\" class=\"node\"><title>5</title>\n<ellipse fill=\"none\" stroke=\"black\" cx=\"82.8443\" cy=\"-18\" rx=\"27\" ry=\"18\"/>\n<text text-anchor=\"middle\" x=\"82.8443\" y=\"-14.3\" font-family=\"Times,serif\" font-size=\"14.00\">5</text>\n</g>\n<!-- 1&#45;&gt;5 -->\n<g id=\"edge3\" class=\"edge\"><title>1&#45;&gt;5</title>\n<path fill=\"none\" stroke=\"black\" d=\"M118.756,-53.9119C114.444,-49.6001 109.648,-44.804 105.001,-40.1571\"/>\n<polygon fill=\"black\" stroke=\"black\" points=\"107.459,-37.6648 97.9128,-33.0685 102.509,-42.6145 107.459,-37.6648\"/>\n<text text-anchor=\"middle\" x=\"66.3787\" y=\"-58.6345\" font-family=\"Times,serif\" font-size=\"8.00\">label: Relationship</text>\n<text text-anchor=\"middle\" x=\"66.3787\" y=\"-49.6345\" font-family=\"Times,serif\" font-size=\"8.00\">Strength: classmates</text>\n</g>\n<!-- 10 -->\n<g id=\"node5\" class=\"node\"><title>10</title>\n<ellipse fill=\"none\" stroke=\"black\" cx=\"184.668\" cy=\"-18\" rx=\"27\" ry=\"18\"/>\n<text text-anchor=\"middle\" x=\"184.668\" y=\"-14.3\" font-family=\"Times,serif\" font-size=\"14.00\">10</text>\n</g>\n<!-- 1&#45;&gt;10 -->\n<g id=\"edge4\" class=\"edge\"><title>1&#45;&gt;10</title>\n<path fill=\"none\" stroke=\"black\" d=\"M148.756,-53.9119C153.067,-49.6001 157.864,-44.804 162.511,-40.1571\"/>\n<polygon fill=\"black\" stroke=\"black\" points=\"165.003,-42.6145 169.599,-33.0685 160.053,-37.6648 165.003,-42.6145\"/>\n<text text-anchor=\"middle\" x=\"185.133\" y=\"-58.6345\" font-family=\"Times,serif\" font-size=\"8.00\">label: LivesIn</text>\n<text text-anchor=\"middle\" x=\"185.133\" y=\"-49.6345\" font-family=\"Times,serif\" font-size=\"8.00\">Strength: </text>\n</g>\n<!-- 3 -->\n<g id=\"node6\" class=\"node\"><title>3</title>\n<ellipse fill=\"none\" stroke=\"black\" cx=\"235.579\" cy=\"-170.735\" rx=\"27\" ry=\"18\"/>\n<text text-anchor=\"middle\" x=\"235.579\" y=\"-167.035\" font-family=\"Times,serif\" font-size=\"14.00\">3</text>\n</g>\n<!-- 2&#45;&gt;3 -->\n<g id=\"edge5\" class=\"edge\"><title>2&#45;&gt;3</title>\n<path fill=\"none\" stroke=\"black\" d=\"M199.667,-134.823C203.979,-139.135 208.775,-143.931 213.422,-148.578\"/>\n<polygon fill=\"black\" stroke=\"black\" points=\"210.965,-151.07 220.511,-155.667 215.915,-146.121 210.965,-151.07\"/>\n<text text-anchor=\"middle\" x=\"165.545\" y=\"-153.301\" font-family=\"Times,serif\" font-size=\"8.00\">label: Relationship</text>\n<text text-anchor=\"middle\" x=\"165.545\" y=\"-144.301\" font-family=\"Times,serif\" font-size=\"8.00\">Strength: friends</text>\n</g>\n<!-- 2&#45;&gt;10 -->\n<g id=\"edge6\" class=\"edge\"><title>2&#45;&gt;10</title>\n<path fill=\"none\" stroke=\"black\" d=\"M184.668,-101.619C184.668,-86.2711 184.668,-64.0452 184.668,-46.3651\"/>\n<polygon fill=\"black\" stroke=\"black\" points=\"188.168,-46.0463 184.668,-36.0464 181.168,-46.0464 188.168,-46.0463\"/>\n<text text-anchor=\"middle\" x=\"214.168\" y=\"-67.5923\" font-family=\"Times,serif\" font-size=\"8.00\">label: LivesIn</text>\n<text text-anchor=\"middle\" x=\"214.168\" y=\"-58.5923\" font-family=\"Times,serif\" font-size=\"8.00\">Strength: </text>\n</g>\n<!-- 11 -->\n<g id=\"node7\" class=\"node\"><title>11</title>\n<ellipse fill=\"none\" stroke=\"black\" cx=\"31.9326\" cy=\"-170.735\" rx=\"27\" ry=\"18\"/>\n<text text-anchor=\"middle\" x=\"31.9326\" y=\"-167.035\" font-family=\"Times,serif\" font-size=\"14.00\">11</text>\n</g>\n<!-- 4&#45;&gt;11 -->\n<g id=\"edge8\" class=\"edge\"><title>4&#45;&gt;11</title>\n<path fill=\"none\" stroke=\"black\" d=\"M67.8444,-134.823C63.5327,-139.135 58.7366,-143.931 54.0896,-148.578\"/>\n<polygon fill=\"black\" stroke=\"black\" points=\"51.5973,-146.121 47.0011,-155.667 56.5471,-151.07 51.5973,-146.121\"/>\n<text text-anchor=\"middle\" x=\"90.467\" y=\"-153.301\" font-family=\"Times,serif\" font-size=\"8.00\">label: LivesIn</text>\n<text text-anchor=\"middle\" x=\"90.467\" y=\"-144.301\" font-family=\"Times,serif\" font-size=\"8.00\">Strength: </text>\n</g>\n<!-- 5&#45;&gt;11 -->\n<g id=\"edge9\" class=\"edge\"><title>5&#45;&gt;11</title>\n<path fill=\"none\" stroke=\"black\" d=\"M76.9044,-35.8196C68.0906,-62.261 51.4759,-112.105 41.0956,-143.246\"/>\n<polygon fill=\"black\" stroke=\"black\" points=\"37.6765,-142.435 37.8346,-153.029 44.3173,-144.649 37.6765,-142.435\"/>\n<text text-anchor=\"middle\" x=\"29.5\" y=\"-101.133\" font-family=\"Times,serif\" font-size=\"8.00\">label: LivesIn</text>\n<text text-anchor=\"middle\" x=\"29.5\" y=\"-92.1328\" font-family=\"Times,serif\" font-size=\"8.00\">Strength: </text>\n</g>\n<!-- 3&#45;&gt;11 -->\n<g id=\"edge7\" class=\"edge\"><title>3&#45;&gt;11</title>\n<path fill=\"none\" stroke=\"black\" d=\"M208.537,-170.735C172.782,-170.735 109.609,-170.735 69.3075,-170.735\"/>\n<polygon fill=\"black\" stroke=\"black\" points=\"69.0872,-167.235 59.0871,-170.735 69.0871,-174.235 69.0872,-167.235\"/>\n<text text-anchor=\"middle\" x=\"109.422\" y=\"-182.335\" font-family=\"Times,serif\" font-size=\"8.00\">label: LivesIn</text>\n<text text-anchor=\"middle\" x=\"109.422\" y=\"-173.335\" font-family=\"Times,serif\" font-size=\"8.00\">Strength: </text>\n</g>\n</g>\n</svg>"}]},"apps":[],"jobName":"paragraph_1588699459644_-1656628962","id":"20200505-172419_2026624341","dateCreated":"2020-05-05T17:24:19+0000","dateStarted":"2020-05-06T11:26:33+0000","dateFinished":"2020-05-06T11:26:34+0000","status":"FINISHED","progressUpdateIntervalMs":500,"$$hashKey":"object:164243"},{"text":"%md\n\nLet's use PGQL to run some queries on our property graph.\nIt's a query language SQL-like.\n","user":"oracle","dateUpdated":"2020-05-05T17:39:53+0000","config":{"colWidth":12,"fontSize":9,"enabled":true,"results":{},"editorSetting":{"language":"markdown","editOnDblClick":true,"completionKey":"TAB","completionSupport":false},"editorMode":"ace/mode/markdown","editorHide":true,"tableHide":false},"settings":{"params":{},"forms":{}},"results":{"code":"SUCCESS","msg":[{"type":"HTML","data":"<div class=\"markdown-body\">\n<p>Let&rsquo;s use PGQL to run some queries on our property graph.<br/>It&rsquo;s a query language SQL-like.</p>\n</div>"}]},"apps":[],"jobName":"paragraph_1588699796552_-700690216","id":"20200505-172956_363047851","dateCreated":"2020-05-05T17:29:56+0000","dateStarted":"2020-05-05T17:39:53+0000","dateFinished":"2020-05-05T17:39:53+0000","status":"FINISHED","progressUpdateIntervalMs":500,"$$hashKey":"object:164244"},{"title":"Count the number of edges connecting a Person to a City, grouped by the City name","text":"%pgx\n\ncreatedGraph.queryPgql(\"\"\"\n SELECT m.Name, COUNT(*)  \n MATCH (n:Person) -[e]- (m:City) \n GROUP BY m.Name\n \"\"\")\n","user":"oracle","dateUpdated":"2020-05-06T11:28:15+0000","config":{"colWidth":12,"fontSize":9,"enabled":true,"results":{"0":{"graph":{"mode":"table","height":300,"optionOpen":false,"setting":{"table":{"tableGridState":{},"tableColumnTypeState":{"names":{"m.Name":"string","COUNT(*)":"string"},"updated":false},"tableOptionSpecHash":"[{\"name\":\"useFilter\",\"valueType\":\"boolean\",\"defaultValue\":false,\"widget\":\"checkbox\",\"description\":\"Enable filter for columns\"},{\"name\":\"showPagination\",\"valueType\":\"boolean\",\"defaultValue\":false,\"widget\":\"checkbox\",\"description\":\"Enable pagination for better navigation\"},{\"name\":\"showAggregationFooter\",\"valueType\":\"boolean\",\"defaultValue\":false,\"widget\":\"checkbox\",\"description\":\"Enable a footer for displaying aggregated values\"}]","tableOptionValue":{"useFilter":false,"showPagination":false,"showAggregationFooter":false},"updated":false,"initialized":false}},"commonSetting":{}}}},"editorSetting":{"language":"scala","editOnDblClick":false,"completionKey":"TAB"},"editorMode":"ace/mode/scala","title":true},"settings":{"params":{},"forms":{}},"results":{"code":"SUCCESS","msg":[{"type":"TABLE","data":"m.Name\tCOUNT(*)\nPrague\t2\nZurich\t3"}]},"apps":[],"jobName":"paragraph_1584985491812_1675548680","id":"20200323-174451_1721115934","dateCreated":"2020-03-23T17:44:51+0000","dateStarted":"2020-05-06T11:28:15+0000","dateFinished":"2020-05-06T11:28:15+0000","status":"FINISHED","progressUpdateIntervalMs":500,"$$hashKey":"object:164245"},{"text":"%pgx\ncreatedGraph.queryPgql(\"\"\"\n  SELECT n.Name as person,m.Name  as city\n  MATCH (n:Person) -[e]- (m:City)\n  \"\"\")\n","user":"oracle","dateUpdated":"2020-05-06T11:28:56+0000","config":{"colWidth":12,"fontSize":9,"enabled":true,"results":{"0":{"graph":{"mode":"table","height":300,"optionOpen":false,"setting":{"table":{"tableGridState":{},"tableColumnTypeState":{"names":{"person":"string","city":"string"},"updated":false},"tableOptionSpecHash":"[{\"name\":\"useFilter\",\"valueType\":\"boolean\",\"defaultValue\":false,\"widget\":\"checkbox\",\"description\":\"Enable filter for columns\"},{\"name\":\"showPagination\",\"valueType\":\"boolean\",\"defaultValue\":false,\"widget\":\"checkbox\",\"description\":\"Enable pagination for better navigation\"},{\"name\":\"showAggregationFooter\",\"valueType\":\"boolean\",\"defaultValue\":false,\"widget\":\"checkbox\",\"description\":\"Enable a footer for displaying aggregated values\"}]","tableOptionValue":{"useFilter":false,"showPagination":false,"showAggregationFooter":false},"updated":false,"initialized":false}},"commonSetting":{}}}},"editorSetting":{"language":"scala","editOnDblClick":false,"completionKey":"TAB"},"editorMode":"ace/mode/scala"},"settings":{"params":{},"forms":{}},"results":{"code":"SUCCESS","msg":[{"type":"TABLE","data":"person\tcity\nAnna\tPrague\nMaria\tPrague\nJohn\tZurich\nPeter\tZurich\nLarry\tZurich"}]},"apps":[],"jobName":"paragraph_1585031821194_457554181","id":"20200324-063701_1580886122","dateCreated":"2020-03-24T06:37:01+0000","dateStarted":"2020-05-06T11:28:56+0000","dateFinished":"2020-05-06T11:28:56+0000","status":"FINISHED","progressUpdateIntervalMs":500,"$$hashKey":"object:164246"},{"text":"%pgx\ncreatedGraph.queryPgql(\"SELECT * MATCH (n) -[e]- (m)\")","user":"oracle","dateUpdated":"2020-05-06T11:29:14+0000","config":{"colWidth":12,"fontSize":9,"enabled":true,"results":{"0":{"graph":{"mode":"table","height":300,"optionOpen":false,"setting":{"table":{"tableGridState":{},"tableColumnTypeState":{"names":{"n":"string","m":"string","e":"string"},"updated":false},"tableOptionSpecHash":"[{\"name\":\"useFilter\",\"valueType\":\"boolean\",\"defaultValue\":false,\"widget\":\"checkbox\",\"description\":\"Enable filter for columns\"},{\"name\":\"showPagination\",\"valueType\":\"boolean\",\"defaultValue\":false,\"widget\":\"checkbox\",\"description\":\"Enable pagination for better navigation\"},{\"name\":\"showAggregationFooter\",\"valueType\":\"boolean\",\"defaultValue\":false,\"widget\":\"checkbox\",\"description\":\"Enable a footer for displaying aggregated values\"}]","tableOptionValue":{"useFilter":false,"showPagination":false,"showAggregationFooter":false},"updated":false,"initialized":false}},"commonSetting":{}}}},"editorSetting":{"language":"scala","editOnDblClick":false,"completionKey":"TAB"},"editorMode":"ace/mode/scala"},"settings":{"params":{},"forms":{}},"results":{"code":"SUCCESS","msg":[{"type":"TABLE","data":"n\tm\te\nPgxVertex[ID=2]\tPgxVertex[ID=1]\tPgxEdge[ID=101]\nPgxVertex[ID=3]\tPgxVertex[ID=2]\tPgxEdge[ID=102]\nPgxVertex[ID=4]\tPgxVertex[ID=1]\tPgxEdge[ID=103]\nPgxVertex[ID=5]\tPgxVertex[ID=1]\tPgxEdge[ID=104]\nPgxVertex[ID=10]\tPgxVertex[ID=1]\tPgxEdge[ID=110]\nPgxVertex[ID=10]\tPgxVertex[ID=2]\tPgxEdge[ID=111]\nPgxVertex[ID=11]\tPgxVertex[ID=3]\tPgxEdge[ID=112]\nPgxVertex[ID=11]\tPgxVertex[ID=4]\tPgxEdge[ID=113]\nPgxVertex[ID=11]\tPgxVertex[ID=5]\tPgxEdge[ID=114]\nPgxVertex[ID=1]\tPgxVertex[ID=2]\tPgxEdge[ID=101]\nPgxVertex[ID=1]\tPgxVertex[ID=4]\tPgxEdge[ID=103]\nPgxVertex[ID=1]\tPgxVertex[ID=5]\tPgxEdge[ID=104]\nPgxVertex[ID=1]\tPgxVertex[ID=10]\tPgxEdge[ID=110]\nPgxVertex[ID=2]\tPgxVertex[ID=3]\tPgxEdge[ID=102]\nPgxVertex[ID=2]\tPgxVertex[ID=10]\tPgxEdge[ID=111]\nPgxVertex[ID=3]\tPgxVertex[ID=11]\tPgxEdge[ID=112]\nPgxVertex[ID=4]\tPgxVertex[ID=11]\tPgxEdge[ID=113]\nPgxVertex[ID=5]\tPgxVertex[ID=11]\tPgxEdge[ID=114]"}]},"apps":[],"jobName":"paragraph_1585031853762_419725883","id":"20200324-063733_1462496396","dateCreated":"2020-03-24T06:37:33+0000","dateStarted":"2020-05-06T11:29:14+0000","dateFinished":"2020-05-06T11:29:14+0000","status":"FINISHED","progressUpdateIntervalMs":500,"$$hashKey":"object:164247"},{"text":"%md\n\nThe loaded/created graph remains private to the current session until you publish it. \nThe published graph can be made available to other sessions using the PgxGraph.publish() method. In another session, the graph is available through the PgxSession.getGraph() method, passing the name of the published graph as an argument.\nNote that if you use the publish() method, only the graph structure and labels are published. \nIf you want to publish also properties, you have to list them in the publish() call.","user":"oracle","dateUpdated":"2020-05-05T17:41:15+0000","config":{"colWidth":12,"fontSize":9,"enabled":true,"results":{},"editorSetting":{"language":"markdown","editOnDblClick":true,"completionKey":"TAB","completionSupport":false},"editorMode":"ace/mode/markdown","editorHide":true,"tableHide":false},"settings":{"params":{},"forms":{}},"results":{"code":"SUCCESS","msg":[{"type":"HTML","data":"<div class=\"markdown-body\">\n<p>The loaded/created graph remains private to the current session until you publish it.<br/>The published graph can be made available to other sessions using the PgxGraph.publish() method. In another session, the graph is available through the PgxSession.getGraph() method, passing the name of the published graph as an argument.<br/>Note that if you use the publish() method, only the graph structure and labels are published.<br/>If you want to publish also properties, you have to list them in the publish() call.</p>\n</div>"}]},"apps":[],"jobName":"paragraph_1584983716102_186132515","id":"20200323-171516_989447271","dateCreated":"2020-03-23T17:15:16+0000","dateStarted":"2020-05-05T17:41:15+0000","dateFinished":"2020-05-05T17:41:15+0000","status":"FINISHED","progressUpdateIntervalMs":500,"$$hashKey":"object:164248"},{"text":"%pgx\n\n\ncreatedGraph.publish(VertexProperty.ALL, EdgeProperty.ALL)","user":"oracle","dateUpdated":"2020-05-06T11:29:44+0000","config":{"colWidth":12,"fontSize":9,"enabled":true,"results":{},"editorSetting":{"language":"scala","editOnDblClick":false,"completionKey":"TAB","completionSupport":false},"editorMode":"ace/mode/scala"},"settings":{"params":{},"forms":{}},"results":{"code":"ERROR","msg":[{"type":"ANGULAR","data":"<details><summary style='cursor: pointer; cursor: hand;'> &nbsp;<em><strong>CompletionException:</strong></em> java.lang.IllegalArgumentException: graph HandMadePropertyGraph is already published code: PGX-ERROR-3P2GVF1XY14WG <em><span style='color: #9A9A9A;'> &mdash; click for stack trace</span></em>\n</summary><div style='margin-top:1em; color: #AC0000;'><div style='margin-left: 3.75em; font-size: 0.9em; letter-spacing: 0.05em;'>java.util.concurrent.CompletionException <strong>java.lang.IllegalArgumentException: graph HandMadePropertyGraph is already published code: PGX-ERROR-3P2GVF1XY14WG</strong>\n<div style='margin-left: 3em;'><span style='color: #AC8888'>java.util.concurrent</span>.<span style='color: black'>CompletableFuture</span>.<strong><span style='color: #AA0000'>reportJoin</span></strong> <span style='color: #CACACA;'> (CompletableFuture.java : 375)</span><br>\n<span style='color: #AC8888'>java.util.concurrent</span>.<span style='color: black'>CompletableFuture</span>.<strong><span style='color: #AA0000'>join</span></strong> <span style='color: #CACACA;'> (CompletableFuture.java : 1947)</span><br>\n<span style='color: #AC8888'>oracle.pgx.api</span>.<span style='color: black'>PgxFuture</span>.<strong><span style='color: #AA0000'>join</span></strong> <span style='color: #CACACA;'> (PgxFuture.java : 135)</span><br>\n<span style='color: #AC8888'>oracle.pgx.api</span>.<span style='color: black'>PgxGraph</span>.<strong><span style='color: #AA0000'>publish</span></strong> <span style='color: #CACACA;'> (PgxGraph.java : 4485)</span><br>\n<span style='color: #AC8888'>oracle.pgx.api.PgxGraph$publish</span>.<span style='color: black'>3</span>.<strong><span style='color: #AA0000'>call</span></strong> <br>\n<span style='color: #AC8888'>org.codehaus.groovy.runtime.callsite</span>.<span style='color: black'>CallSiteArray</span>.<strong><span style='color: #AA0000'>defaultCall</span></strong> <span style='color: #CACACA;'> (CallSiteArray.java : 47)</span><br>\n<span style='color: #AC8888'>org.codehaus.groovy.runtime.callsite</span>.<span style='color: black'>AbstractCallSite</span>.<strong><span style='color: #AA0000'>call</span></strong> <span style='color: #CACACA;'> (AbstractCallSite.java : 116)</span><br>\n<span style='color: #AC8888'>org.codehaus.groovy.runtime.callsite</span>.<span style='color: black'>AbstractCallSite</span>.<strong><span style='color: #AA0000'>call</span></strong> <span style='color: #CACACA;'> (AbstractCallSite.java : 136)</span><br>\ngroovysh_evaluate.<strong><span style='color: #AA0000'>run</span></strong> <span style='color: #CACACA;'> (groovysh_evaluate : 3)</span><br>\n<span style='color: #AC8888'>groovysh_evaluate</span>.<span style='color: black'>run</span>.<strong><span style='color: #AA0000'>call</span></strong> <br>\n<span style='color: #AC8888'>org.codehaus.groovy.runtime.callsite</span>.<span style='color: black'>CallSiteArray</span>.<strong><span style='color: #AA0000'>defaultCall</span></strong> <span style='color: #CACACA;'> (CallSiteArray.java : 47)</span><br>\n<span style='color: #AC8888'>groovysh_evaluate</span>.<span style='color: black'>run</span>.<strong><span style='color: #AA0000'>call</span></strong> <br>\n<span style='color: #AC8888'>org.codehaus.groovy.tools.shell</span>.<span style='color: black'>Interpreter</span>.<strong><span style='color: #AA0000'>evaluate</span></strong> <span style='color: #CACACA;'> (Interpreter.groovy : 71)</span><br>\n<span style='color: #AC8888'>org.codehaus.groovy.tools.shell.Evaluator</span>.<span style='color: black'>evaluate</span>.<strong><span style='color: #AA0000'>call</span></strong> <br>\n<span style='color: #AC8888'>org.codehaus.groovy.tools.shell</span>.<span style='color: black'>Groovysh</span>.<strong><span style='color: #AA0000'>execute</span></strong> <span style='color: #CACACA;'> (Groovysh.groovy : 196)</span><br>\n<span style='color: #AC8888'>oracle.pgx.shell</span>.<span style='color: black'>Shell</span>.<strong><span style='color: #AA0000'>execute</span></strong> <span style='color: #CACACA;'> (Shell.java : 47)</span><br>\n<span style='color: #AC8888'>oracle.pgx.shell</span>.<span style='color: black'>AbstractConsole</span>.<strong><span style='color: #AA0000'>execute</span></strong> <span style='color: #CACACA;'> (AbstractConsole.java : 233)</span><br>\n<span style='color: #AC8888'>oracle.pgx.zeppelin</span>.<span style='color: black'>PgxInterpreter</span>.<strong><span style='color: #AA0000'>executeLine</span></strong> <span style='color: #CACACA;'> (PgxInterpreter.java : 201)</span><br>\n<span style='color: #AC8888'>java.util.stream.ReferencePipeline$3</span>.<span style='color: black'>1</span>.<strong><span style='color: #AA0000'>accept</span></strong> <span style='color: #CACACA;'> (ReferencePipeline.java : 193)</span><br>\n<span style='color: #AC8888'>java.util.Spliterators</span>.<span style='color: black'>ArraySpliterator</span>.<strong><span style='color: #AA0000'>forEachRemaining</span></strong> <span style='color: #CACACA;'> (Spliterators.java : 948)</span><br>\n<span style='color: #AC8888'>java.util.stream</span>.<span style='color: black'>AbstractPipeline</span>.<strong><span style='color: #AA0000'>copyInto</span></strong> <span style='color: #CACACA;'> (AbstractPipeline.java : 482)</span><br>\n<span style='color: #AC8888'>java.util.stream</span>.<span style='color: black'>AbstractPipeline</span>.<strong><span style='color: #AA0000'>wrapAndCopyInto</span></strong> <span style='color: #CACACA;'> (AbstractPipeline.java : 472)</span><br>\n<span style='color: #AC8888'>java.util.stream.ReduceOps</span>.<span style='color: black'>ReduceOp</span>.<strong><span style='color: #AA0000'>evaluateSequential</span></strong> <span style='color: #CACACA;'> (ReduceOps.java : 708)</span><br>\n<span style='color: #AC8888'>java.util.stream</span>.<span style='color: black'>AbstractPipeline</span>.<strong><span style='color: #AA0000'>evaluate</span></strong> <span style='color: #CACACA;'> (AbstractPipeline.java : 234)</span><br>\n<span style='color: #AC8888'>java.util.stream</span>.<span style='color: black'>ReferencePipeline</span>.<strong><span style='color: #AA0000'>collect</span></strong> <span style='color: #CACACA;'> (ReferencePipeline.java : 566)</span><br>\n<span style='color: #AC8888'>oracle.pgx.zeppelin</span>.<span style='color: black'>PgxInterpreter</span>.<strong><span style='color: #AA0000'>shellExecute</span></strong> <span style='color: #CACACA;'> (PgxInterpreter.java : 191)</span><br>\n<span style='color: #AC8888'>oracle.pgx.zeppelin</span>.<span style='color: black'>PgxInterpreter</span>.<strong><span style='color: #AA0000'>doInterpret</span></strong> <span style='color: #CACACA;'> (PgxInterpreter.java : 187)</span><br>\n<span style='color: #AC8888'>oracle.pgx.zeppelin</span>.<span style='color: black'>PgxInterpreter</span>.<strong><span style='color: #AA0000'>interpret</span></strong> <span style='color: #CACACA;'> (PgxInterpreter.java : 148)</span><br>\n<span style='color: #AC8888'>org.apache.zeppelin.interpreter</span>.<span style='color: black'>LazyOpenInterpreter</span>.<strong><span style='color: #AA0000'>interpret</span></strong> <span style='color: #CACACA;'> (LazyOpenInterpreter.java : 103)</span><br>\n<span style='color: #AC8888'>org.apache.zeppelin.interpreter.remote.RemoteInterpreterServer</span>.<span style='color: black'>InterpretJob</span>.<strong><span style='color: #AA0000'>jobRun</span></strong> <span style='color: #CACACA;'> (RemoteInterpreterServer.java : 632)</span><br>\n<span style='color: #AC8888'>org.apache.zeppelin.scheduler</span>.<span style='color: black'>Job</span>.<strong><span style='color: #AA0000'>run</span></strong> <span style='color: #CACACA;'> (Job.java : 188)</span><br>\n<span style='color: #AC8888'>org.apache.zeppelin.scheduler.FIFOScheduler</span>.<span style='color: black'>1</span>.<strong><span style='color: #AA0000'>run</span></strong> <span style='color: #CACACA;'> (FIFOScheduler.java : 140)</span><br>\n<span style='color: #AC8888'>java.util.concurrent.Executors</span>.<span style='color: black'>RunnableAdapter</span>.<strong><span style='color: #AA0000'>call</span></strong> <span style='color: #CACACA;'> (Executors.java : 511)</span><br>\n<span style='color: #AC8888'>java.util.concurrent</span>.<span style='color: black'>FutureTask</span>.<strong><span style='color: #AA0000'>run</span></strong> <span style='color: #CACACA;'> (FutureTask.java : 266)</span><br>\n<span style='color: #AC8888'>java.util.concurrent.ScheduledThreadPoolExecutor</span>.<span style='color: black'>ScheduledFutureTask</span>.<strong><span style='color: #AA0000'>access$201</span></strong> <span style='color: #CACACA;'> (ScheduledThreadPoolExecutor.java : 180)</span><br>\n<span style='color: #AC8888'>java.util.concurrent.ScheduledThreadPoolExecutor</span>.<span style='color: black'>ScheduledFutureTask</span>.<strong><span style='color: #AA0000'>run</span></strong> <span style='color: #CACACA;'> (ScheduledThreadPoolExecutor.java : 293)</span><br>\n<span style='color: #AC8888'>java.util.concurrent</span>.<span style='color: black'>ThreadPoolExecutor</span>.<strong><span style='color: #AA0000'>runWorker</span></strong> <span style='color: #CACACA;'> (ThreadPoolExecutor.java : 1149)</span><br>\n<span style='color: #AC8888'>java.util.concurrent.ThreadPoolExecutor</span>.<span style='color: black'>Worker</span>.<strong><span style='color: #AA0000'>run</span></strong> <span style='color: #CACACA;'> (ThreadPoolExecutor.java : 624)</span><br>\n<span style='color: #AC8888'>java.lang</span>.<span style='color: black'>Thread</span>.<strong><span style='color: #AA0000'>run</span></strong> <span style='color: #CACACA;'> (Thread.java : 748)</span><br>\n</div><i>caused by</i></div><div style='margin-left: 3.75em; font-size: 0.9em; letter-spacing: 0.05em;'>java.lang.IllegalArgumentException <strong>graph HandMadePropertyGraph is already published code: PGX-ERROR-3P2GVF1XY14WG</strong>\n<div style='margin-left: 3em;'><span style='color: #AC8888'>oracle.pgx.common.marshalers</span>.<span style='color: black'>ExceptionMarshaler</span>.<strong><span style='color: #AA0000'>toUnserializedException</span></strong> <span style='color: #CACACA;'> (ExceptionMarshaler.java : 77)</span><br>\n<span style='color: #AC8888'>oracle.pgx.common.marshalers</span>.<span style='color: black'>ExceptionMarshaler</span>.<strong><span style='color: #AA0000'>unmarshal</span></strong> <span style='color: #CACACA;'> (ExceptionMarshaler.java : 113)</span><br>\n<span style='color: #AC8888'>oracle.pgx.client</span>.<span style='color: black'>RemoteUtils</span>.<strong><span style='color: #AA0000'>parseExceptionalResponse</span></strong> <span style='color: #CACACA;'> (RemoteUtils.java : 132)</span><br>\n<span style='color: #AC8888'>oracle.pgx.client</span>.<span style='color: black'>RemoteUtils</span>.<strong><span style='color: #AA0000'>getResponseContent</span></strong> <span style='color: #CACACA;'> (RemoteUtils.java : 100)</span><br>\n<span style='color: #AC8888'>oracle.pgx.client</span>.<span style='color: black'>RemoteUtils</span>.<strong><span style='color: #AA0000'>getResponseContent</span></strong> <span style='color: #CACACA;'> (RemoteUtils.java : 68)</span><br>\n<span style='color: #AC8888'>oracle.pgx.client</span>.<span style='color: black'>RemoteUtils</span>.<strong><span style='color: #AA0000'>parse</span></strong> <span style='color: #CACACA;'> (RemoteUtils.java : 155)</span><br>\n<span style='color: #AC8888'>oracle.pgx.client</span>.<span style='color: black'>PgxRemoteFuture</span>.<strong><span style='color: #AA0000'>executeRequest</span></strong> <span style='color: #CACACA;'> (PgxRemoteFuture.java : 106)</span><br>\n<span style='color: #AC8888'>oracle.pgx.client</span>.<span style='color: black'>PgxRemoteFuture</span>.<strong><span style='color: #AA0000'>lambda$fetchRemoteResultAsync$3</span></strong> <span style='color: #CACACA;'> (PgxRemoteFuture.java : 218)</span><br>\n<span style='color: #AC8888'>java.util.concurrent</span>.<span style='color: black'>ThreadPoolExecutor</span>.<strong><span style='color: #AA0000'>runWorker</span></strong> <span style='color: #CACACA;'> (ThreadPoolExecutor.java : 1149)</span><br>\n<span style='color: #AC8888'>java.util.concurrent.ThreadPoolExecutor</span>.<span style='color: black'>Worker</span>.<strong><span style='color: #AA0000'>run</span></strong> <span style='color: #CACACA;'> (ThreadPoolExecutor.java : 624)</span><br>\n<span style='color: #AC8888'>java.lang</span>.<span style='color: black'>Thread</span>.<strong><span style='color: #AA0000'>run</span></strong> <span style='color: #CACACA;'> (Thread.java : 748)</span><br>\n</div></div></div></details>"}]},"apps":[],"jobName":"paragraph_1584983726654_-1386327801","id":"20200323-171526_891791457","dateCreated":"2020-03-23T17:15:26+0000","dateStarted":"2020-05-06T11:29:44+0000","dateFinished":"2020-05-06T11:29:44+0000","status":"ERROR","progressUpdateIntervalMs":500,"$$hashKey":"object:164249"},{"text":"%md\n\nNow use GraphViz (http://localhost:7007/ui) to visualize this simple property graph.\n\nRefresh your browser if you don't see the new property graph ( **HandMadePropertyGraph** )in the selection box.\nUse the following PGQL query to get all the items in the graph:\n\n```\nSELECT e\nMATCH ()-[e]->()\n```\nPlay with the controls, enable the labels to identify each vertex and edge.\nCreate a highlight to make the size of the vertex change depending on the height property.\n\nTry some other PGQL queries and inspect the results.\n\n```\nSELECT n,e,m\nMATCH (n:Person)-[e]->(m:Person)\n```\nor\n\n```\nSELECT person,e,city\nMATCH (person:Person)-[e]->(city:City)\n```","user":"oracle","dateUpdated":"2020-05-06T11:43:15+0000","config":{"colWidth":12,"fontSize":9,"enabled":true,"results":{},"editorSetting":{"language":"markdown","editOnDblClick":true,"completionKey":"TAB","completionSupport":false},"editorMode":"ace/mode/markdown","editorHide":true,"tableHide":false},"settings":{"params":{},"forms":{}},"results":{"code":"SUCCESS","msg":[{"type":"HTML","data":"<div class=\"markdown-body\">\n<p>Now use GraphViz (<a href=\"http://localhost:7007/ui\">http://localhost:7007/ui</a>) to visualize this simple property graph.</p>\n<p>Refresh your browser if you don&rsquo;t see the new property graph ( <strong>HandMadePropertyGraph</strong> )in the selection box.<br/>Use the following PGQL query to get all the items in the graph:</p>\n<pre><code>SELECT e\nMATCH ()-[e]-&gt;()\n</code></pre>\n<p>Play with the controls, enable the labels to identify each vertex and edge.<br/>Create a highlight to make the size of the vertex change depending on the height property.</p>\n<p>Try some other PGQL queries and inspect the results.</p>\n<pre><code>SELECT n,e,m\nMATCH (n:Person)-[e]-&gt;(m:Person)\n</code></pre>\n<p>or</p>\n<pre><code>SELECT person,e,city\nMATCH (person:Person)-[e]-&gt;(city:City)\n</code></pre>\n</div>"}]},"apps":[],"jobName":"paragraph_1584984174655_1608572487","id":"20200323-172254_1683799247","dateCreated":"2020-03-23T17:22:54+0000","dateStarted":"2020-05-06T11:43:15+0000","dateFinished":"2020-05-06T11:43:15+0000","status":"FINISHED","progressUpdateIntervalMs":500,"$$hashKey":"object:164250"},{"text":"%md\n\nLet's create a copy of the property graph. The clone() method can clone only the structure or the properties too. \n\nAdditionally many diferent variations and transformations of the property graphs can also be done.\n\nThe following will clone both the structure and the properties (sometimes only the structure itself is needed).","user":"oracle","dateUpdated":"2020-05-06T11:46:29+0000","config":{"colWidth":12,"fontSize":9,"enabled":true,"results":{},"editorSetting":{"language":"markdown","editOnDblClick":true,"completionKey":"TAB","completionSupport":false},"editorMode":"ace/mode/markdown","editorHide":true,"tableHide":false},"settings":{"params":{},"forms":{}},"results":{"code":"SUCCESS","msg":[{"type":"HTML","data":"<div class=\"markdown-body\">\n<p>Let&rsquo;s create a copy of the property graph. The clone() method can clone only the structure or the properties too. </p>\n<p>Additionally many diferent variations and transformations of the property graphs can also be done.</p>\n<p>The following will clone both the structure and the properties (sometimes only the structure itself is needed).</p>\n</div>"}]},"apps":[],"jobName":"paragraph_1585030738645_605202762","id":"20200324-061858_1705591879","dateCreated":"2020-03-24T06:18:58+0000","dateStarted":"2020-05-06T11:46:29+0000","dateFinished":"2020-05-06T11:46:29+0000","status":"FINISHED","progressUpdateIntervalMs":500,"$$hashKey":"object:164251"},{"text":"%pgx\n\nclonedGraph=createdGraph.clone(VertexProperty.ALL, EdgeProperty.ALL,\"clone\")\n\n","user":"oracle","dateUpdated":"2020-05-06T11:33:54+0000","config":{"colWidth":12,"fontSize":9,"enabled":true,"results":{},"editorSetting":{"language":"scala","editOnDblClick":false,"completionKey":"TAB","completionSupport":false},"editorMode":"ace/mode/scala","editorHide":false,"tableHide":false},"settings":{"params":{},"forms":{}},"results":{"code":"SUCCESS","msg":[{"type":"TEXT","data":"PgxGraph[name=clone,N=7,E=9,created=1588764834916]"}]},"apps":[],"jobName":"paragraph_1584699412347_1471887240","id":"20200320-101652_1051611664","dateCreated":"2020-03-20T10:16:52+0000","dateStarted":"2020-05-06T11:33:54+0000","dateFinished":"2020-05-06T11:33:54+0000","status":"FINISHED","progressUpdateIntervalMs":500,"$$hashKey":"object:164252"},{"text":"%pgx\n\nclonedGraph.getEdge(101).getLabel()\n","user":"oracle","dateUpdated":"2020-05-06T11:34:02+0000","config":{"colWidth":12,"fontSize":9,"enabled":true,"results":{},"editorSetting":{"language":"scala","editOnDblClick":false,"completionKey":"TAB"},"editorMode":"ace/mode/scala"},"settings":{"params":{},"forms":{}},"results":{"code":"SUCCESS","msg":[{"type":"TEXT","data":"Relationship"}]},"apps":[],"jobName":"paragraph_1585031029606_1771920541","id":"20200324-062349_1755573506","dateCreated":"2020-03-24T06:23:49+0000","dateStarted":"2020-05-06T11:34:02+0000","dateFinished":"2020-05-06T11:34:02+0000","status":"FINISHED","progressUpdateIntervalMs":500,"$$hashKey":"object:164253"},{"text":"%md\n\nLet's pay attention to the diference in the following PGQL statements.\nLook at the results and check why the edges directions are sometimes important.\nAlso check the results with the property graph visualization.\n","user":"oracle","dateUpdated":"2020-05-06T07:51:06+0000","config":{"colWidth":12,"fontSize":9,"enabled":true,"results":{},"editorSetting":{"language":"markdown","editOnDblClick":true,"completionKey":"TAB","completionSupport":false},"editorMode":"ace/mode/markdown","editorHide":true,"tableHide":false},"settings":{"params":{},"forms":{}},"results":{"code":"SUCCESS","msg":[{"type":"HTML","data":"<div class=\"markdown-body\">\n<p>Let&rsquo;s pay attention to the diference in the following PGQL statements.<br/>Look at the results and check why the edges directions are sometimes important.<br/>Also check the results with the property graph visualization.</p>\n</div>"}]},"apps":[],"jobName":"paragraph_1588751209748_-2038581235","id":"20200506-074649_136939174","dateCreated":"2020-05-06T07:46:49+0000","dateStarted":"2020-05-06T07:51:06+0000","dateFinished":"2020-05-06T07:51:06+0000","status":"FINISHED","progressUpdateIntervalMs":500,"$$hashKey":"object:164254"},{"text":"%pgx\nclonedGraph.queryPgql(\"\"\"\nSELECT n.Name,e.Strength,m.Name \nMATCH (n:Person) -[e]- (m:Person)\n\"\"\")","user":"oracle","dateUpdated":"2020-05-06T11:34:11+0000","config":{"colWidth":12,"fontSize":9,"enabled":true,"results":{"0":{"graph":{"mode":"table","height":300,"optionOpen":false,"setting":{"table":{"tableGridState":{},"tableColumnTypeState":{"names":{"n.Name":"string","e.Strength":"string","m.Name":"string"},"updated":false},"tableOptionSpecHash":"[{\"name\":\"useFilter\",\"valueType\":\"boolean\",\"defaultValue\":false,\"widget\":\"checkbox\",\"description\":\"Enable filter for columns\"},{\"name\":\"showPagination\",\"valueType\":\"boolean\",\"defaultValue\":false,\"widget\":\"checkbox\",\"description\":\"Enable pagination for better navigation\"},{\"name\":\"showAggregationFooter\",\"valueType\":\"boolean\",\"defaultValue\":false,\"widget\":\"checkbox\",\"description\":\"Enable a footer for displaying aggregated values\"}]","tableOptionValue":{"useFilter":false,"showPagination":false,"showAggregationFooter":false},"updated":false,"initialized":false}},"commonSetting":{}}}},"editorSetting":{"language":"scala","editOnDblClick":false,"completionKey":"TAB"},"editorMode":"ace/mode/scala"},"settings":{"params":{},"forms":{}},"results":{"code":"SUCCESS","msg":[{"type":"TABLE","data":"n.Name\te.Strength\tm.Name\nMaria\tfriends\tAnna\nJohn\tfriends\tMaria\nPeter\tclassmates\tAnna\nLarry\tclassmates\tAnna\nAnna\tfriends\tMaria\nAnna\tclassmates\tPeter\nAnna\tclassmates\tLarry\nMaria\tfriends\tJohn"}]},"apps":[],"jobName":"paragraph_1585031487145_48536338","id":"20200324-063127_1547561984","dateCreated":"2020-03-24T06:31:27+0000","dateStarted":"2020-05-06T11:34:11+0000","dateFinished":"2020-05-06T11:34:11+0000","status":"FINISHED","progressUpdateIntervalMs":500,"$$hashKey":"object:164255"},{"text":"%pgx\nclonedGraph.queryPgql(\"\"\"\nSELECT n.Name,e.Strength,m.Name \nMATCH (n:Person) -[e]-> (m:Person)\n\"\"\")","user":"oracle","dateUpdated":"2020-05-06T11:34:44+0000","config":{"colWidth":12,"fontSize":9,"enabled":true,"results":{"0":{"graph":{"mode":"table","height":300,"optionOpen":false,"setting":{"table":{"tableGridState":{},"tableColumnTypeState":{"names":{"n.Name":"string","e.Strength":"string","m.Name":"string"},"updated":false},"tableOptionSpecHash":"[{\"name\":\"useFilter\",\"valueType\":\"boolean\",\"defaultValue\":false,\"widget\":\"checkbox\",\"description\":\"Enable filter for columns\"},{\"name\":\"showPagination\",\"valueType\":\"boolean\",\"defaultValue\":false,\"widget\":\"checkbox\",\"description\":\"Enable pagination for better navigation\"},{\"name\":\"showAggregationFooter\",\"valueType\":\"boolean\",\"defaultValue\":false,\"widget\":\"checkbox\",\"description\":\"Enable a footer for displaying aggregated values\"}]","tableOptionValue":{"useFilter":false,"showPagination":false,"showAggregationFooter":false},"updated":false,"initialized":false}},"commonSetting":{}}}},"editorSetting":{"language":"scala","editOnDblClick":false,"completionKey":"TAB"},"editorMode":"ace/mode/scala","editorHide":false},"settings":{"params":{},"forms":{}},"results":{"code":"SUCCESS","msg":[{"type":"TABLE","data":"n.Name\te.Strength\tm.Name\nAnna\tfriends\tMaria\nAnna\tclassmates\tPeter\nAnna\tclassmates\tLarry\nMaria\tfriends\tJohn"}]},"apps":[],"jobName":"paragraph_1588751140033_780823539","id":"20200506-074540_1653516139","dateCreated":"2020-05-06T07:45:40+0000","dateStarted":"2020-05-06T11:34:44+0000","dateFinished":"2020-05-06T11:34:44+0000","status":"FINISHED","progressUpdateIntervalMs":500,"$$hashKey":"object:164256"},{"text":"%md\n\nDestroy a property graph when it's no longer needed.\nIn this case, **clonedGraph** is destroyed.\n","user":"oracle","dateUpdated":"2020-05-06T11:38:57+0000","config":{"colWidth":12,"fontSize":9,"enabled":true,"results":{},"editorSetting":{"language":"markdown","editOnDblClick":true,"completionKey":"TAB","completionSupport":false},"editorMode":"ace/mode/markdown","editorHide":true,"tableHide":false},"settings":{"params":{},"forms":{}},"results":{"code":"SUCCESS","msg":[{"type":"HTML","data":"<div class=\"markdown-body\">\n<p>Destroy a property graph when it&rsquo;s no longer needed.<br/>In this case, <strong>clonedGraph</strong> is destroyed.</p>\n</div>"}]},"apps":[],"jobName":"paragraph_1585031032384_1032517997","id":"20200324-062352_464527147","dateCreated":"2020-03-24T06:23:52+0000","dateStarted":"2020-05-06T11:38:57+0000","dateFinished":"2020-05-06T11:38:57+0000","status":"FINISHED","progressUpdateIntervalMs":500,"$$hashKey":"object:164257"},{"text":"%pgx\nclonedGraph.destroy()","user":"oracle","dateUpdated":"2020-05-06T11:35:03+0000","config":{"colWidth":12,"fontSize":9,"enabled":true,"results":{},"editorSetting":{"language":"scala","editOnDblClick":false,"completionKey":"TAB"},"editorMode":"ace/mode/scala"},"settings":{"params":{},"forms":{}},"results":{"code":"SUCCESS","msg":[{"type":"TEXT","data":"(no output)"}]},"apps":[],"jobName":"paragraph_1585030733684_-1924209392","id":"20200324-061853_298307349","dateCreated":"2020-03-24T06:18:53+0000","dateStarted":"2020-05-06T11:35:03+0000","dateFinished":"2020-05-06T11:35:03+0000","status":"FINISHED","progressUpdateIntervalMs":500,"$$hashKey":"object:164258"},{"text":"%md\n\nLet's see now how to modify a property graph.\nIt can be achieved by creating a **ChangeSet** and applying it to an existing property graph.\n","user":"oracle","dateUpdated":"2020-05-06T07:58:10+0000","config":{"colWidth":12,"fontSize":9,"enabled":true,"results":{},"editorSetting":{"language":"markdown","editOnDblClick":true,"completionKey":"TAB","completionSupport":false},"editorMode":"ace/mode/markdown","editorHide":true,"tableHide":false},"settings":{"params":{},"forms":{}},"results":{"code":"SUCCESS","msg":[{"type":"HTML","data":"<div class=\"markdown-body\">\n<p>Let&rsquo;s see now how to modify a property graph.<br/>It can be achieved by creating a <strong>ChangeSet</strong> and applying it to an existing property graph.</p>\n</div>"}]},"apps":[],"jobName":"paragraph_1585032096169_-1276130468","id":"20200324-064136_1136551153","dateCreated":"2020-03-24T06:41:36+0000","dateStarted":"2020-05-06T07:58:10+0000","dateFinished":"2020-05-06T07:58:10+0000","status":"FINISHED","progressUpdateIntervalMs":500,"$$hashKey":"object:164259"},{"text":"%pgx\n\nchangeset = createdGraph.<Integer>createChangeSet(IdGenerationStrategy.USER_IDS, IdGenerationStrategy.USER_IDS)\n\n","user":"oracle","dateUpdated":"2020-05-06T08:02:17+0000","config":{"colWidth":12,"fontSize":9,"enabled":true,"results":{},"editorSetting":{"language":"scala","editOnDblClick":false,"completionKey":"TAB"},"editorMode":"ace/mode/scala","editorHide":false},"settings":{"params":{},"forms":{}},"results":{"code":"SUCCESS","msg":[{"type":"TEXT","data":"Graph change set for graph HandMadePropertyGraph with added vertices: 0, modified vertices: 0, removed vertices: 0, added edges: 0, modified edges: 0, removed edges: 0"}]},"apps":[],"jobName":"paragraph_1585031021023_-1208920366","id":"20200324-062341_1347585856","dateCreated":"2020-03-24T06:23:41+0000","dateStarted":"2020-05-06T08:02:17+0000","dateFinished":"2020-05-06T08:02:17+0000","status":"FINISHED","progressUpdateIntervalMs":500,"$$hashKey":"object:164260"},{"title":"Create new vertices","text":"%pgx\nchangeset.addVertex(7).setProperty(\"Name\", \"Jack\").setProperty(\"Height\", 6.3).addLabel(\"Person\")\nchangeset.addVertex(8).setProperty(\"Name\", \"Nick\").setProperty(\"Height\", 6.2).addLabel(\"Person\")\nchangeset.addVertex(9).setProperty(\"Name\", \"London\").addLabel(\"City\")","user":"oracle","dateUpdated":"2020-05-06T08:02:21+0000","config":{"colWidth":12,"fontSize":9,"enabled":true,"results":{},"editorSetting":{"language":"scala","editOnDblClick":false,"completionKey":"TAB"},"editorMode":"ace/mode/scala","title":true},"settings":{"params":{},"forms":{}},"results":{"code":"SUCCESS","msg":[{"type":"TEXT","data":"Graph change set for graph HandMadePropertyGraph with added vertices: 3, modified vertices: 0, removed vertices: 0, added edges: 0, modified edges: 0, removed edges: 0"}]},"apps":[],"jobName":"paragraph_1585032118295_-232149273","id":"20200324-064158_522089296","dateCreated":"2020-03-24T06:41:58+0000","dateStarted":"2020-05-06T08:02:21+0000","dateFinished":"2020-05-06T08:02:21+0000","status":"FINISHED","progressUpdateIntervalMs":500,"$$hashKey":"object:164261"},{"title":"Add a new property to an existing vertex","text":"%pgx\nchangeset.updateVertex(1).setProperty(\"Name\", \"Marianna\")\n\nchangeset.removeVertex(3)\n\n","user":"oracle","dateUpdated":"2020-05-06T08:02:27+0000","config":{"colWidth":12,"fontSize":9,"enabled":true,"results":{},"editorSetting":{"language":"scala","editOnDblClick":false,"completionKey":"TAB"},"editorMode":"ace/mode/scala","title":true},"settings":{"params":{},"forms":{}},"results":{"code":"SUCCESS","msg":[{"type":"TEXT","data":"Graph change set for graph HandMadePropertyGraph with added vertices: 3, modified vertices: 1, removed vertices: 1, added edges: 0, modified edges: 0, removed edges: 0"}]},"apps":[],"jobName":"paragraph_1585033181495_2072176898","id":"20200324-065941_249420146","dateCreated":"2020-03-24T06:59:41+0000","dateStarted":"2020-05-06T08:02:27+0000","dateFinished":"2020-05-06T08:02:27+0000","status":"FINISHED","progressUpdateIntervalMs":500,"$$hashKey":"object:164262"},{"title":"Add a new property to an existing edge","text":"%pgx\nchangeset.updateEdge(103).setProperty(\"Strength\", \"friends\")\n\n","user":"oracle","dateUpdated":"2020-05-06T08:02:31+0000","config":{"colWidth":12,"fontSize":9,"enabled":true,"results":{},"editorSetting":{"language":"scala","editOnDblClick":false,"completionKey":"TAB"},"editorMode":"ace/mode/scala","title":true},"settings":{"params":{},"forms":{}},"results":{"code":"SUCCESS","msg":[{"type":"TEXT","data":"Graph change set for graph HandMadePropertyGraph with added vertices: 3, modified vertices: 1, removed vertices: 1, added edges: 0, modified edges: 1, removed edges: 0"}]},"apps":[],"jobName":"paragraph_1585033222377_1214975147","id":"20200324-070022_1112485517","dateCreated":"2020-03-24T07:00:22+0000","dateStarted":"2020-05-06T08:02:32+0000","dateFinished":"2020-05-06T08:02:32+0000","status":"FINISHED","progressUpdateIntervalMs":500,"$$hashKey":"object:164263"},{"title":"Create new edges","text":"%pgx\n\nchangeset.addEdge(210, 7, 9).setProperty(\"Strength\", \"\").setLabel(\"LivesIn\")\nchangeset.addEdge(211, 8, 9).setProperty(\"Strength\", \"\").setLabel(\"LivesIn\")\n\n","user":"oracle","dateUpdated":"2020-05-06T08:02:35+0000","config":{"colWidth":12,"fontSize":9,"enabled":true,"results":{},"editorSetting":{"language":"scala","editOnDblClick":false,"completionKey":"TAB"},"editorMode":"ace/mode/scala","title":true},"settings":{"params":{},"forms":{}},"results":{"code":"SUCCESS","msg":[{"type":"TEXT","data":"Graph change set for graph HandMadePropertyGraph with added vertices: 3, modified vertices: 1, removed vertices: 1, added edges: 2, modified edges: 1, removed edges: 0"}]},"apps":[],"jobName":"paragraph_1585033212759_1882256419","id":"20200324-070012_819162945","dateCreated":"2020-03-24T07:00:12+0000","dateStarted":"2020-05-06T08:02:35+0000","dateFinished":"2020-05-06T08:02:36+0000","status":"FINISHED","progressUpdateIntervalMs":500,"$$hashKey":"object:164264"},{"title":"Commit all changes and create a new modified property graph","text":"%pgx\nupdatedGraph = changeset.build(\"HandModifiedGraph\")","user":"oracle","dateUpdated":"2020-05-06T08:02:41+0000","config":{"colWidth":12,"fontSize":9,"enabled":true,"results":{},"editorSetting":{"language":"scala","editOnDblClick":false,"completionKey":"TAB"},"editorMode":"ace/mode/scala","title":true},"settings":{"params":{},"forms":{}},"results":{"code":"SUCCESS","msg":[{"type":"TEXT","data":"PgxGraph[name=HandModifiedGraph,N=9,E=9,created=1588752161360]"}]},"apps":[],"jobName":"paragraph_1585033576380_2750683","id":"20200324-070616_1043876197","dateCreated":"2020-03-24T07:06:16+0000","dateStarted":"2020-05-06T08:02:41+0000","dateFinished":"2020-05-06T08:02:41+0000","status":"FINISHED","progressUpdateIntervalMs":500,"$$hashKey":"object:164265"},{"title":"Use PGQL to query the new property graph and see the changes","text":"%pgx\nupdatedGraph.queryPgql(\"SELECT n.Name as person, m.Name as city MATCH (n:Person) -[e]- (m:City)\")","user":"oracle","dateUpdated":"2020-05-06T08:02:45+0000","config":{"colWidth":12,"fontSize":9,"enabled":true,"results":{"0":{"graph":{"mode":"table","height":300,"optionOpen":false,"setting":{"table":{"tableGridState":{},"tableColumnTypeState":{"names":{"person":"string","city":"string"},"updated":false},"tableOptionSpecHash":"[{\"name\":\"useFilter\",\"valueType\":\"boolean\",\"defaultValue\":false,\"widget\":\"checkbox\",\"description\":\"Enable filter for columns\"},{\"name\":\"showPagination\",\"valueType\":\"boolean\",\"defaultValue\":false,\"widget\":\"checkbox\",\"description\":\"Enable pagination for better navigation\"},{\"name\":\"showAggregationFooter\",\"valueType\":\"boolean\",\"defaultValue\":false,\"widget\":\"checkbox\",\"description\":\"Enable a footer for displaying aggregated values\"}]","tableOptionValue":{"useFilter":false,"showPagination":false,"showAggregationFooter":false},"updated":false,"initialized":false}},"commonSetting":{}}}},"editorSetting":{"language":"scala","editOnDblClick":false,"completionKey":"TAB"},"editorMode":"ace/mode/scala","title":true},"settings":{"params":{},"forms":{}},"results":{"code":"SUCCESS","msg":[{"type":"TABLE","data":"person\tcity\nMarianna\tPrague\nMaria\tPrague\nPeter\tZurich\nLarry\tZurich\nJack\tLondon\nNick\tLondon"}]},"apps":[],"jobName":"paragraph_1585034930835_-2138035177","id":"20200324-072850_1780805719","dateCreated":"2020-03-24T07:28:50+0000","dateStarted":"2020-05-06T08:02:45+0000","dateFinished":"2020-05-06T08:02:45+0000","status":"FINISHED","progressUpdateIntervalMs":500,"$$hashKey":"object:164266"},{"text":"%md\n\nPut the updated property graph in GraphViz (http://localhost:7007/ui) to visualize the changes.\nRefresh and look for **HandModifiedGraph**.\n\nUse the following PGQL query to get all the items in the graph:\n\n```\nSELECT e\nMATCH ()-[e]->()\n```\nPlay with the controls, enable the labels to identify each vertex and edge.\n","user":"oracle","dateUpdated":"2020-05-06T08:07:43+0000","config":{"colWidth":12,"fontSize":9,"enabled":true,"results":{},"editorSetting":{"language":"markdown","editOnDblClick":true,"completionKey":"TAB","completionSupport":false},"editorMode":"ace/mode/markdown","editorHide":true,"tableHide":false},"settings":{"params":{},"forms":{}},"results":{"code":"SUCCESS","msg":[{"type":"HTML","data":"<div class=\"markdown-body\">\n<p>Put the updated property graph in GraphViz (<a href=\"http://localhost:7007/ui\">http://localhost:7007/ui</a>) to visualize the changes.<br/>Refresh and look for <strong>HandModifiedGraph</strong>.</p>\n<p>Use the following PGQL query to get all the items in the graph:</p>\n<pre><code>SELECT e\nMATCH ()-[e]-&gt;()\n</code></pre>\n<p>Play with the controls, enable the labels to identify each vertex and edge.</p>\n</div>"}]},"apps":[],"jobName":"paragraph_1588752244427_-1314164824","id":"20200506-080404_622987892","dateCreated":"2020-05-06T08:04:04+0000","dateStarted":"2020-05-06T08:07:43+0000","dateFinished":"2020-05-06T08:07:43+0000","status":"FINISHED","progressUpdateIntervalMs":500,"$$hashKey":"object:164267"},{"text":"%pgx\nupdatedGraph.publish(VertexProperty.ALL, EdgeProperty.ALL)","user":"oracle","dateUpdated":"2020-05-06T08:06:16+0000","config":{"colWidth":12,"fontSize":9,"enabled":true,"results":{},"editorSetting":{"language":"scala","editOnDblClick":false,"completionKey":"TAB"},"editorMode":"ace/mode/scala"},"settings":{"params":{},"forms":{}},"results":{"code":"SUCCESS","msg":[{"type":"TEXT","data":"(no output)"}]},"apps":[],"jobName":"paragraph_1588752170853_-1950002965","id":"20200506-080250_268962741","dateCreated":"2020-05-06T08:02:50+0000","dateStarted":"2020-05-06T08:06:16+0000","dateFinished":"2020-05-06T08:06:16+0000","status":"FINISHED","progressUpdateIntervalMs":500,"$$hashKey":"object:164268"},{"text":"%md\n\nIn addition to the PGQL query language, PGX offers a lot of algorithms ready to be used. There are lots of complex analysis that can't be written in PGQL.\n\nFor reference, check the documentation: https://docs.oracle.com/cd/E56133_01/latest/reference/analytics/builtins.html\n\nLet's use a simple one that couns the number of triangles in our modified graph. The results can be confirmed in this simple property graph.\n","user":"oracle","dateUpdated":"2020-05-06T08:21:05+0000","config":{"colWidth":12,"fontSize":9,"enabled":true,"results":{},"editorSetting":{"language":"markdown","editOnDblClick":true,"completionKey":"TAB","completionSupport":false},"editorMode":"ace/mode/markdown","editorHide":true,"tableHide":false},"settings":{"params":{},"forms":{}},"results":{"code":"SUCCESS","msg":[{"type":"HTML","data":"<div class=\"markdown-body\">\n<p>In addition to the PGQL query language, PGX offers a lot of algorithms ready to be used. There are lots of complex analysis that can&rsquo;t be written in PGQL.</p>\n<p>For reference, check the documentation: <a href=\"https://docs.oracle.com/cd/E56133_01/latest/reference/analytics/builtins.html\">https://docs.oracle.com/cd/E56133_01/latest/reference/analytics/builtins.html</a></p>\n<p>Let&rsquo;s use a simple one that couns the number of triangles in our modified graph. The results can be confirmed in this simple property graph.</p>\n</div>"}]},"apps":[],"jobName":"paragraph_1588752987439_-1942785534","id":"20200506-081627_240678217","dateCreated":"2020-05-06T08:16:27+0000","dateStarted":"2020-05-06T08:21:05+0000","dateFinished":"2020-05-06T08:21:05+0000","status":"FINISHED","progressUpdateIntervalMs":500,"$$hashKey":"object:164269"},{"text":"%pgx\nanalyst.countTriangles(updatedGraph,true)","user":"oracle","dateUpdated":"2020-05-06T08:16:04+0000","config":{"colWidth":12,"fontSize":9,"enabled":true,"results":{},"editorSetting":{"language":"scala","editOnDblClick":false,"completionKey":"TAB"},"editorMode":"ace/mode/scala"},"settings":{"params":{},"forms":{}},"results":{"code":"SUCCESS","msg":[{"type":"TEXT","data":"1"}]},"apps":[],"jobName":"paragraph_1588752935411_-193188283","id":"20200506-081535_1711393177","dateCreated":"2020-05-06T08:15:35+0000","dateStarted":"2020-05-06T08:16:04+0000","dateFinished":"2020-05-06T08:16:05+0000","status":"FINISHED","progressUpdateIntervalMs":500,"$$hashKey":"object:164270"},{"title":"Destroy property graphs and free some resources in the PGX engine","text":"%pgx\ncreatedGraph.destroy()\nupdatedGraph.destroy()","user":"oracle","dateUpdated":"2020-05-05T17:55:37+0000","config":{"colWidth":12,"fontSize":9,"enabled":true,"results":{},"editorSetting":{"language":"scala","editOnDblClick":false,"completionKey":"TAB"},"editorMode":"ace/mode/scala","title":true},"settings":{"params":{},"forms":{}},"results":{"code":"SUCCESS","msg":[{"type":"TEXT","data":"(no output)"}]},"apps":[],"jobName":"paragraph_1585041978600_-1950117713","id":"20200324-092618_217409480","dateCreated":"2020-03-24T09:26:18+0000","dateStarted":"2020-05-05T17:55:37+0000","dateFinished":"2020-05-05T17:55:37+0000","status":"FINISHED","progressUpdateIntervalMs":500,"$$hashKey":"object:164271"},{"text":"%pgx\n","user":"oracle","dateUpdated":"2020-05-05T17:55:37+0000","config":{"colWidth":12,"fontSize":9,"enabled":true,"results":{},"editorSetting":{"language":"scala","editOnDblClick":false,"completionKey":"TAB"},"editorMode":"ace/mode/scala"},"settings":{"params":{},"forms":{}},"apps":[],"jobName":"paragraph_1588701337840_1453732505","id":"20200505-175537_1181813726","dateCreated":"2020-05-05T17:55:37+0000","status":"READY","progressUpdateIntervalMs":500,"$$hashKey":"object:164272"}],"name":"PGX/0. pgx graph from scratch","id":"2F4D2G9AF","noteParams":{},"noteForms":{},"angularObjects":{"md:shared_process":[],"python:shared_process":[],"sh:shared_process":[],"pgx:shared_process":[],"spark:shared_process":[]},"config":{"isZeppelinNotebookCronEnable":false,"looknfeel":"default","personalizedMode":"false"},"info":{}}